Order_ID,Order_Date,Order_Time,Fulfillment_Date,Fulfillment_Time,Fulfillment_Method,Customer_Name,Customer_Postal_Code,Units_Sold,Revenue,Payment_Type
PN-00001,2026-03-23,11:29:39,2026-03-23,18:39:47,Delivered to Customer,Nathan Murphy,"T5J, Edmonton, AB, Canada",2,CA$66.91,Debit
PN-00002,2026-03-23,13:37:37,2026-03-26,20:11:55,Delivered to Customer,Duong Anh,"T6G, Edmonton, AB, Canada",1,CA$22.97,Debit
PN-00003,2026-03-23,14:37:14,2026-03-23,16:09:40,Picked up at Shop,Jackson Murray,"T6G, Edmonton, AB, Canada",4,CA$127.49,Credit Card
PN-00004,2026-03-23,15:48:01,2026-03-27,12:42:34,Delivered to Customer,Abigail Bell,"T6P, Edmonton, AB, Canada",4,CA$129.06,Debit
PN-00005,2026-03-23,16:17:54,2026-03-23,18:27:24,Delivered to Customer,Phan Minh,"T5N, Edmonton, AB, Canada",1,CA$22.77,Debit
PN-00006,2026-03-23,16:21:49,2026-03-24,11:41:57,Delivered to Customer,Harper Collins,"T6S, Edmonton, AB, Canada",1,CA$25.78,Credit Card
PN-00007,2026-03-23,17:39:18,2026-03-26,13:45:23,Delivered to Customer,Grace Clark,"T5B, Edmonton, AB, Canada",1,CA$55.60,Credit Card
PN-00008,2026-03-23,19:19:03,2026-03-26,16:07:43,Delivered to Customer,Le Duy,"T6P, Edmonton, AB, Canada",2,CA$38.79,Credit Card
PN-00009,2026-03-24,11:11:55,2026-03-25,15:24:14,Delivered to Customer,Pham Quynh,"T5H, Edmonton, AB, Canada",2,CA$66.84,Credit Card
PN-00010,2026-03-24,11:19:28,2026-03-29,12:35:17,Delivered to Customer,Mia Mitchell,"T6S, Edmonton, AB, Canada",1,CA$26.45,E-transfer
PN-00011,2026-03-24,11:23:00,2026-03-30,08:30:37,Delivered to Customer,Hoang Minh,"T6G, Edmonton, AB, Canada",1,CA$27.51,Debit
PN-00012,2026-03-24,12:00:24,2026-03-29,13:38:26,Picked up at Shop,Do Phong,"T5G, Edmonton, AB, Canada",1,CA$27.65,E-transfer
PN-00013,2026-03-24,12:35:59,2026-03-27,11:19:40,Picked up at Shop,Sofia Mitchell,"T6H, Edmonton, AB, Canada",1,CA$17.44,Credit Card
PN-00014,2026-03-24,12:49:10,2026-03-24,14:21:34,Picked up at Shop,Ryan Smith,"T6V, Edmonton, AB, Canada",1,CA$34.38,Credit Card
PN-00015,2026-03-24,13:32:42,2026-03-25,10:58:53,Picked up at Shop,Chloe Carter,"T6E, Edmonton, AB, Canada",2,CA$112.94,E-transfer
PN-00016,2026-03-24,14:38:56,2026-03-24,22:48:59,Picked up at Shop,Nathan King,"T5K, Edmonton, AB, Canada",1,CA$18.12,Credit Card
PN-00017,2026-03-24,14:48:17,2026-03-31,17:24:10,Delivered to Customer,Vu Trung,"T6K, Edmonton, AB, Canada",2,CA$48.90,Credit Card
PN-00018,2026-03-24,16:21:29,2026-03-24,23:04:33,Picked up at Shop,Daniel Cook,"T6C, Edmonton, AB, Canada",1,CA$33.71,Credit Card
PN-00019,2026-03-24,17:24:54,2026-03-29,18:19:22,Delivered to Customer,Huynh Huong,"T6J, Edmonton, AB, Canada",1,CA$30.51,Credit Card
PN-00020,2026-03-24,18:14:04,2026-03-26,14:26:07,Picked up at Shop,Vo Tuan,"T5E, Edmonton, AB, Canada",1,CA$27.35,Debit
PN-00021,2026-03-24,19:48:51,2026-03-28,17:53:28,Delivered to Customer,Jack Smith,"T6J, Edmonton, AB, Canada",2,CA$47.14,Credit Card
PN-00022,2026-03-24,20:00:06,2026-03-30,16:26:47,Delivered to Customer,Phan Quan,"T6T, Edmonton, AB, Canada",4,CA$72.93,Credit Card
PN-00023,2026-03-24,22:40:04,2026-03-26,11:56:25,Delivered to Customer,Elizabeth White,"T6G, Edmonton, AB, Canada",1,CA$16.93,Credit Card
PN-00024,2026-03-25,09:09:03,2026-03-28,19:03:43,Picked up at Shop,Zoey Smith,"T5B, Edmonton, AB, Canada",1,CA$34.57,Credit Card
PN-00025,2026-03-25,10:06:43,2026-03-27,14:17:49,Delivered to Customer,Vu Mai,"T5K, Edmonton, AB, Canada",2,CA$86.21,Credit Card
PN-00026,2026-03-25,12:19:26,2026-03-27,12:12:54,Delivered to Customer,Amelia Thompson,"T6G, Edmonton, AB, Canada",1,CA$58.57,Credit Card
PN-00027,2026-03-25,13:10:20,2026-03-28,15:26:33,Delivered to Customer,Amelia King,"T6J, Edmonton, AB, Canada",1,CA$33.86,Credit Card
PN-00028,2026-03-25,13:22:11,2026-03-29,15:23:17,Picked up at Shop,Alexander Mitchell,"T6N, Edmonton, AB, Canada",1,CA$19.96,Credit Card
PN-00029,2026-03-25,14:22:50,2026-03-29,08:06:27,Delivered to Customer,Jackson Roberts,"T5T, Edmonton, AB, Canada",1,CA$19.31,E-transfer
PN-00030,2026-03-25,14:43:11,2026-03-30,15:23:47,Picked up at Shop,Samuel Bell,"T5N, Edmonton, AB, Canada",1,CA$25.51,Credit Card
PN-00031,2026-03-25,14:43:46,2026-03-26,18:07:02,Delivered to Customer,Charlotte Walker,"T5V, Edmonton, AB, Canada",3,CA$55.28,Credit Card
PN-00032,2026-03-25,15:31:41,2026-04-01,18:48:12,Delivered to Customer,Hoang Thao,"T5B, Edmonton, AB, Canada",2,CA$86.56,E-transfer
PN-00033,2026-03-25,16:56:16,2026-03-30,17:45:07,Picked up at Shop,Ngo Thu,"T6R, Edmonton, AB, Canada",1,CA$19.59,Debit
PN-00034,2026-03-25,16:57:54,2026-03-27,12:18:02,Picked up at Shop,Phan Huong,"T5G, Edmonton, AB, Canada",1,CA$30.45,Credit Card
PN-00035,2026-03-25,17:07:55,2026-03-31,11:38:17,Delivered to Customer,Phan Xuan,"T5V, Edmonton, AB, Canada",2,CA$84.73,Debit
PN-00036,2026-03-25,19:27:26,2026-03-29,13:19:54,Delivered to Customer,Ethan Thompson,"T6G, Edmonton, AB, Canada",1,CA$22.23,Credit Card
PN-00037,2026-03-25,21:04:41,2026-03-29,16:50:03,Picked up at Shop,Phan Trung,"T6G, Edmonton, AB, Canada",1,CA$35.83,Credit Card
PN-00038,2026-03-26,10:18:22,2026-03-30,13:46:08,Delivered to Customer,Abigail Taylor,"T5N, Edmonton, AB, Canada",1,CA$26.38,Credit Card
PN-00039,2026-03-26,10:28:21,2026-03-30,18:55:49,Picked up at Shop,Elizabeth Scott,"T6L, Edmonton, AB, Canada",1,CA$34.90,Credit Card
PN-00040,2026-03-26,11:47:45,2026-03-30,13:13:37,Picked up at Shop,Sebastian Harris,"T5C, Edmonton, AB, Canada",2,CA$46.89,Credit Card
PN-00041,2026-03-26,13:49:47,2026-04-02,15:55:11,Delivered to Customer,Lucas Baker,"T5J, Edmonton, AB, Canada",1,CA$24.37,Debit
PN-00042,2026-03-26,13:54:26,2026-03-27,16:09:04,Delivered to Customer,Sebastian Martin,"T5W, Edmonton, AB, Canada",1,CA$40.07,Credit Card
PN-00043,2026-03-26,14:01:33,2026-04-01,20:48:53,Picked up at Shop,Vu Hoa,"T6E, Edmonton, AB, Canada",3,CA$98.75,Credit Card
PN-00044,2026-03-26,14:03:50,2026-03-27,15:34:47,Picked up at Shop,William Walker,"T6G, Edmonton, AB, Canada",2,CA$86.89,Credit Card
PN-00045,2026-03-26,14:23:59,2026-04-02,15:44:17,Picked up at Shop,Tran Khanh,"T5H, Edmonton, AB, Canada",1,CA$42.49,Credit Card
PN-00046,2026-03-26,15:07:25,2026-03-29,15:01:14,Delivered to Customer,Dang Tuan,"T6R, Edmonton, AB, Canada",2,CA$66.29,E-transfer
PN-00047,2026-03-26,15:33:50,2026-04-02,15:06:18,Delivered to Customer,James Phillips,"T6R, Edmonton, AB, Canada",3,CA$127.63,Credit Card
PN-00048,2026-03-26,15:59:58,2026-03-31,15:38:11,Picked up at Shop,Dang Linh,"T6J, Edmonton, AB, Canada",1,CA$56.97,E-transfer
PN-00049,2026-03-26,16:45:33,2026-03-27,16:09:49,Picked up at Shop,Ho Nga,"T5W, Edmonton, AB, Canada",2,CA$62.40,Debit
PN-00050,2026-03-26,18:06:25,2026-03-30,08:09:05,Delivered to Customer,Ho Cuong,"T5T, Edmonton, AB, Canada",1,CA$32.48,Cash
PN-00051,2026-03-26,18:15:02,2026-03-31,19:58:15,Delivered to Customer,Chloe Murray,"T5E, Edmonton, AB, Canada",1,CA$22.50,Debit
PN-00052,2026-03-26,18:15:24,2026-03-29,20:44:05,Delivered to Customer,Nguyen Duy,"T5L, Edmonton, AB, Canada",3,CA$163.36,Credit Card
PN-00053,2026-03-26,22:14:47,2026-03-28,13:54:35,Picked up at Shop,Alexander Young,"T6H, Edmonton, AB, Canada",1,CA$21.77,Debit
PN-00054,2026-03-26,22:54:15,2026-04-01,16:46:01,Picked up at Shop,Noah Martin,"T5R, Edmonton, AB, Canada",1,CA$45.22,Credit Card
PN-00055,2026-03-27,08:19:00,2026-04-01,16:00:36,Picked up at Shop,Lucas Morrison,"T5Y, Edmonton, AB, Canada",2,CA$63.80,Credit Card
PN-00056,2026-03-27,08:37:04,2026-04-01,16:28:50,Picked up at Shop,Pham Ngoc,"T5J, Edmonton, AB, Canada",1,CA$31.04,Credit Card
PN-00057,2026-03-27,11:26:44,2026-04-02,17:56:29,Delivered to Customer,Victoria Cook,"T5T, Edmonton, AB, Canada",1,CA$54.63,Credit Card
PN-00058,2026-03-27,12:24:14,2026-04-02,09:08:47,Delivered to Customer,Amelia Turner,"T5K, Edmonton, AB, Canada",2,CA$67.05,Cash
PN-00059,2026-03-27,14:17:35,2026-04-03,09:25:52,Delivered to Customer,Do Mai,"T5K, Edmonton, AB, Canada",1,CA$19.62,E-transfer
PN-00060,2026-03-27,14:56:46,2026-03-27,17:07:35,Delivered to Customer,Ava Young,"T5M, Edmonton, AB, Canada",2,CA$49.31,Debit
PN-00061,2026-03-27,15:00:11,2026-03-27,17:11:27,Delivered to Customer,Victoria Brown,"T5L, Edmonton, AB, Canada",2,CA$35.89,E-transfer
PN-00062,2026-03-27,15:16:13,2026-03-27,18:31:00,Picked up at Shop,Grace Walker,"T5T, Edmonton, AB, Canada",1,CA$22.78,Debit
PN-00063,2026-03-27,15:38:06,2026-04-01,15:26:57,Picked up at Shop,Hoang Binh,"T5M, Edmonton, AB, Canada",1,CA$35.11,Credit Card
PN-00064,2026-03-27,16:44:15,2026-03-29,13:40:05,Picked up at Shop,Phan Ngoc,"T6A, Edmonton, AB, Canada",1,CA$56.10,Debit
PN-00065,2026-03-27,17:15:13,2026-04-01,13:28:50,Delivered to Customer,Ngo Chi,"T6M, Edmonton, AB, Canada",2,CA$47.25,Debit
PN-00066,2026-03-27,17:58:44,2026-03-28,18:31:06,Picked up at Shop,Dang Viet,"T6L, Edmonton, AB, Canada",2,CA$84.99,Credit Card
PN-00067,2026-03-27,18:22:43,2026-03-29,13:59:18,Delivered to Customer,Do Cuong,"T5J, Edmonton, AB, Canada",1,CA$41.55,Credit Card
PN-00068,2026-03-27,18:42:27,2026-03-31,14:59:08,Picked up at Shop,Ryan Brown,"T6J, Edmonton, AB, Canada",1,CA$25.72,Debit
PN-00069,2026-03-27,19:00:25,2026-04-03,10:23:32,Picked up at Shop,Jackson Wilson,"T5S, Edmonton, AB, Canada",1,CA$27.25,Debit
PN-00070,2026-03-27,20:22:30,2026-03-27,23:44:52,Picked up at Shop,Ethan Smith,"T6G, Edmonton, AB, Canada",1,CA$25.42,E-transfer
PN-00071,2026-03-27,22:40:23,2026-03-30,11:05:22,Delivered to Customer,Owen Martin,"T5J, Edmonton, AB, Canada",2,CA$113.53,Cash
PN-00072,2026-03-28,08:21:52,2026-03-31,17:25:21,Delivered to Customer,Ly Trang,"T5V, Edmonton, AB, Canada",1,CA$22.23,Credit Card
PN-00073,2026-03-28,09:47:13,2026-04-04,15:36:02,Picked up at Shop,Noah Phillips,"T6B, Edmonton, AB, Canada",4,CA$95.27,Credit Card
PN-00074,2026-03-28,10:55:28,2026-04-03,16:17:16,Picked up at Shop,Le Hai,"T5A, Edmonton, AB, Canada",1,CA$35.23,Debit
PN-00075,2026-03-28,11:57:13,2026-04-01,14:57:57,Delivered to Customer,Daniel Clark,"T5K, Edmonton, AB, Canada",3,CA$97.21,Cash
PN-00076,2026-03-28,12:30:42,2026-04-03,15:22:58,Picked up at Shop,Emma Walker,"T5J, Edmonton, AB, Canada",1,CA$31.94,E-transfer
PN-00077,2026-03-28,12:34:59,2026-04-02,20:59:09,Delivered to Customer,Ngo Yen,"T5H, Edmonton, AB, Canada",1,CA$35.00,Credit Card
PN-00078,2026-03-28,13:08:16,2026-04-04,15:40:37,Delivered to Customer,Phan Kim,"T5V, Edmonton, AB, Canada",2,CA$63.30,Credit Card
PN-00079,2026-03-28,14:39:48,2026-03-31,19:00:23,Picked up at Shop,Dang Thanh,"T6C, Edmonton, AB, Canada",1,CA$35.99,Credit Card
PN-00080,2026-03-28,15:53:43,2026-04-02,13:22:53,Delivered to Customer,Matthew Thompson,"T6R, Edmonton, AB, Canada",1,CA$25.32,Credit Card
PN-00081,2026-03-28,16:28:24,2026-04-03,09:44:43,Delivered to Customer,Pham Hoa,"T6B, Edmonton, AB, Canada",1,CA$33.70,Credit Card
PN-00082,2026-03-28,18:40:14,2026-04-04,19:47:48,Picked up at Shop,Avery Cook,"T5M, Edmonton, AB, Canada",1,CA$24.52,Credit Card
PN-00083,2026-03-28,19:17:00,2026-04-04,12:54:30,Picked up at Shop,Owen Parker,"T6P, Edmonton, AB, Canada",1,CA$42.37,E-transfer
PN-00084,2026-03-28,20:54:13,2026-03-31,13:32:18,Delivered to Customer,Daniel Parker,"T5S, Edmonton, AB, Canada",1,CA$53.20,Credit Card
PN-00085,2026-03-29,08:20:58,2026-04-03,16:47:38,Delivered to Customer,Ngo Van,"T5L, Edmonton, AB, Canada",1,CA$32.36,Credit Card
PN-00086,2026-03-29,08:29:40,2026-04-04,10:08:40,Delivered to Customer,Sebastian Mitchell,"T5G, Edmonton, AB, Canada",1,CA$20.81,Credit Card
PN-00087,2026-03-29,09:13:30,2026-04-04,17:16:53,Delivered to Customer,Henry Wilson,"T5J, Edmonton, AB, Canada",1,CA$33.56,Credit Card
PN-00088,2026-03-29,09:28:22,2026-03-30,10:36:24,Delivered to Customer,Owen Carter,"T5K, Edmonton, AB, Canada",1,CA$23.16,E-transfer
PN-00089,2026-03-29,09:38:30,2026-04-04,15:17:05,Picked up at Shop,Samuel Martin,"T6G, Edmonton, AB, Canada",3,CA$52.85,Credit Card
PN-00090,2026-03-29,11:23:15,2026-03-31,09:05:04,Delivered to Customer,Henry Turner,"T6G, Edmonton, AB, Canada",2,CA$48.92,Debit
PN-00091,2026-03-29,13:45:03,2026-04-01,13:20:40,Picked up at Shop,Lucas Campbell,"T5J, Edmonton, AB, Canada",1,CA$33.64,Credit Card
PN-00092,2026-03-29,14:17:38,2026-04-03,11:22:30,Picked up at Shop,Emma Clark,"T5H, Edmonton, AB, Canada",1,CA$19.64,Debit
PN-00093,2026-03-29,15:24:18,2026-03-31,15:57:13,Delivered to Customer,Le Minh,"T6E, Edmonton, AB, Canada",1,CA$55.09,Debit
PN-00094,2026-03-29,15:46:37,2026-04-02,17:29:47,Picked up at Shop,Sebastian Walker,"T6E, Edmonton, AB, Canada",1,CA$44.30,E-transfer
PN-00095,2026-03-29,16:09:12,2026-03-30,09:19:10,Picked up at Shop,Ryan Collins,"T6M, Edmonton, AB, Canada",1,CA$44.90,Debit
PN-00096,2026-03-29,16:50:15,2026-04-04,11:27:12,Delivered to Customer,Ava Edwards,"T6G, Edmonton, AB, Canada",1,CA$33.52,Credit Card
PN-00097,2026-03-29,17:49:19,2026-04-03,13:51:20,Delivered to Customer,Vu Giang,"T5K, Edmonton, AB, Canada",1,CA$17.89,Credit Card
PN-00098,2026-03-29,17:55:29,2026-03-29,20:55:06,Delivered to Customer,Abigail King,"T5L, Edmonton, AB, Canada",1,CA$33.16,Credit Card
PN-00099,2026-03-30,09:06:24,2026-04-03,15:45:38,Picked up at Shop,Ava Parker,"T5S, Edmonton, AB, Canada",1,CA$41.19,Credit Card
PN-00100,2026-03-30,09:15:12,2026-04-06,08:26:07,Delivered to Customer,Bui Xuan,"T5A, Edmonton, AB, Canada",1,CA$25.86,E-transfer
PN-00101,2026-03-30,10:51:25,2026-03-30,19:15:48,Delivered to Customer,Sebastian Brown,"T6N, Edmonton, AB, Canada",3,CA$55.87,Credit Card
PN-00102,2026-03-30,12:16:38,2026-03-31,14:53:51,Delivered to Customer,Bui Cuong,"T5A, Edmonton, AB, Canada",1,CA$25.67,Credit Card
PN-00103,2026-03-30,12:23:22,2026-04-06,09:58:07,Picked up at Shop,Sophia Johnson,"T5K, Edmonton, AB, Canada",2,CA$39.96,E-transfer
PN-00104,2026-03-30,12:33:04,2026-04-05,14:14:10,Delivered to Customer,Jackson Murray,"T6X, Edmonton, AB, Canada",3,CA$125.56,Cash
PN-00105,2026-03-30,13:00:21,2026-03-31,17:16:21,Picked up at Shop,Elizabeth Green,"T5V, Edmonton, AB, Canada",3,CA$94.72,Credit Card
PN-00106,2026-03-30,13:05:09,2026-04-01,15:48:37,Picked up at Shop,Sofia Edwards,"T5S, Edmonton, AB, Canada",1,CA$24.87,Credit Card
PN-00107,2026-03-30,15:37:15,2026-04-03,12:14:05,Delivered to Customer,Le Cuong,"T5L, Edmonton, AB, Canada",2,CA$66.41,Credit Card
PN-00108,2026-03-30,16:18:16,2026-03-31,19:04:31,Delivered to Customer,Phan Phong,"T6C, Edmonton, AB, Canada",1,CA$17.25,Debit
PN-00109,2026-03-30,16:30:29,2026-04-04,14:29:41,Delivered to Customer,Isabella King,"T6P, Edmonton, AB, Canada",1,CA$33.72,Credit Card
PN-00110,2026-03-30,20:07:56,2026-04-05,11:12:04,Delivered to Customer,Dang Vy,"T5R, Edmonton, AB, Canada",1,CA$44.47,Credit Card
PN-00111,2026-03-30,21:49:36,2026-04-06,14:42:33,Delivered to Customer,Le Cuong,"T5B, Edmonton, AB, Canada",1,CA$33.05,Credit Card
PN-00112,2026-03-31,10:01:05,2026-04-04,15:23:06,Delivered to Customer,Jack Walker,"T5T, Edmonton, AB, Canada",1,CA$33.18,Credit Card
PN-00113,2026-03-31,10:08:31,2026-04-06,15:15:07,Delivered to Customer,Tran Vy,"T6E, Edmonton, AB, Canada",1,CA$17.36,Debit
PN-00114,2026-03-31,10:43:49,2026-04-06,15:25:25,Delivered to Customer,Michael Murphy,"T5K, Edmonton, AB, Canada",2,CA$47.73,Debit
PN-00115,2026-03-31,11:19:21,2026-03-31,13:02:18,Delivered to Customer,David Morrison,"T5X, Edmonton, AB, Canada",2,CA$63.02,Debit
PN-00116,2026-03-31,11:22:52,2026-04-02,17:09:00,Picked up at Shop,Liam Lewis,"T6W, Edmonton, AB, Canada",3,CA$74.56,Credit Card
PN-00117,2026-03-31,11:24:20,2026-04-05,20:30:37,Delivered to Customer,Ella Thompson,"T5J, Edmonton, AB, Canada",1,CA$31.74,Credit Card
PN-00118,2026-03-31,12:17:14,2026-04-02,14:06:19,Picked up at Shop,Ly Cuong,"T6X, Edmonton, AB, Canada",1,CA$32.19,Credit Card
PN-00119,2026-03-31,12:29:03,2026-04-05,08:19:45,Delivered to Customer,Zoey Morrison,"T6G, Edmonton, AB, Canada",2,CA$62.12,E-transfer
PN-00120,2026-03-31,13:08:49,2026-04-03,13:31:01,Delivered to Customer,Jack Phillips,"T5K, Edmonton, AB, Canada",1,CA$55.27,Credit Card
PN-00121,2026-03-31,13:53:47,2026-04-04,12:56:40,Picked up at Shop,Avery Bell,"T5K, Edmonton, AB, Canada",3,CA$71.99,Debit
PN-00122,2026-03-31,14:26:48,2026-04-04,14:33:44,Delivered to Customer,Jack Stewart,"T5L, Edmonton, AB, Canada",2,CA$46.66,Credit Card
PN-00123,2026-03-31,15:03:30,2026-04-02,15:29:43,Delivered to Customer,David Clark,"T5T, Edmonton, AB, Canada",1,CA$40.09,Credit Card
PN-00124,2026-03-31,15:44:14,2026-04-04,15:31:19,Delivered to Customer,Emma Taylor,"T6E, Edmonton, AB, Canada",1,CA$27.15,Debit
PN-00125,2026-03-31,16:06:33,2026-04-02,12:05:45,Delivered to Customer,Charlotte Collins,"T5M, Edmonton, AB, Canada",1,CA$24.84,Credit Card
PN-00126,2026-03-31,16:21:36,2026-04-06,08:06:57,Delivered to Customer,Dang Quynh,"T5L, Edmonton, AB, Canada",1,CA$25.47,Debit
PN-00127,2026-03-31,16:55:21,2026-04-03,18:16:08,Delivered to Customer,Dang Hoa,"T5T, Edmonton, AB, Canada",3,CA$95.10,Cash
PN-00128,2026-03-31,17:18:38,2026-04-06,18:44:20,Delivered to Customer,Emily Stewart,"T6J, Edmonton, AB, Canada",1,CA$55.77,E-transfer
PN-00129,2026-03-31,18:18:01,2026-03-31,22:07:54,Delivered to Customer,Dang Van,"T5M, Edmonton, AB, Canada",1,CA$35.40,E-transfer
PN-00130,2026-03-31,19:51:20,2026-03-31,23:17:36,Picked up at Shop,Nguyen Phong,"T6C, Edmonton, AB, Canada",2,CA$62.33,Credit Card
PN-00131,2026-03-31,21:07:24,2026-04-01,16:21:38,Delivered to Customer,Ly Bao,"T6K, Edmonton, AB, Canada",1,CA$33.06,Debit
PN-00132,2026-04-01,08:52:12,2026-04-04,10:31:08,Delivered to Customer,Benjamin Campbell,"T5P, Edmonton, AB, Canada",2,CA$112.83,Debit
PN-00133,2026-04-01,11:10:05,2026-04-04,14:07:04,Delivered to Customer,James Bell,"T6G, Edmonton, AB, Canada",1,CA$35.00,Credit Card
PN-00134,2026-04-01,11:29:22,2026-04-01,13:42:26,Delivered to Customer,Lucas Wright,"T6H, Edmonton, AB, Canada",1,CA$44.09,E-transfer
PN-00135,2026-04-01,11:35:16,2026-04-02,09:11:09,Picked up at Shop,Mia Cook,"T5Y, Edmonton, AB, Canada",1,CA$31.74,Debit
PN-00136,2026-04-01,11:43:21,2026-04-08,16:23:42,Delivered to Customer,Sophia Stewart,"T5B, Edmonton, AB, Canada",1,CA$18.74,Debit
PN-00137,2026-04-01,11:57:36,2026-04-01,22:31:43,Delivered to Customer,David Edwards,"T5J, Edmonton, AB, Canada",3,CA$165.81,Debit
PN-00138,2026-04-01,12:29:27,2026-04-05,16:32:54,Picked up at Shop,Ho Thanh,"T5J, Edmonton, AB, Canada",1,CA$26.32,Credit Card
PN-00139,2026-04-01,12:40:29,2026-04-03,14:17:50,Picked up at Shop,Ho Giang,"T6P, Edmonton, AB, Canada",1,CA$24.83,Debit
PN-00140,2026-04-01,12:43:58,2026-04-05,16:37:22,Delivered to Customer,Ava Brown,"T5J, Edmonton, AB, Canada",2,CA$49.99,Credit Card
PN-00141,2026-04-01,13:44:21,2026-04-08,16:20:48,Delivered to Customer,Alexander Martin,"T6N, Edmonton, AB, Canada",1,CA$44.53,Credit Card
PN-00142,2026-04-01,15:09:54,2026-04-02,16:02:54,Picked up at Shop,Jackson Johnson,"T6R, Edmonton, AB, Canada",1,CA$32.27,E-transfer
PN-00143,2026-04-01,16:23:57,2026-04-04,15:12:16,Delivered to Customer,Amelia Walker,"T5Y, Edmonton, AB, Canada",1,CA$34.74,Credit Card
PN-00144,2026-04-01,16:36:30,2026-04-01,22:20:05,Picked up at Shop,Tran Minh,"T6M, Edmonton, AB, Canada",1,CA$25.28,Credit Card
PN-00145,2026-04-01,18:47:09,2026-04-03,10:46:41,Delivered to Customer,Phan Vy,"T6H, Edmonton, AB, Canada",1,CA$27.40,E-transfer
PN-00146,2026-04-01,20:35:51,2026-04-02,08:28:27,Picked up at Shop,Victoria Wilson,"T6G, Edmonton, AB, Canada",1,CA$18.99,Credit Card
PN-00147,2026-04-02,08:22:34,2026-04-07,20:18:59,Picked up at Shop,Emily Anderson,"T6L, Edmonton, AB, Canada",1,CA$25.21,Credit Card
PN-00148,2026-04-02,08:41:12,2026-04-06,15:25:39,Delivered to Customer,James Morrison,"T6S, Edmonton, AB, Canada",4,CA$126.19,Credit Card
PN-00149,2026-04-02,09:27:28,2026-04-05,11:08:13,Delivered to Customer,Noah Wright,"T5G, Edmonton, AB, Canada",2,CA$65.66,E-transfer
PN-00150,2026-04-02,09:38:47,2026-04-02,15:56:33,Picked up at Shop,Zoey Wilson,"T6M, Edmonton, AB, Canada",1,CA$20.34,Credit Card
PN-00151,2026-04-02,11:20:34,2026-04-09,19:32:14,Picked up at Shop,Daniel King,"T5J, Edmonton, AB, Canada",1,CA$44.87,Debit
PN-00152,2026-04-02,11:31:45,2026-04-08,12:35:30,Delivered to Customer,Isabella Collins,"T5V, Edmonton, AB, Canada",1,CA$16.71,Debit
PN-00153,2026-04-02,11:43:56,2026-04-07,09:22:12,Delivered to Customer,Alexander King,"T5J, Edmonton, AB, Canada",1,CA$26.52,Cash
PN-00154,2026-04-02,12:07:55,2026-04-02,12:24:12,Picked up at Shop,Tran Giang,"T5J, Edmonton, AB, Canada",1,CA$23.88,Debit
PN-00155,2026-04-02,12:35:24,2026-04-05,16:25:30,Picked up at Shop,Ava Scott,"T6S, Edmonton, AB, Canada",1,CA$34.88,E-transfer
PN-00156,2026-04-02,12:41:42,2026-04-05,14:28:45,Delivered to Customer,Ethan Baker,"T6L, Edmonton, AB, Canada",1,CA$41.91,Debit
PN-00157,2026-04-02,13:15:59,2026-04-03,20:45:39,Delivered to Customer,Hoang Thu,"T5K, Edmonton, AB, Canada",2,CA$48.23,Cash
PN-00158,2026-04-02,13:27:17,2026-04-04,17:02:15,Picked up at Shop,Owen Thompson,"T5J, Edmonton, AB, Canada",2,CA$49.53,Credit Card
PN-00159,2026-04-02,14:13:27,2026-04-03,20:24:31,Delivered to Customer,Avery Brown,"T5K, Edmonton, AB, Canada",1,CA$33.19,Debit
PN-00160,2026-04-02,16:06:58,2026-04-02,21:02:44,Picked up at Shop,Zoey Roberts,"T6R, Edmonton, AB, Canada",3,CA$127.55,Cash
PN-00161,2026-04-02,16:15:42,2026-04-07,17:46:53,Picked up at Shop,Noah Martin,"T5L, Edmonton, AB, Canada",3,CA$164.72,E-transfer
PN-00162,2026-04-02,16:34:25,2026-04-09,09:49:33,Delivered to Customer,Owen Wright,"T6G, Edmonton, AB, Canada",1,CA$45.71,Credit Card
PN-00163,2026-04-02,17:12:06,2026-04-05,17:49:34,Delivered to Customer,Olivia Green,"T6J, Edmonton, AB, Canada",1,CA$44.86,Debit
PN-00164,2026-04-02,17:45:33,2026-04-03,12:53:16,Picked up at Shop,Liam Edwards,"T5J, Edmonton, AB, Canada",1,CA$25.83,Debit
PN-00165,2026-04-02,18:01:03,2026-04-08,19:03:37,Picked up at Shop,Bui Giang,"T5C, Edmonton, AB, Canada",1,CA$41.56,Credit Card
PN-00166,2026-04-02,18:40:39,2026-04-05,13:39:41,Delivered to Customer,Tran Quynh,"T5S, Edmonton, AB, Canada",2,CA$62.25,Debit
PN-00167,2026-04-03,09:41:25,2026-04-03,22:41:54,Picked up at Shop,Liam Carter,"T5H, Edmonton, AB, Canada",1,CA$22.65,Credit Card
PN-00168,2026-04-03,10:36:28,2026-04-04,13:32:04,Delivered to Customer,Do Kim,"T5J, Edmonton, AB, Canada",1,CA$22.15,Debit
PN-00169,2026-04-03,11:15:44,2026-04-08,12:41:23,Delivered to Customer,David Johnson,"T6G, Edmonton, AB, Canada",1,CA$58.47,Credit Card
PN-00170,2026-04-03,11:44:33,2026-04-06,17:51:20,Delivered to Customer,Grace Carter,"T6S, Edmonton, AB, Canada",1,CA$33.94,Credit Card
PN-00171,2026-04-03,15:00:54,2026-04-04,20:14:36,Delivered to Customer,Ethan Parker,"T5H, Edmonton, AB, Canada",1,CA$44.79,Debit
PN-00172,2026-04-03,15:29:01,2026-04-10,12:20:17,Delivered to Customer,Alexander Roberts,"T6E, Edmonton, AB, Canada",2,CA$48.73,Cash
PN-00173,2026-04-03,15:36:55,2026-04-04,13:56:26,Delivered to Customer,Grace Anderson,"T6P, Edmonton, AB, Canada",1,CA$32.69,Credit Card
PN-00174,2026-04-03,16:19:49,2026-04-05,10:59:34,Delivered to Customer,Samuel White,"T5N, Edmonton, AB, Canada",2,CA$46.71,Credit Card
PN-00175,2026-04-03,16:32:06,2026-04-05,10:49:12,Picked up at Shop,Emma Clark,"T6G, Edmonton, AB, Canada",1,CA$35.58,Cash
PN-00176,2026-04-03,16:43:23,2026-04-05,12:55:02,Picked up at Shop,Huynh Giang,"T6G, Edmonton, AB, Canada",2,CA$113.43,Credit Card
PN-00177,2026-04-03,17:19:18,2026-04-09,13:18:07,Delivered to Customer,Matthew Martin,"T6X, Edmonton, AB, Canada",1,CA$42.13,Credit Card
PN-00178,2026-04-03,18:02:08,2026-04-09,12:40:28,Picked up at Shop,Ella White,"T5X, Edmonton, AB, Canada",2,CA$66.92,Credit Card
PN-00179,2026-04-03,18:46:29,2026-04-05,18:23:43,Picked up at Shop,Avery Lewis,"T5G, Edmonton, AB, Canada",1,CA$53.58,Credit Card
PN-00180,2026-04-03,19:29:01,2026-04-08,11:03:36,Delivered to Customer,Grace Collins,"T6E, Edmonton, AB, Canada",1,CA$45.72,Credit Card
PN-00181,2026-04-03,19:48:06,2026-04-06,11:56:39,Delivered to Customer,Huynh Lan,"T5T, Edmonton, AB, Canada",1,CA$23.02,E-transfer
PN-00182,2026-04-03,20:43:28,2026-04-07,15:38:48,Delivered to Customer,Vo Ngoc,"T6G, Edmonton, AB, Canada",1,CA$31.01,Debit
PN-00183,2026-04-03,21:47:17,2026-04-03,23:58:21,Picked up at Shop,Charlotte Smith,"T5E, Edmonton, AB, Canada",2,CA$47.69,E-transfer
PN-00184,2026-04-04,10:10:56,2026-04-10,14:53:29,Delivered to Customer,Pham Nga,"T6M, Edmonton, AB, Canada",1,CA$16.82,Credit Card
PN-00185,2026-04-04,11:25:32,2026-04-05,10:22:51,Delivered to Customer,Ava Mitchell,"T6G, Edmonton, AB, Canada",1,CA$34.41,Debit
PN-00186,2026-04-04,11:32:14,2026-04-05,13:59:02,Delivered to Customer,Nathan Mitchell,"T5K, Edmonton, AB, Canada",1,CA$43.76,E-transfer
PN-00187,2026-04-04,12:40:14,2026-04-04,17:08:51,Delivered to Customer,Amelia Walker,"T6E, Edmonton, AB, Canada",1,CA$44.40,Credit Card
PN-00188,2026-04-04,14:55:07,2026-04-07,11:40:56,Delivered to Customer,Henry Smith,"T5B, Edmonton, AB, Canada",1,CA$34.26,Credit Card
PN-00189,2026-04-04,14:57:23,2026-04-08,10:15:40,Delivered to Customer,Lucas Campbell,"T6H, Edmonton, AB, Canada",2,CA$64.94,Debit
PN-00190,2026-04-04,15:48:00,2026-04-09,11:34:30,Delivered to Customer,Dang Kim,"T6V, Edmonton, AB, Canada",1,CA$30.69,Credit Card
PN-00191,2026-04-04,16:07:51,2026-04-09,12:25:45,Delivered to Customer,Ryan Parker,"T5V, Edmonton, AB, Canada",1,CA$23.29,E-transfer
PN-00192,2026-04-04,16:41:34,2026-04-10,11:03:35,Picked up at Shop,Bui Kim,"T5A, Edmonton, AB, Canada",1,CA$27.47,Credit Card
PN-00193,2026-04-04,17:09:22,2026-04-07,11:19:28,Delivered to Customer,Mia Murray,"T5K, Edmonton, AB, Canada",1,CA$56.68,Credit Card
PN-00194,2026-04-04,17:16:22,2026-04-04,23:50:48,Delivered to Customer,Matthew Carter,"T6A, Edmonton, AB, Canada",1,CA$33.11,Credit Card
PN-00195,2026-04-04,17:25:36,2026-04-07,19:10:53,Delivered to Customer,Amelia Baker,"T6B, Edmonton, AB, Canada",3,CA$71.29,Debit
PN-00196,2026-04-04,17:43:46,2026-04-04,18:03:29,Picked up at Shop,Nathan Martin,"T5G, Edmonton, AB, Canada",2,CA$35.70,Credit Card
PN-00197,2026-04-04,19:53:57,2026-04-07,20:52:50,Delivered to Customer,Michael Wilson,"T5J, Edmonton, AB, Canada",1,CA$34.40,Credit Card
PN-00198,2026-04-04,22:35:15,2026-04-06,15:06:47,Delivered to Customer,Zoey Campbell,"T6A, Edmonton, AB, Canada",1,CA$41.81,Credit Card
PN-00199,2026-04-05,08:52:14,2026-04-06,14:30:24,Delivered to Customer,Ngo Viet,"T6E, Edmonton, AB, Canada",1,CA$33.04,Credit Card
PN-00200,2026-04-05,09:57:21,2026-04-12,19:46:25,Picked up at Shop,Sophia Edwards,"T5K, Edmonton, AB, Canada",4,CA$95.39,Credit Card
PN-00201,2026-04-05,10:06:26,2026-04-06,12:51:40,Picked up at Shop,Huynh Trang,"T6K, Edmonton, AB, Canada",1,CA$22.85,Debit
PN-00202,2026-04-05,10:09:10,2026-04-12,12:33:46,Picked up at Shop,Noah Murphy,"T6E, Edmonton, AB, Canada",1,CA$22.90,Credit Card
PN-00203,2026-04-05,11:14:11,2026-04-11,16:13:48,Delivered to Customer,Ryan Mitchell,"T6T, Edmonton, AB, Canada",1,CA$32.90,Debit
PN-00204,2026-04-05,11:29:53,2026-04-06,12:58:06,Delivered to Customer,Hoang An,"T6G, Edmonton, AB, Canada",2,CA$48.63,E-transfer
PN-00205,2026-04-05,11:43:41,2026-04-05,19:27:01,Delivered to Customer,Nathan Murphy,"T6G, Edmonton, AB, Canada",2,CA$46.06,Credit Card
PN-00206,2026-04-05,12:08:54,2026-04-09,13:17:33,Delivered to Customer,Victoria Clark,"T6G, Edmonton, AB, Canada",1,CA$25.68,Debit
PN-00207,2026-04-05,12:40:46,2026-04-09,08:30:29,Delivered to Customer,Hoang Phuong,"T5H, Edmonton, AB, Canada",2,CA$36.50,Credit Card
PN-00208,2026-04-05,13:07:24,2026-04-06,14:44:12,Delivered to Customer,Duong Bao,"T6G, Edmonton, AB, Canada",1,CA$30.40,Debit
PN-00209,2026-04-05,13:24:49,2026-04-08,14:22:40,Delivered to Customer,Dang Mai,"T5M, Edmonton, AB, Canada",1,CA$32.42,Credit Card
PN-00210,2026-04-05,14:41:23,2026-04-08,16:46:13,Delivered to Customer,Pham Minh,"T6B, Edmonton, AB, Canada",1,CA$41.98,Cash
PN-00211,2026-04-05,15:05:27,2026-04-09,15:51:47,Picked up at Shop,Ella Young,"T6G, Edmonton, AB, Canada",2,CA$108.55,Cash
PN-00212,2026-04-05,16:01:11,2026-04-07,16:00:20,Delivered to Customer,Isabella Cook,"T6C, Edmonton, AB, Canada",1,CA$31.82,Cash
PN-00213,2026-04-05,16:07:15,2026-04-08,17:35:25,Delivered to Customer,Ella Carter,"T5T, Edmonton, AB, Canada",1,CA$35.30,E-transfer
PN-00214,2026-04-05,16:50:01,2026-04-07,20:45:09,Picked up at Shop,Ryan Scott,"T5S, Edmonton, AB, Canada",1,CA$24.09,Credit Card
PN-00215,2026-04-05,16:52:21,2026-04-10,12:54:29,Picked up at Shop,Ngo Trang,"T5N, Edmonton, AB, Canada",2,CA$109.15,Credit Card
PN-00216,2026-04-05,16:59:39,2026-04-05,18:46:37,Delivered to Customer,Emma Campbell,"T5T, Edmonton, AB, Canada",3,CA$166.02,Credit Card
PN-00217,2026-04-05,17:02:25,2026-04-09,17:30:25,Delivered to Customer,Harper Green,"T5N, Edmonton, AB, Canada",4,CA$171.18,E-transfer
PN-00218,2026-04-05,17:17:02,2026-04-12,15:31:11,Delivered to Customer,Chloe Martin,"T5J, Edmonton, AB, Canada",1,CA$40.92,Debit
PN-00219,2026-04-05,17:25:40,2026-04-07,20:07:03,Delivered to Customer,Abigail Martin,"T6K, Edmonton, AB, Canada",1,CA$43.93,Debit
PN-00220,2026-04-05,17:39:55,2026-04-10,17:53:43,Picked up at Shop,Huynh Xuan,"T5W, Edmonton, AB, Canada",1,CA$19.99,Credit Card
PN-00221,2026-04-05,17:54:48,2026-04-05,18:30:17,Delivered to Customer,Benjamin Green,"T5J, Edmonton, AB, Canada",1,CA$23.19,Credit Card
PN-00222,2026-04-05,18:18:38,2026-04-07,10:00:19,Delivered to Customer,Matthew Stewart,"T5L, Edmonton, AB, Canada",2,CA$64.78,Credit Card
PN-00223,2026-04-05,18:19:05,2026-04-06,09:11:46,Delivered to Customer,Nguyen Phuong,"T6B, Edmonton, AB, Canada",1,CA$22.49,Debit
PN-00224,2026-04-05,18:48:30,2026-04-08,12:57:55,Delivered to Customer,Isabella Campbell,"T5J, Edmonton, AB, Canada",2,CA$46.84,Credit Card
PN-00225,2026-04-05,19:00:51,2026-04-08,19:53:12,Delivered to Customer,Dang Yen,"T5V, Edmonton, AB, Canada",1,CA$33.47,Credit Card
PN-00226,2026-04-05,19:54:31,2026-04-12,17:10:02,Picked up at Shop,Benjamin Murray,"T5L, Edmonton, AB, Canada",4,CA$97.88,Debit
PN-00227,2026-04-05,20:54:59,2026-04-09,09:13:21,Picked up at Shop,Michael Wilson,"T5G, Edmonton, AB, Canada",1,CA$23.57,E-transfer
PN-00228,2026-04-06,08:23:56,2026-04-08,10:20:23,Delivered to Customer,Olivia Mitchell,"T5V, Edmonton, AB, Canada",1,CA$40.05,Credit Card
PN-00229,2026-04-06,10:40:45,2026-04-11,15:21:41,Picked up at Shop,Do Nam,"T6G, Edmonton, AB, Canada",1,CA$42.63,Debit
PN-00230,2026-04-06,12:22:55,2026-04-12,14:15:16,Picked up at Shop,Ella Turner,"T5T, Edmonton, AB, Canada",4,CA$170.58,E-transfer
PN-00231,2026-04-06,13:10:16,2026-04-07,10:26:27,Picked up at Shop,Sebastian Johnson,"T6G, Edmonton, AB, Canada",1,CA$25.58,Debit
PN-00232,2026-04-06,13:14:38,2026-04-09,18:08:08,Picked up at Shop,Noah Wilson,"T5T, Edmonton, AB, Canada",2,CA$84.75,Credit Card
PN-00233,2026-04-06,13:19:42,2026-04-06,16:00:48,Delivered to Customer,Dang Hoa,"T5K, Edmonton, AB, Canada",2,CA$50.34,Credit Card
PN-00234,2026-04-06,14:38:24,2026-04-11,13:00:30,Delivered to Customer,Ho Trang,"T6P, Edmonton, AB, Canada",1,CA$44.24,Cash
PN-00235,2026-04-06,15:02:46,2026-04-07,12:59:08,Delivered to Customer,Dang Mai,"T5M, Edmonton, AB, Canada",1,CA$26.02,E-transfer
PN-00236,2026-04-06,15:18:22,2026-04-06,17:19:27,Picked up at Shop,Vu Duy,"T6J, Edmonton, AB, Canada",1,CA$19.60,Credit Card
PN-00237,2026-04-06,15:25:16,2026-04-07,16:41:14,Delivered to Customer,Phan Nam,"T5B, Edmonton, AB, Canada",1,CA$32.55,Credit Card
PN-00238,2026-04-06,15:29:08,2026-04-12,12:16:26,Delivered to Customer,Nathan Martin,"T5C, Edmonton, AB, Canada",1,CA$30.61,E-transfer
PN-00239,2026-04-06,15:38:42,2026-04-06,17:06:34,Delivered to Customer,Elizabeth Stewart,"T5J, Edmonton, AB, Canada",1,CA$32.53,Credit Card
PN-00240,2026-04-06,16:10:18,2026-04-12,10:16:47,Picked up at Shop,Avery Cook,"T6J, Edmonton, AB, Canada",1,CA$25.21,Credit Card
PN-00241,2026-04-06,16:19:10,2026-04-08,18:24:55,Picked up at Shop,Bui Xuan,"T6E, Edmonton, AB, Canada",1,CA$35.23,Credit Card
PN-00242,2026-04-06,16:38:25,2026-04-13,13:18:02,Delivered to Customer,Jackson Taylor,"T6M, Edmonton, AB, Canada",2,CA$48.02,Credit Card
PN-00243,2026-04-06,17:56:52,2026-04-06,22:53:17,Delivered to Customer,Ngo Binh,"T5C, Edmonton, AB, Canada",1,CA$16.67,Debit
PN-00244,2026-04-06,20:48:14,2026-04-12,14:06:08,Picked up at Shop,Jack Green,"T6J, Edmonton, AB, Canada",1,CA$35.51,E-transfer
PN-00245,2026-04-06,21:14:52,2026-04-13,15:02:04,Delivered to Customer,Pham Hanh,"T5G, Edmonton, AB, Canada",2,CA$49.82,Credit Card
PN-00246,2026-04-06,21:51:30,2026-04-12,20:16:46,Picked up at Shop,Jack Thompson,"T6B, Edmonton, AB, Canada",1,CA$56.69,Debit
PN-00247,2026-04-07,10:20:35,2026-04-10,15:44:51,Delivered to Customer,Henry Collins,"T6E, Edmonton, AB, Canada",2,CA$49.01,Credit Card
PN-00248,2026-04-07,10:51:21,2026-04-13,18:17:00,Delivered to Customer,Ngo Minh,"T6E, Edmonton, AB, Canada",1,CA$43.81,Credit Card
PN-00249,2026-04-07,10:56:26,2026-04-10,11:01:45,Delivered to Customer,Dang Phong,"T5M, Edmonton, AB, Canada",1,CA$24.33,E-transfer
PN-00250,2026-04-07,11:45:08,2026-04-07,17:59:44,Delivered to Customer,Duong Ngoc,"T5C, Edmonton, AB, Canada",2,CA$50.19,Debit
PN-00251,2026-04-07,13:48:34,2026-04-11,10:36:05,Picked up at Shop,Emily Wilson,"T5K, Edmonton, AB, Canada",4,CA$95.75,Credit Card
PN-00252,2026-04-07,14:42:07,2026-04-14,17:01:09,Picked up at Shop,Do Vy,"T5B, Edmonton, AB, Canada",4,CA$75.84,Debit
PN-00253,2026-04-07,15:08:19,2026-04-14,17:34:08,Delivered to Customer,James Martin,"T5A, Edmonton, AB, Canada",1,CA$17.74,E-transfer
PN-00254,2026-04-07,15:16:52,2026-04-13,14:35:26,Delivered to Customer,Vo Anh,"T6A, Edmonton, AB, Canada",1,CA$34.12,Debit
PN-00255,2026-04-07,16:10:50,2026-04-12,10:14:54,Delivered to Customer,Evelyn Edwards,"T6G, Edmonton, AB, Canada",2,CA$46.02,E-transfer
PN-00256,2026-04-07,16:40:16,2026-04-14,14:41:11,Picked up at Shop,Ngo Kim,"T5B, Edmonton, AB, Canada",1,CA$30.83,Debit
PN-00257,2026-04-07,18:38:16,2026-04-08,09:01:20,Delivered to Customer,Ly Hoa,"T6T, Edmonton, AB, Canada",1,CA$34.74,Credit Card
PN-00258,2026-04-07,19:08:12,2026-04-10,11:54:58,Delivered to Customer,Alexander Lewis,"T5E, Edmonton, AB, Canada",2,CA$46.80,Credit Card
PN-00259,2026-04-07,22:25:48,2026-04-07,22:54:04,Delivered to Customer,Zoey Edwards,"T6X, Edmonton, AB, Canada",2,CA$111.00,Credit Card
PN-00260,2026-04-07,22:30:58,2026-04-12,19:15:29,Picked up at Shop,Tran Kim,"T6L, Edmonton, AB, Canada",4,CA$166.42,Credit Card
PN-00261,2026-04-08,08:40:13,2026-04-12,08:56:45,Delivered to Customer,Zoey Murray,"T5W, Edmonton, AB, Canada",1,CA$40.36,Cash
PN-00262,2026-04-08,09:42:34,2026-04-08,16:19:29,Delivered to Customer,Avery Collins,"T6B, Edmonton, AB, Canada",1,CA$44.55,Debit
PN-00263,2026-04-08,10:14:58,2026-04-09,13:42:21,Delivered to Customer,Ly Trang,"T6E, Edmonton, AB, Canada",1,CA$32.75,Debit
PN-00264,2026-04-08,10:21:06,2026-04-11,11:48:16,Delivered to Customer,Matthew Edwards,"T5V, Edmonton, AB, Canada",1,CA$34.57,Credit Card
PN-00265,2026-04-08,10:24:24,2026-04-12,20:36:23,Picked up at Shop,Huynh Vy,"T5P, Edmonton, AB, Canada",1,CA$23.77,Cash
PN-00266,2026-04-08,11:32:33,2026-04-10,15:09:38,Delivered to Customer,Amelia Johnson,"T6K, Edmonton, AB, Canada",1,CA$16.07,Credit Card
PN-00267,2026-04-08,11:44:19,2026-04-14,08:22:41,Delivered to Customer,Abigail Bell,"T5A, Edmonton, AB, Canada",2,CA$63.01,Debit
PN-00268,2026-04-08,13:17:57,2026-04-10,15:30:57,Delivered to Customer,Ava Roberts,"T5K, Edmonton, AB, Canada",1,CA$25.65,Debit
PN-00269,2026-04-08,13:20:55,2026-04-09,12:29:36,Picked up at Shop,Nathan King,"T5Y, Edmonton, AB, Canada",1,CA$19.76,E-transfer
PN-00270,2026-04-08,14:48:47,2026-04-09,11:17:35,Picked up at Shop,Chloe Wilson,"T6V, Edmonton, AB, Canada",1,CA$31.49,Credit Card
PN-00271,2026-04-08,15:10:01,2026-04-10,12:15:14,Picked up at Shop,Olivia Green,"T5L, Edmonton, AB, Canada",1,CA$26.98,Credit Card
PN-00272,2026-04-08,15:12:03,2026-04-10,09:33:19,Delivered to Customer,Ly Phong,"T6G, Edmonton, AB, Canada",3,CA$56.74,Credit Card
PN-00273,2026-04-08,15:52:25,2026-04-15,15:12:06,Delivered to Customer,Ly Nam,"T5L, Edmonton, AB, Canada",1,CA$40.67,E-transfer
PN-00274,2026-04-08,16:01:55,2026-04-11,15:37:51,Picked up at Shop,Emma Scott,"T5Z, Edmonton, AB, Canada",1,CA$31.06,Credit Card
PN-00275,2026-04-08,19:26:26,2026-04-12,17:55:34,Delivered to Customer,Dang Nga,"T6G, Edmonton, AB, Canada",2,CA$46.04,E-transfer
PN-00276,2026-04-08,22:59:37,2026-04-15,13:31:10,Delivered to Customer,Daniel Martin,"T6R, Edmonton, AB, Canada",1,CA$33.23,Credit Card
PN-00277,2026-04-09,08:08:21,2026-04-10,14:32:19,Delivered to Customer,Sophia Campbell,"T6R, Edmonton, AB, Canada",1,CA$31.94,Credit Card
PN-00278,2026-04-09,08:11:08,2026-04-15,12:50:10,Picked up at Shop,Mia Mitchell,"T6T, Edmonton, AB, Canada",4,CA$130.73,Cash
PN-00279,2026-04-09,08:13:08,2026-04-13,14:59:54,Picked up at Shop,Daniel Roberts,"T5X, Edmonton, AB, Canada",2,CA$47.85,Debit
PN-00280,2026-04-09,11:44:44,2026-04-15,17:00:48,Picked up at Shop,Ngo Cuong,"T5P, Edmonton, AB, Canada",1,CA$31.65,Cash
PN-00281,2026-04-09,12:02:42,2026-04-12,15:18:53,Delivered to Customer,Ho Anh,"T5L, Edmonton, AB, Canada",2,CA$85.71,Credit Card
PN-00282,2026-04-09,12:07:01,2026-04-13,19:06:04,Delivered to Customer,Ly Xuan,"T5E, Edmonton, AB, Canada",4,CA$73.96,Debit
PN-00283,2026-04-09,13:07:56,2026-04-16,14:37:24,Delivered to Customer,Bui Hai,"T5H, Edmonton, AB, Canada",1,CA$24.83,E-transfer
PN-00284,2026-04-09,13:49:44,2026-04-10,20:20:49,Picked up at Shop,Benjamin Campbell,"T5M, Edmonton, AB, Canada",1,CA$23.97,Debit
PN-00285,2026-04-09,14:22:15,2026-04-13,08:44:01,Delivered to Customer,Abigail Phillips,"T6N, Edmonton, AB, Canada",1,CA$41.10,Credit Card
PN-00286,2026-04-09,14:44:52,2026-04-16,12:23:21,Delivered to Customer,Harper Scott,"T5N, Edmonton, AB, Canada",3,CA$55.85,Credit Card
PN-00287,2026-04-09,15:16:06,2026-04-16,16:03:58,Picked up at Shop,Victoria Collins,"T6X, Edmonton, AB, Canada",3,CA$125.96,Debit
PN-00288,2026-04-09,15:38:43,2026-04-13,08:36:21,Picked up at Shop,Victoria Wilson,"T6W, Edmonton, AB, Canada",2,CA$66.79,E-transfer
PN-00289,2026-04-09,15:59:30,2026-04-10,10:41:12,Picked up at Shop,Jack Green,"T5C, Edmonton, AB, Canada",3,CA$163.91,Credit Card
PN-00290,2026-04-09,16:06:43,2026-04-11,12:41:36,Delivered to Customer,Jack Johnson,"T5A, Edmonton, AB, Canada",1,CA$32.34,Credit Card
PN-00291,2026-04-09,18:46:53,2026-04-14,12:14:37,Picked up at Shop,Duong Thao,"T6A, Edmonton, AB, Canada",1,CA$27.28,E-transfer
PN-00292,2026-04-09,19:33:34,2026-04-11,15:12:49,Delivered to Customer,Pham Binh,"T5H, Edmonton, AB, Canada",3,CA$52.76,Credit Card
PN-00293,2026-04-09,20:56:29,2026-04-10,13:14:42,Delivered to Customer,Ngo Hai,"T5K, Edmonton, AB, Canada",3,CA$124.16,E-transfer
PN-00294,2026-04-09,21:39:20,2026-04-16,17:07:53,Picked up at Shop,Phan Hanh,"T5J, Edmonton, AB, Canada",1,CA$26.63,Debit
PN-00295,2026-04-09,22:05:24,2026-04-10,16:58:37,Picked up at Shop,Phan Lan,"T6S, Edmonton, AB, Canada",2,CA$51.97,Credit Card
PN-00296,2026-04-10,08:25:37,2026-04-13,15:05:51,Delivered to Customer,Grace Thompson,"T6S, Edmonton, AB, Canada",1,CA$24.52,E-transfer
PN-00297,2026-04-10,08:36:12,2026-04-11,09:53:04,Delivered to Customer,Daniel King,"T6X, Edmonton, AB, Canada",1,CA$32.34,Credit Card
PN-00298,2026-04-10,09:27:01,2026-04-14,20:46:41,Picked up at Shop,Vu Quynh,"T5L, Edmonton, AB, Canada",1,CA$26.17,Cash
PN-00299,2026-04-10,10:37:25,2026-04-10,21:28:38,Picked up at Shop,Evelyn Phillips,"T5N, Edmonton, AB, Canada",2,CA$47.05,Credit Card
PN-00300,2026-04-10,11:04:36,2026-04-12,14:11:23,Picked up at Shop,Huynh Binh,"T5G, Edmonton, AB, Canada",1,CA$35.45,Credit Card
PN-00301,2026-04-10,11:09:18,2026-04-15,08:01:50,Delivered to Customer,Ly Chi,"T5X, Edmonton, AB, Canada",1,CA$25.24,Cash
PN-00302,2026-04-10,11:29:24,2026-04-12,14:57:14,Delivered to Customer,James Morrison,"T5C, Edmonton, AB, Canada",1,CA$42.64,E-transfer
PN-00303,2026-04-10,11:31:13,2026-04-10,17:11:23,Delivered to Customer,Harper White,"T5T, Edmonton, AB, Canada",1,CA$57.01,Credit Card
PN-00304,2026-04-10,11:35:17,2026-04-17,15:47:53,Picked up at Shop,Vu Thanh,"T6G, Edmonton, AB, Canada",3,CA$70.49,Credit Card
PN-00305,2026-04-10,12:28:11,2026-04-16,13:15:14,Delivered to Customer,Daniel Roberts,"T5W, Edmonton, AB, Canada",1,CA$33.10,E-transfer
PN-00306,2026-04-10,12:53:19,2026-04-14,19:48:57,Delivered to Customer,Benjamin Brown,"T5Y, Edmonton, AB, Canada",2,CA$66.77,E-transfer
PN-00307,2026-04-10,13:08:20,2026-04-10,15:44:29,Picked up at Shop,Alexander Clark,"T5A, Edmonton, AB, Canada",1,CA$35.15,Credit Card
PN-00308,2026-04-10,14:24:21,2026-04-16,12:39:16,Delivered to Customer,Vo Thanh,"T6R, Edmonton, AB, Canada",1,CA$41.53,Cash
PN-00309,2026-04-10,14:29:45,2026-04-17,15:49:35,Delivered to Customer,Bui Thu,"T6E, Edmonton, AB, Canada",2,CA$46.15,Debit
PN-00310,2026-04-10,15:14:11,2026-04-11,15:07:07,Delivered to Customer,Do Nam,"T5C, Edmonton, AB, Canada",1,CA$58.80,E-transfer
PN-00311,2026-04-10,15:33:46,2026-04-12,18:25:52,Picked up at Shop,Charlotte Harris,"T6H, Edmonton, AB, Canada",1,CA$20.40,Credit Card
PN-00312,2026-04-10,16:05:10,2026-04-12,10:03:51,Delivered to Customer,Nathan Clark,"T5A, Edmonton, AB, Canada",1,CA$25.81,Debit
PN-00313,2026-04-10,16:06:35,2026-04-12,12:34:39,Delivered to Customer,Tran Huong,"T5T, Edmonton, AB, Canada",3,CA$168.36,Credit Card
PN-00314,2026-04-10,17:00:29,2026-04-12,13:04:16,Picked up at Shop,Henry Anderson,"T5J, Edmonton, AB, Canada",1,CA$20.93,Cash
PN-00315,2026-04-10,18:37:37,2026-04-13,11:25:50,Delivered to Customer,Samuel Walker,"T6E, Edmonton, AB, Canada",1,CA$27.69,Credit Card
PN-00316,2026-04-10,20:35:04,2026-04-16,18:43:09,Delivered to Customer,Vo Anh,"T5J, Edmonton, AB, Canada",1,CA$22.62,Debit
PN-00317,2026-04-11,08:05:21,2026-04-18,18:14:42,Delivered to Customer,Chloe Stewart,"T6G, Edmonton, AB, Canada",3,CA$128.32,E-transfer
PN-00318,2026-04-11,08:35:06,2026-04-11,15:31:49,Picked up at Shop,Duong Mai,"T5M, Edmonton, AB, Canada",2,CA$66.77,Cash
PN-00319,2026-04-11,12:32:12,2026-04-14,13:46:38,Picked up at Shop,Alexander Murphy,"T6H, Edmonton, AB, Canada",3,CA$73.83,E-transfer
PN-00320,2026-04-11,13:01:04,2026-04-15,14:53:46,Picked up at Shop,Grace Roberts,"T5B, Edmonton, AB, Canada",2,CA$108.50,Credit Card
PN-00321,2026-04-11,13:34:36,2026-04-18,14:37:27,Picked up at Shop,Ly Viet,"T5N, Edmonton, AB, Canada",1,CA$35.22,Debit
PN-00322,2026-04-11,13:36:53,2026-04-11,15:34:38,Delivered to Customer,Sophia Martin,"T6G, Edmonton, AB, Canada",2,CA$50.04,E-transfer
PN-00323,2026-04-11,14:06:56,2026-04-17,18:52:25,Picked up at Shop,Duong Phong,"T5M, Edmonton, AB, Canada",1,CA$57.88,Debit
PN-00324,2026-04-11,14:21:17,2026-04-17,14:36:11,Delivered to Customer,Sophia Baker,"T6R, Edmonton, AB, Canada",2,CA$67.10,Credit Card
PN-00325,2026-04-11,14:46:46,2026-04-16,13:22:15,Delivered to Customer,Abigail Stewart,"T5V, Edmonton, AB, Canada",1,CA$40.96,Debit
PN-00326,2026-04-11,15:01:30,2026-04-16,14:49:52,Delivered to Customer,William Roberts,"T6J, Edmonton, AB, Canada",1,CA$45.80,Credit Card
PN-00327,2026-04-11,15:54:50,2026-04-15,08:06:58,Picked up at Shop,Abigail Murphy,"T5P, Edmonton, AB, Canada",2,CA$51.14,Credit Card
PN-00328,2026-04-11,16:06:10,2026-04-16,17:48:10,Picked up at Shop,Pham Thao,"T5M, Edmonton, AB, Canada",3,CA$97.36,Cash
PN-00329,2026-04-11,16:46:20,2026-04-13,08:25:39,Picked up at Shop,Le Huong,"T6K, Edmonton, AB, Canada",1,CA$24.12,Credit Card
PN-00330,2026-04-11,17:40:29,2026-04-17,20:52:56,Picked up at Shop,Le Anh,"T6X, Edmonton, AB, Canada",1,CA$19.29,Debit
PN-00331,2026-04-11,18:42:48,2026-04-15,19:01:31,Delivered to Customer,Amelia Wright,"T6L, Edmonton, AB, Canada",1,CA$40.87,Credit Card
PN-00332,2026-04-11,18:42:48,2026-04-11,23:06:44,Picked up at Shop,Ethan Walker,"T5B, Edmonton, AB, Canada",2,CA$65.76,E-transfer
PN-00333,2026-04-11,22:06:06,2026-04-17,14:23:51,Picked up at Shop,Jackson Wright,"T5T, Edmonton, AB, Canada",1,CA$53.81,E-transfer
PN-00334,2026-04-12,08:11:34,2026-04-15,09:50:34,Delivered to Customer,Ly Trung,"T5T, Edmonton, AB, Canada",2,CA$66.32,Debit
PN-00335,2026-04-12,08:47:20,2026-04-15,10:03:29,Delivered to Customer,Jack Anderson,"T6T, Edmonton, AB, Canada",1,CA$33.35,Credit Card
PN-00336,2026-04-12,10:10:46,2026-04-17,15:30:55,Picked up at Shop,Do Giang,"T6T, Edmonton, AB, Canada",1,CA$27.38,Credit Card
PN-00337,2026-04-12,12:21:14,2026-04-19,09:08:25,Delivered to Customer,Chloe Campbell,"T5T, Edmonton, AB, Canada",1,CA$45.68,Credit Card
PN-00338,2026-04-12,13:28:38,2026-04-17,17:55:00,Picked up at Shop,Do Xuan,"T6G, Edmonton, AB, Canada",4,CA$129.18,Debit
PN-00339,2026-04-12,14:20:38,2026-04-15,14:48:11,Picked up at Shop,Ly Lan,"T5T, Edmonton, AB, Canada",1,CA$26.21,Debit
PN-00340,2026-04-12,14:24:39,2026-04-18,19:24:44,Delivered to Customer,Lucas Martin,"T5T, Edmonton, AB, Canada",1,CA$23.51,Credit Card
PN-00341,2026-04-12,14:32:58,2026-04-16,12:41:40,Delivered to Customer,Sophia Bell,"T6E, Edmonton, AB, Canada",2,CA$37.34,Debit
PN-00342,2026-04-12,19:41:54,2026-04-13,15:10:00,Picked up at Shop,Emma Mitchell,"T5A, Edmonton, AB, Canada",1,CA$56.38,E-transfer
PN-00343,2026-04-12,20:29:36,2026-04-14,16:11:34,Delivered to Customer,Hoang Duy,"T5M, Edmonton, AB, Canada",3,CA$99.28,Credit Card
PN-00344,2026-04-13,08:14:18,2026-04-15,19:52:52,Delivered to Customer,Chloe Thompson,"T6C, Edmonton, AB, Canada",1,CA$24.09,Credit Card
PN-00345,2026-04-13,08:20:54,2026-04-15,17:38:09,Picked up at Shop,Owen Evans,"T6A, Edmonton, AB, Canada",3,CA$94.39,Credit Card
PN-00346,2026-04-13,10:42:05,2026-04-15,12:15:52,Delivered to Customer,Olivia Carter,"T5J, Edmonton, AB, Canada",4,CA$131.06,Debit
PN-00347,2026-04-13,13:15:36,2026-04-14,15:41:20,Picked up at Shop,Chloe Bell,"T5A, Edmonton, AB, Canada",1,CA$23.92,Credit Card
PN-00348,2026-04-13,13:18:29,2026-04-16,13:18:40,Delivered to Customer,William Murphy,"T5J, Edmonton, AB, Canada",1,CA$33.66,Credit Card
PN-00349,2026-04-13,13:20:38,2026-04-17,15:33:53,Delivered to Customer,Daniel Murray,"T5K, Edmonton, AB, Canada",1,CA$16.17,E-transfer
PN-00350,2026-04-13,13:26:16,2026-04-19,09:12:22,Picked up at Shop,Ngo Thanh,"T5H, Edmonton, AB, Canada",1,CA$26.20,E-transfer
PN-00351,2026-04-13,14:06:16,2026-04-14,12:14:45,Delivered to Customer,Ryan Young,"T5L, Edmonton, AB, Canada",1,CA$18.29,E-transfer
PN-00352,2026-04-13,15:28:33,2026-04-14,15:59:18,Delivered to Customer,Bui Quynh,"T6X, Edmonton, AB, Canada",2,CA$51.03,Credit Card
PN-00353,2026-04-13,15:39:59,2026-04-15,10:16:56,Picked up at Shop,Daniel Young,"T6S, Edmonton, AB, Canada",1,CA$55.46,Credit Card
PN-00354,2026-04-13,16:20:44,2026-04-19,11:24:17,Picked up at Shop,Ly Yen,"T5N, Edmonton, AB, Canada",1,CA$26.18,Credit Card
PN-00355,2026-04-13,16:26:56,2026-04-16,16:10:57,Picked up at Shop,Bui Phuong,"T6S, Edmonton, AB, Canada",1,CA$35.58,Credit Card
PN-00356,2026-04-13,16:42:22,2026-04-17,15:18:54,Delivered to Customer,Pham Huong,"T6C, Edmonton, AB, Canada",3,CA$166.33,Credit Card
PN-00357,2026-04-13,17:33:45,2026-04-15,13:30:06,Delivered to Customer,Ho Quynh,"T5J, Edmonton, AB, Canada",2,CA$36.62,Credit Card
PN-00358,2026-04-13,17:58:44,2026-04-15,14:28:38,Picked up at Shop,Grace Walker,"T6A, Edmonton, AB, Canada",2,CA$34.09,Credit Card
PN-00359,2026-04-13,19:46:27,2026-04-17,17:12:57,Picked up at Shop,Benjamin Baker,"T5G, Edmonton, AB, Canada",1,CA$32.02,Debit
PN-00360,2026-04-13,20:09:22,2026-04-13,22:09:40,Delivered to Customer,Dang Viet,"T6G, Edmonton, AB, Canada",1,CA$22.67,Credit Card
PN-00361,2026-04-14,08:03:06,2026-04-14,19:18:46,Picked up at Shop,Abigail Phillips,"T5J, Edmonton, AB, Canada",3,CA$94.04,Credit Card
PN-00362,2026-04-14,08:49:51,2026-04-14,23:38:39,Delivered to Customer,Amelia Brown,"T5L, Edmonton, AB, Canada",1,CA$35.46,E-transfer
PN-00363,2026-04-14,12:11:12,2026-04-20,12:18:43,Delivered to Customer,Alexander Murphy,"T5N, Edmonton, AB, Canada",1,CA$55.73,E-transfer
PN-00364,2026-04-14,12:29:12,2026-04-16,08:14:09,Delivered to Customer,Elizabeth Scott,"T6M, Edmonton, AB, Canada",1,CA$20.83,Credit Card
PN-00365,2026-04-14,12:35:55,2026-04-21,16:26:45,Picked up at Shop,Sebastian White,"T6H, Edmonton, AB, Canada",1,CA$55.53,Credit Card
PN-00366,2026-04-14,12:54:38,2026-04-21,11:23:21,Delivered to Customer,Nathan Young,"T6E, Edmonton, AB, Canada",2,CA$67.69,Debit
PN-00367,2026-04-14,13:08:30,2026-04-19,15:57:29,Delivered to Customer,Sofia Phillips,"T5P, Edmonton, AB, Canada",1,CA$16.65,Debit
PN-00368,2026-04-14,13:45:41,2026-04-18,20:55:39,Delivered to Customer,Bui Viet,"T6M, Edmonton, AB, Canada",1,CA$55.59,E-transfer
PN-00369,2026-04-14,13:49:25,2026-04-14,17:34:56,Delivered to Customer,Michael Harris,"T5P, Edmonton, AB, Canada",1,CA$40.90,Credit Card
PN-00370,2026-04-14,15:40:52,2026-04-17,09:55:47,Delivered to Customer,Abigail Bell,"T5X, Edmonton, AB, Canada",2,CA$66.72,Credit Card
PN-00371,2026-04-14,16:09:19,2026-04-14,16:38:08,Delivered to Customer,Do Thao,"T5Y, Edmonton, AB, Canada",3,CA$70.40,Debit
PN-00372,2026-04-14,16:37:59,2026-04-19,08:30:21,Picked up at Shop,Pham Viet,"T6G, Edmonton, AB, Canada",3,CA$70.71,E-transfer
PN-00373,2026-04-14,16:39:38,2026-04-20,11:10:35,Delivered to Customer,Michael Wright,"T6W, Edmonton, AB, Canada",1,CA$18.67,Cash
PN-00374,2026-04-14,16:46:56,2026-04-16,17:30:10,Picked up at Shop,Jackson Edwards,"T5M, Edmonton, AB, Canada",1,CA$45.82,E-transfer
PN-00375,2026-04-14,17:28:19,2026-04-19,11:56:21,Picked up at Shop,Ava Lewis,"T6G, Edmonton, AB, Canada",1,CA$22.90,E-transfer
PN-00376,2026-04-14,19:41:36,2026-04-17,17:45:50,Picked up at Shop,Ly Binh,"T5N, Edmonton, AB, Canada",1,CA$55.19,Credit Card
PN-00377,2026-04-15,08:03:17,2026-04-19,13:33:57,Picked up at Shop,Mia Taylor,"T5R, Edmonton, AB, Canada",2,CA$51.98,Credit Card
PN-00378,2026-04-15,08:13:55,2026-04-19,14:29:42,Delivered to Customer,Isabella Smith,"T5X, Edmonton, AB, Canada",1,CA$27.43,Credit Card
PN-00379,2026-04-15,08:45:06,2026-04-15,21:24:33,Picked up at Shop,Matthew Phillips,"T6B, Edmonton, AB, Canada",2,CA$84.44,Credit Card
PN-00380,2026-04-15,09:25:45,2026-04-20,08:46:16,Delivered to Customer,Michael Wilson,"T6P, Edmonton, AB, Canada",3,CA$56.00,Credit Card
PN-00381,2026-04-15,09:44:59,2026-04-16,16:48:06,Delivered to Customer,Le Ngoc,"T5L, Edmonton, AB, Canada",1,CA$16.45,Debit
PN-00382,2026-04-15,09:53:08,2026-04-20,14:55:58,Delivered to Customer,Duong Bao,"T6A, Edmonton, AB, Canada",1,CA$20.22,Credit Card
PN-00383,2026-04-15,10:20:42,2026-04-16,16:05:00,Delivered to Customer,Henry Taylor,"T5W, Edmonton, AB, Canada",1,CA$31.16,Cash
PN-00384,2026-04-15,10:25:16,2026-04-22,19:38:45,Delivered to Customer,Tran Nga,"T5K, Edmonton, AB, Canada",1,CA$23.19,Credit Card
PN-00385,2026-04-15,11:29:37,2026-04-18,12:04:12,Delivered to Customer,Vu Phuong,"T5A, Edmonton, AB, Canada",2,CA$48.47,Debit
PN-00386,2026-04-15,11:46:29,2026-04-18,09:27:16,Picked up at Shop,Nathan Smith,"T5R, Edmonton, AB, Canada",3,CA$74.53,Credit Card
PN-00387,2026-04-15,12:07:25,2026-04-16,08:03:39,Picked up at Shop,Avery Smith,"T6W, Edmonton, AB, Canada",1,CA$26.63,E-transfer
PN-00388,2026-04-15,12:23:01,2026-04-16,14:36:16,Picked up at Shop,Do Quan,"T6J, Edmonton, AB, Canada",1,CA$33.28,Cash
PN-00389,2026-04-15,13:14:27,2026-04-18,13:22:26,Delivered to Customer,Sebastian Stewart,"T6L, Edmonton, AB, Canada",1,CA$26.43,Credit Card
PN-00390,2026-04-15,13:37:21,2026-04-15,16:09:39,Picked up at Shop,Benjamin Turner,"T6J, Edmonton, AB, Canada",1,CA$45.43,Credit Card
PN-00391,2026-04-15,13:40:45,2026-04-17,13:13:06,Delivered to Customer,Michael Roberts,"T5K, Edmonton, AB, Canada",1,CA$26.98,E-transfer
PN-00392,2026-04-15,14:51:20,2026-04-19,15:46:31,Delivered to Customer,Mia Murphy,"T6V, Edmonton, AB, Canada",1,CA$53.40,Credit Card
PN-00393,2026-04-15,15:07:06,2026-04-22,18:38:18,Delivered to Customer,Ryan Young,"T5B, Edmonton, AB, Canada",1,CA$22.95,Debit
PN-00394,2026-04-15,15:10:51,2026-04-21,10:33:18,Delivered to Customer,Isabella Phillips,"T5L, Edmonton, AB, Canada",1,CA$18.22,Credit Card
PN-00395,2026-04-15,15:28:32,2026-04-20,11:44:14,Picked up at Shop,Ella Green,"T5L, Edmonton, AB, Canada",1,CA$23.17,Credit Card
PN-00396,2026-04-15,15:55:36,2026-04-20,15:58:14,Picked up at Shop,Alexander Murphy,"T5L, Edmonton, AB, Canada",3,CA$75.28,Credit Card
PN-00397,2026-04-15,16:11:02,2026-04-17,10:39:20,Delivered to Customer,Zoey Green,"T5J, Edmonton, AB, Canada",1,CA$26.62,Debit
PN-00398,2026-04-15,16:40:19,2026-04-20,15:15:14,Picked up at Shop,Ly Viet,"T6G, Edmonton, AB, Canada",1,CA$27.91,Debit
PN-00399,2026-04-15,16:51:45,2026-04-18,13:52:51,Picked up at Shop,Zoey Thompson,"T5T, Edmonton, AB, Canada",1,CA$43.14,Credit Card
PN-00400,2026-04-15,17:09:00,2026-04-18,15:52:54,Delivered to Customer,Hoang Linh,"T5J, Edmonton, AB, Canada",1,CA$40.47,Credit Card
PN-00401,2026-04-15,18:20:03,2026-04-17,10:28:40,Delivered to Customer,Duong Anh,"T6G, Edmonton, AB, Canada",1,CA$26.24,Credit Card
PN-00402,2026-04-15,19:10:45,2026-04-17,11:01:07,Delivered to Customer,Ly Duy,"T6G, Edmonton, AB, Canada",2,CA$46.15,Credit Card
PN-00403,2026-04-15,21:41:23,2026-04-20,12:25:11,Delivered to Customer,Olivia Baker,"T5T, Edmonton, AB, Canada",2,CA$37.07,Debit
PN-00404,2026-04-15,22:52:09,2026-04-17,08:08:09,Delivered to Customer,Vu Hoa,"T5Z, Edmonton, AB, Canada",4,CA$96.48,Cash
PN-00405,2026-04-16,11:05:03,2026-04-23,14:25:34,Delivered to Customer,Sebastian Harris,"T5L, Edmonton, AB, Canada",1,CA$22.95,Cash
PN-00406,2026-04-16,11:23:23,2026-04-20,14:43:35,Delivered to Customer,Amelia Morrison,"T5J, Edmonton, AB, Canada",1,CA$22.92,E-transfer
PN-00407,2026-04-16,12:04:59,2026-04-21,15:20:24,Picked up at Shop,Liam Cook,"T5Z, Edmonton, AB, Canada",1,CA$34.18,Debit
PN-00408,2026-04-16,12:20:55,2026-04-16,15:59:31,Delivered to Customer,Ly An,"T6J, Edmonton, AB, Canada",1,CA$43.05,E-transfer
PN-00409,2026-04-16,12:26:29,2026-04-22,15:58:40,Picked up at Shop,Do Thanh,"T5A, Edmonton, AB, Canada",2,CA$83.54,Credit Card
PN-00410,2026-04-16,12:37:04,2026-04-20,18:25:07,Picked up at Shop,Avery Cook,"T6A, Edmonton, AB, Canada",1,CA$18.32,Credit Card
PN-00411,2026-04-16,12:46:51,2026-04-19,15:47:19,Picked up at Shop,Samuel Campbell,"T6J, Edmonton, AB, Canada",1,CA$33.40,E-transfer
PN-00412,2026-04-16,13:05:42,2026-04-20,18:13:32,Delivered to Customer,Huynh Bao,"T5K, Edmonton, AB, Canada",3,CA$71.96,E-transfer
PN-00413,2026-04-16,13:16:23,2026-04-18,18:38:18,Picked up at Shop,Alexander Anderson,"T5N, Edmonton, AB, Canada",3,CA$127.72,E-transfer
PN-00414,2026-04-16,14:15:56,2026-04-20,12:59:00,Delivered to Customer,Victoria Clark,"T6G, Edmonton, AB, Canada",1,CA$35.83,Cash
PN-00415,2026-04-16,15:30:41,2026-04-21,17:01:19,Picked up at Shop,Daniel Harris,"T6E, Edmonton, AB, Canada",3,CA$128.80,Credit Card
PN-00416,2026-04-16,17:47:47,2026-04-16,22:08:02,Delivered to Customer,Vu Phong,"T6L, Edmonton, AB, Canada",1,CA$31.62,Debit
PN-00417,2026-04-16,17:52:28,2026-04-23,16:04:46,Picked up at Shop,Ho Hanh,"T5J, Edmonton, AB, Canada",1,CA$42.47,E-transfer
PN-00418,2026-04-16,18:34:34,2026-04-16,19:08:59,Picked up at Shop,Evelyn Morrison,"T5K, Edmonton, AB, Canada",1,CA$35.78,Credit Card
PN-00419,2026-04-17,08:24:17,2026-04-24,18:02:55,Delivered to Customer,Ethan Murphy,"T6B, Edmonton, AB, Canada",2,CA$83.72,Credit Card
PN-00420,2026-04-17,10:46:17,2026-04-22,08:29:52,Delivered to Customer,Do Viet,"T5H, Edmonton, AB, Canada",1,CA$32.44,Debit
PN-00421,2026-04-17,11:09:45,2026-04-22,11:18:09,Picked up at Shop,Ryan Murray,"T5B, Edmonton, AB, Canada",3,CA$53.52,Credit Card
PN-00422,2026-04-17,12:53:31,2026-04-22,15:41:29,Delivered to Customer,Mia Brown,"T6J, Edmonton, AB, Canada",3,CA$163.87,Credit Card
PN-00423,2026-04-17,13:52:10,2026-04-19,17:52:50,Delivered to Customer,William Parker,"T6M, Edmonton, AB, Canada",4,CA$129.12,Debit
PN-00424,2026-04-17,14:52:16,2026-04-21,10:59:35,Picked up at Shop,Vu Bao,"T5E, Edmonton, AB, Canada",1,CA$42.24,E-transfer
PN-00425,2026-04-17,15:28:10,2026-04-23,15:26:44,Picked up at Shop,Duong Ngoc,"T6H, Edmonton, AB, Canada",3,CA$70.00,Cash
PN-00426,2026-04-17,16:52:08,2026-04-18,17:31:09,Picked up at Shop,Daniel Wright,"T5Z, Edmonton, AB, Canada",1,CA$25.83,E-transfer
PN-00427,2026-04-17,16:56:22,2026-04-20,15:07:13,Delivered to Customer,Ava Anderson,"T6E, Edmonton, AB, Canada",3,CA$72.15,Credit Card
PN-00428,2026-04-17,17:33:58,2026-04-21,14:21:24,Delivered to Customer,Ly Xuan,"T5J, Edmonton, AB, Canada",1,CA$17.92,Credit Card
PN-00429,2026-04-17,17:38:34,2026-04-24,16:34:49,Delivered to Customer,David Carter,"T6T, Edmonton, AB, Canada",2,CA$110.28,E-transfer
PN-00430,2026-04-17,17:52:33,2026-04-18,11:30:16,Delivered to Customer,Pham Phong,"T5A, Edmonton, AB, Canada",1,CA$32.82,Credit Card
PN-00431,2026-04-17,17:54:18,2026-04-24,15:00:43,Delivered to Customer,Liam Cook,"T5C, Edmonton, AB, Canada",1,CA$34.18,Credit Card
PN-00432,2026-04-17,18:15:42,2026-04-17,20:33:59,Delivered to Customer,Ryan Lewis,"T6N, Edmonton, AB, Canada",1,CA$23.74,Credit Card
PN-00433,2026-04-17,18:29:18,2026-04-18,18:43:09,Picked up at Shop,Ly Son,"T6E, Edmonton, AB, Canada",1,CA$43.92,Credit Card
PN-00434,2026-04-17,20:21:19,2026-04-23,16:21:55,Picked up at Shop,Amelia Edwards,"T6C, Edmonton, AB, Canada",3,CA$52.99,Credit Card
PN-00435,2026-04-17,21:54:45,2026-04-17,22:54:34,Delivered to Customer,Jack Johnson,"T5W, Edmonton, AB, Canada",3,CA$73.26,Credit Card
PN-00436,2026-04-18,08:26:58,2026-04-18,13:31:37,Delivered to Customer,Ava Anderson,"T5J, Edmonton, AB, Canada",2,CA$64.85,Credit Card
PN-00437,2026-04-18,09:18:07,2026-04-21,15:58:59,Picked up at Shop,Huynh Hoa,"T5L, Edmonton, AB, Canada",1,CA$27.98,Credit Card
PN-00438,2026-04-18,10:47:53,2026-04-22,08:42:11,Delivered to Customer,Tran Tuan,"T5K, Edmonton, AB, Canada",1,CA$42.34,Credit Card
PN-00439,2026-04-18,11:10:04,2026-04-18,13:13:14,Delivered to Customer,Nguyen Nam,"T6M, Edmonton, AB, Canada",1,CA$58.16,Cash
PN-00440,2026-04-18,12:28:51,2026-04-21,15:42:30,Delivered to Customer,Huynh Hanh,"T5L, Edmonton, AB, Canada",1,CA$40.43,Debit
PN-00441,2026-04-18,13:22:49,2026-04-20,15:32:04,Delivered to Customer,Ngo Duy,"T6S, Edmonton, AB, Canada",2,CA$50.51,Credit Card
PN-00442,2026-04-18,13:52:35,2026-04-23,13:49:25,Delivered to Customer,Jackson Turner,"T5C, Edmonton, AB, Canada",2,CA$51.45,Credit Card
PN-00443,2026-04-18,14:32:49,2026-04-24,10:10:15,Delivered to Customer,Le Mai,"T5M, Edmonton, AB, Canada",1,CA$34.23,Cash
PN-00444,2026-04-18,15:06:20,2026-04-18,18:28:09,Delivered to Customer,Bui Nam,"T6H, Edmonton, AB, Canada",1,CA$58.13,Credit Card
PN-00445,2026-04-18,15:45:54,2026-04-25,09:24:48,Picked up at Shop,Ethan White,"T5E, Edmonton, AB, Canada",1,CA$32.05,Credit Card
PN-00446,2026-04-18,15:54:10,2026-04-19,14:17:55,Delivered to Customer,Abigail Mitchell,"T6P, Edmonton, AB, Canada",1,CA$23.84,E-transfer
PN-00447,2026-04-19,08:04:57,2026-04-25,17:17:16,Delivered to Customer,Charlotte White,"T6B, Edmonton, AB, Canada",2,CA$50.12,Debit
PN-00448,2026-04-19,08:33:05,2026-04-24,15:33:11,Delivered to Customer,Evelyn Wright,"T5K, Edmonton, AB, Canada",2,CA$83.10,Debit
PN-00449,2026-04-19,08:40:36,2026-04-26,18:23:15,Delivered to Customer,Victoria Stewart,"T5H, Edmonton, AB, Canada",1,CA$31.52,E-transfer
PN-00450,2026-04-19,11:07:48,2026-04-25,16:59:16,Picked up at Shop,Ethan Green,"T5G, Edmonton, AB, Canada",1,CA$27.89,Debit
PN-00451,2026-04-19,11:41:53,2026-04-26,14:38:06,Delivered to Customer,James White,"T5K, Edmonton, AB, Canada",1,CA$40.33,E-transfer
PN-00452,2026-04-19,13:08:11,2026-04-23,17:08:50,Delivered to Customer,Jack Young,"T5J, Edmonton, AB, Canada",1,CA$16.67,E-transfer
PN-00453,2026-04-19,13:25:41,2026-04-23,17:18:27,Delivered to Customer,Vo Viet,"T6J, Edmonton, AB, Canada",1,CA$19.50,Cash
PN-00454,2026-04-19,13:35:04,2026-04-21,16:13:34,Delivered to Customer,William Green,"T6C, Edmonton, AB, Canada",1,CA$24.44,Credit Card
PN-00455,2026-04-19,14:18:38,2026-04-21,08:57:11,Picked up at Shop,Nguyen Van,"T5S, Edmonton, AB, Canada",1,CA$45.10,Credit Card
PN-00456,2026-04-19,14:31:12,2026-04-22,15:45:28,Delivered to Customer,Elizabeth Evans,"T5J, Edmonton, AB, Canada",2,CA$50.04,Credit Card
PN-00457,2026-04-19,14:53:20,2026-04-24,15:20:01,Delivered to Customer,Avery Young,"T6J, Edmonton, AB, Canada",2,CA$66.19,Credit Card
PN-00458,2026-04-19,14:59:21,2026-04-25,15:25:17,Delivered to Customer,Vu Hanh,"T5N, Edmonton, AB, Canada",1,CA$21.61,Credit Card
PN-00459,2026-04-19,15:07:31,2026-04-20,17:28:45,Picked up at Shop,Emily Phillips,"T5A, Edmonton, AB, Canada",1,CA$35.46,Credit Card
PN-00460,2026-04-19,15:42:31,2026-04-23,12:58:16,Delivered to Customer,Phan Chi,"T6W, Edmonton, AB, Canada",1,CA$40.54,E-transfer
PN-00461,2026-04-19,16:11:41,2026-04-20,16:39:44,Delivered to Customer,Vo Nga,"T6G, Edmonton, AB, Canada",1,CA$27.23,Credit Card
PN-00462,2026-04-19,16:15:12,2026-04-25,12:14:55,Delivered to Customer,Huynh Linh,"T5L, Edmonton, AB, Canada",3,CA$125.42,Cash
PN-00463,2026-04-19,16:26:07,2026-04-22,18:38:45,Delivered to Customer,Michael Lewis,"T5H, Edmonton, AB, Canada",2,CA$64.21,Credit Card
PN-00464,2026-04-19,17:14:40,2026-04-21,14:54:10,Picked up at Shop,Liam Cook,"T5G, Edmonton, AB, Canada",1,CA$16.29,Credit Card
PN-00465,2026-04-19,17:32:47,2026-04-21,14:15:55,Delivered to Customer,Michael Stewart,"T6E, Edmonton, AB, Canada",1,CA$17.49,Debit
PN-00466,2026-04-19,18:36:49,2026-04-19,19:13:27,Picked up at Shop,Dang Phong,"T5H, Edmonton, AB, Canada",1,CA$43.30,Debit
PN-00467,2026-04-19,19:06:02,2026-04-26,20:22:50,Delivered to Customer,Sebastian Scott,"T5H, Edmonton, AB, Canada",1,CA$33.00,Cash
PN-00468,2026-04-19,19:46:00,2026-04-22,12:04:38,Picked up at Shop,James Parker,"T5A, Edmonton, AB, Canada",1,CA$18.92,Cash
PN-00469,2026-04-19,19:49:27,2026-04-22,09:09:28,Picked up at Shop,Isabella Campbell,"T5A, Edmonton, AB, Canada",1,CA$58.42,Credit Card
PN-00470,2026-04-19,22:38:27,2026-04-25,16:29:45,Delivered to Customer,Owen White,"T5B, Edmonton, AB, Canada",1,CA$58.38,E-transfer
PN-00471,2026-04-20,08:47:09,2026-04-24,12:58:24,Picked up at Shop,Ava Baker,"T6J, Edmonton, AB, Canada",1,CA$35.60,E-transfer
PN-00472,2026-04-20,11:46:03,2026-04-27,16:04:22,Delivered to Customer,Huynh An,"T6X, Edmonton, AB, Canada",1,CA$31.62,Credit Card
PN-00473,2026-04-20,12:28:36,2026-04-23,12:28:25,Delivered to Customer,Emily Mitchell,"T6E, Edmonton, AB, Canada",1,CA$30.74,Credit Card
PN-00474,2026-04-20,12:34:52,2026-04-27,12:27:48,Delivered to Customer,Ethan Cook,"T5J, Edmonton, AB, Canada",3,CA$165.27,Debit
PN-00475,2026-04-20,12:49:18,2026-04-27,13:09:09,Picked up at Shop,Ho Hai,"T5A, Edmonton, AB, Canada",1,CA$27.72,Credit Card
PN-00476,2026-04-20,13:08:43,2026-04-23,09:26:51,Picked up at Shop,Vo Trang,"T5J, Edmonton, AB, Canada",1,CA$41.59,Credit Card
PN-00477,2026-04-20,13:12:58,2026-04-21,16:10:59,Picked up at Shop,Duong Bao,"T5N, Edmonton, AB, Canada",4,CA$171.73,Credit Card
PN-00478,2026-04-20,14:02:51,2026-04-25,20:40:42,Delivered to Customer,Vo Van,"T5K, Edmonton, AB, Canada",1,CA$31.97,Credit Card
PN-00479,2026-04-20,14:26:37,2026-04-27,20:03:37,Delivered to Customer,Sophia Harris,"T5L, Edmonton, AB, Canada",2,CA$51.74,Credit Card
PN-00480,2026-04-20,14:42:55,2026-04-22,12:59:06,Picked up at Shop,Sofia Turner,"T5B, Edmonton, AB, Canada",1,CA$16.97,Credit Card
PN-00481,2026-04-20,15:53:36,2026-04-21,15:03:27,Delivered to Customer,Sofia Morrison,"T6W, Edmonton, AB, Canada",1,CA$23.85,Credit Card
PN-00482,2026-04-20,15:54:29,2026-04-27,08:59:25,Delivered to Customer,Alexander Baker,"T6E, Edmonton, AB, Canada",2,CA$49.59,Debit
PN-00483,2026-04-20,16:12:54,2026-04-21,15:47:00,Delivered to Customer,William Harris,"T6X, Edmonton, AB, Canada",1,CA$22.80,E-transfer
PN-00484,2026-04-20,16:34:01,2026-04-25,15:43:43,Picked up at Shop,Victoria Wilson,"T5J, Edmonton, AB, Canada",3,CA$70.23,Debit
PN-00485,2026-04-20,16:49:53,2026-04-20,22:25:25,Delivered to Customer,Mia Turner,"T6C, Edmonton, AB, Canada",1,CA$23.75,E-transfer
PN-00486,2026-04-20,18:07:22,2026-04-21,15:04:29,Delivered to Customer,Pham Son,"T5N, Edmonton, AB, Canada",2,CA$39.11,Debit
PN-00487,2026-04-20,19:48:27,2026-04-27,12:51:28,Delivered to Customer,Evelyn Turner,"T5B, Edmonton, AB, Canada",3,CA$129.08,Debit
PN-00488,2026-04-20,20:39:50,2026-04-23,14:09:02,Delivered to Customer,James Harris,"T6G, Edmonton, AB, Canada",1,CA$16.44,Cash
PN-00489,2026-04-21,11:03:10,2026-04-26,16:37:15,Picked up at Shop,James Campbell,"T6S, Edmonton, AB, Canada",1,CA$30.20,Credit Card
PN-00490,2026-04-21,11:24:57,2026-04-24,13:53:54,Picked up at Shop,Ryan Stewart,"T5R, Edmonton, AB, Canada",1,CA$31.94,Credit Card
PN-00491,2026-04-21,11:34:14,2026-04-26,15:47:45,Delivered to Customer,Huynh An,"T6L, Edmonton, AB, Canada",1,CA$22.56,E-transfer
PN-00492,2026-04-21,12:10:57,2026-04-26,18:15:32,Delivered to Customer,Charlotte Lewis,"T5B, Edmonton, AB, Canada",2,CA$66.27,Cash
PN-00493,2026-04-21,12:17:49,2026-04-26,20:21:00,Delivered to Customer,Grace Walker,"T5K, Edmonton, AB, Canada",1,CA$34.42,Credit Card
PN-00494,2026-04-21,12:36:13,2026-04-27,20:39:59,Delivered to Customer,Olivia Stewart,"T6V, Edmonton, AB, Canada",1,CA$27.98,Credit Card
PN-00495,2026-04-21,12:53:09,2026-04-25,08:21:01,Delivered to Customer,Ava Morrison,"T6H, Edmonton, AB, Canada",1,CA$35.31,Debit
PN-00496,2026-04-21,13:46:36,2026-04-26,15:16:19,Picked up at Shop,Amelia Scott,"T5A, Edmonton, AB, Canada",1,CA$23.33,E-transfer
PN-00497,2026-04-21,14:19:06,2026-04-24,12:25:00,Delivered to Customer,Michael Murray,"T6C, Edmonton, AB, Canada",1,CA$25.01,E-transfer
PN-00498,2026-04-21,14:57:59,2026-04-25,15:31:37,Delivered to Customer,Evelyn Thompson,"T6K, Edmonton, AB, Canada",3,CA$74.35,Credit Card
PN-00499,2026-04-21,15:02:54,2026-04-24,09:00:43,Delivered to Customer,Vu Quan,"T5J, Edmonton, AB, Canada",1,CA$41.55,Debit
PN-00500,2026-04-21,15:47:42,2026-04-25,08:13:46,Delivered to Customer,Dang Nam,"T6X, Edmonton, AB, Canada",2,CA$62.46,Credit Card
PN-00501,2026-04-21,16:47:04,2026-04-22,18:54:59,Delivered to Customer,Vo Quynh,"T6G, Edmonton, AB, Canada",1,CA$20.60,Cash
PN-00502,2026-04-21,19:29:44,2026-04-28,10:39:17,Picked up at Shop,William Carter,"T5K, Edmonton, AB, Canada",2,CA$63.50,Credit Card
PN-00503,2026-04-22,08:14:13,2026-04-23,14:04:10,Delivered to Customer,Phan Quan,"T6X, Edmonton, AB, Canada",2,CA$48.04,Credit Card
PN-00504,2026-04-22,08:49:57,2026-04-28,17:51:25,Delivered to Customer,Ly Xuan,"T5Y, Edmonton, AB, Canada",1,CA$54.36,Debit
PN-00505,2026-04-22,09:17:09,2026-04-29,17:35:49,Delivered to Customer,Do Thao,"T6N, Edmonton, AB, Canada",1,CA$25.43,Credit Card
PN-00506,2026-04-22,10:58:16,2026-04-27,12:53:00,Picked up at Shop,William White,"T6H, Edmonton, AB, Canada",1,CA$30.70,Credit Card
PN-00507,2026-04-22,12:01:17,2026-04-29,11:35:35,Picked up at Shop,Tran Anh,"T6E, Edmonton, AB, Canada",1,CA$22.23,Credit Card
PN-00508,2026-04-22,12:11:20,2026-04-26,08:44:16,Picked up at Shop,Michael Roberts,"T6K, Edmonton, AB, Canada",4,CA$220.18,Credit Card
PN-00509,2026-04-22,14:33:06,2026-04-26,08:26:01,Delivered to Customer,Huynh Hoa,"T6L, Edmonton, AB, Canada",3,CA$99.11,Credit Card
PN-00510,2026-04-22,14:39:26,2026-04-23,20:20:56,Delivered to Customer,Samuel Wilson,"T5K, Edmonton, AB, Canada",1,CA$43.30,Debit
PN-00511,2026-04-22,15:04:23,2026-04-23,13:51:45,Delivered to Customer,Chloe Campbell,"T6N, Edmonton, AB, Canada",1,CA$18.42,E-transfer
PN-00512,2026-04-22,15:23:50,2026-04-26,17:42:21,Delivered to Customer,Le Khanh,"T6T, Edmonton, AB, Canada",1,CA$18.86,Credit Card
PN-00513,2026-04-22,16:31:47,2026-04-27,12:25:34,Delivered to Customer,Vu Hoa,"T6J, Edmonton, AB, Canada",1,CA$57.20,Credit Card
PN-00514,2026-04-22,16:38:37,2026-04-22,20:55:29,Delivered to Customer,Mia Cook,"T6E, Edmonton, AB, Canada",1,CA$35.25,Debit
PN-00515,2026-04-22,16:41:54,2026-04-25,11:27:13,Delivered to Customer,Nathan Baker,"T6J, Edmonton, AB, Canada",1,CA$35.46,Credit Card
PN-00516,2026-04-22,17:17:09,2026-04-25,14:39:54,Picked up at Shop,Harper Murphy,"T5J, Edmonton, AB, Canada",1,CA$34.48,Debit
PN-00517,2026-04-22,17:30:03,2026-04-24,16:42:15,Delivered to Customer,Vu Chi,"T5X, Edmonton, AB, Canada",2,CA$35.31,E-transfer
PN-00518,2026-04-22,18:57:38,2026-04-22,20:52:26,Picked up at Shop,Emma Parker,"T6G, Edmonton, AB, Canada",1,CA$20.35,Cash
PN-00519,2026-04-22,19:37:27,2026-04-27,10:20:26,Delivered to Customer,Michael Edwards,"T5R, Edmonton, AB, Canada",2,CA$36.34,Credit Card
PN-00520,2026-04-23,08:42:33,2026-04-26,08:27:03,Delivered to Customer,Mia Taylor,"T6A, Edmonton, AB, Canada",2,CA$85.15,Credit Card
PN-00521,2026-04-23,08:48:27,2026-04-24,15:56:18,Delivered to Customer,Ngo An,"T5E, Edmonton, AB, Canada",2,CA$36.73,Credit Card
PN-00522,2026-04-23,09:12:50,2026-04-26,09:17:53,Delivered to Customer,Mia Morrison,"T5K, Edmonton, AB, Canada",3,CA$53.41,Credit Card
PN-00523,2026-04-23,10:52:38,2026-04-26,16:35:32,Picked up at Shop,Vo Duy,"T5H, Edmonton, AB, Canada",2,CA$49.95,Cash
PN-00524,2026-04-23,11:02:24,2026-04-29,18:56:06,Delivered to Customer,Vu Viet,"T6K, Edmonton, AB, Canada",1,CA$58.53,Debit
PN-00525,2026-04-23,12:48:15,2026-04-23,15:31:07,Picked up at Shop,Ngo Vy,"T6J, Edmonton, AB, Canada",1,CA$26.40,Debit
PN-00526,2026-04-23,13:31:38,2026-04-29,15:16:44,Picked up at Shop,Sebastian Carter,"T6G, Edmonton, AB, Canada",1,CA$23.47,Credit Card
PN-00527,2026-04-23,13:44:55,2026-04-28,10:34:21,Delivered to Customer,Ethan Johnson,"T5V, Edmonton, AB, Canada",1,CA$41.39,E-transfer
PN-00528,2026-04-23,14:17:28,2026-04-26,19:29:26,Delivered to Customer,Sophia Edwards,"T5W, Edmonton, AB, Canada",1,CA$24.23,Credit Card
PN-00529,2026-04-23,14:29:07,2026-04-23,21:56:01,Delivered to Customer,Duong Trang,"T6G, Edmonton, AB, Canada",3,CA$94.56,Credit Card
PN-00530,2026-04-23,14:31:17,2026-04-26,19:34:10,Picked up at Shop,Emma Murphy,"T6C, Edmonton, AB, Canada",1,CA$23.98,Credit Card
PN-00531,2026-04-23,15:35:16,2026-04-26,15:59:36,Delivered to Customer,Emily Carter,"T5Y, Edmonton, AB, Canada",1,CA$26.43,E-transfer
PN-00532,2026-04-23,16:58:38,2026-04-23,23:03:05,Delivered to Customer,Huynh Tuan,"T5X, Edmonton, AB, Canada",2,CA$47.25,Credit Card
PN-00533,2026-04-23,17:30:45,2026-04-30,18:39:08,Delivered to Customer,Henry Phillips,"T5P, Edmonton, AB, Canada",3,CA$74.12,Credit Card
PN-00534,2026-04-23,17:54:12,2026-04-24,15:53:57,Delivered to Customer,Mia Phillips,"T5J, Edmonton, AB, Canada",1,CA$42.52,Credit Card
PN-00535,2026-04-23,17:58:01,2026-04-25,14:06:27,Delivered to Customer,Michael Bell,"T5W, Edmonton, AB, Canada",3,CA$99.41,Debit
PN-00536,2026-04-23,18:59:54,2026-04-28,16:56:28,Delivered to Customer,Chloe Young,"T6T, Edmonton, AB, Canada",1,CA$34.77,Credit Card
PN-00537,2026-04-23,19:40:23,2026-04-27,08:51:49,Picked up at Shop,Dang Hanh,"T6A, Edmonton, AB, Canada",1,CA$19.49,Cash
PN-00538,2026-04-24,09:14:06,2026-04-26,09:57:03,Delivered to Customer,James Morrison,"T5A, Edmonton, AB, Canada",1,CA$34.90,Credit Card
PN-00539,2026-04-24,10:13:05,2026-04-26,12:08:15,Picked up at Shop,Zoey Murray,"T6M, Edmonton, AB, Canada",1,CA$32.03,Debit
PN-00540,2026-04-24,10:31:14,2026-04-28,13:16:21,Delivered to Customer,Olivia Collins,"T5E, Edmonton, AB, Canada",2,CA$38.74,Debit
PN-00541,2026-04-24,10:42:41,2026-04-25,09:04:27,Picked up at Shop,Abigail Stewart,"T6G, Edmonton, AB, Canada",1,CA$40.18,Cash
PN-00542,2026-04-24,12:19:36,2026-04-24,12:46:03,Picked up at Shop,William Mitchell,"T6G, Edmonton, AB, Canada",2,CA$62.49,Debit
PN-00543,2026-04-24,14:46:56,2026-05-01,13:51:06,Delivered to Customer,Jackson Taylor,"T6B, Edmonton, AB, Canada",2,CA$66.32,E-transfer
PN-00544,2026-04-24,15:28:16,2026-04-29,13:58:32,Picked up at Shop,Harper Clark,"T5J, Edmonton, AB, Canada",2,CA$65.46,Credit Card
PN-00545,2026-04-24,16:24:43,2026-05-01,15:33:58,Picked up at Shop,Dang Thanh,"T5N, Edmonton, AB, Canada",1,CA$22.24,Credit Card
PN-00546,2026-04-24,16:56:53,2026-04-24,17:21:00,Delivered to Customer,Vo Van,"T5A, Edmonton, AB, Canada",1,CA$20.34,Credit Card
PN-00547,2026-04-24,18:16:59,2026-04-26,10:15:26,Delivered to Customer,Vu Anh,"T6J, Edmonton, AB, Canada",1,CA$23.02,Debit
PN-00548,2026-04-24,18:17:08,2026-04-24,23:18:54,Picked up at Shop,Noah Parker,"T5K, Edmonton, AB, Canada",1,CA$43.35,Debit
PN-00549,2026-04-24,18:38:56,2026-04-24,23:26:07,Delivered to Customer,Vo Dung,"T6R, Edmonton, AB, Canada",2,CA$49.17,E-transfer
PN-00550,2026-04-24,18:53:50,2026-04-24,21:16:43,Picked up at Shop,Huynh Viet,"T6T, Edmonton, AB, Canada",1,CA$56.09,Credit Card
PN-00551,2026-04-24,18:58:25,2026-04-27,17:33:41,Delivered to Customer,Hoang Giang,"T6G, Edmonton, AB, Canada",1,CA$34.36,Debit
PN-00552,2026-04-25,10:30:58,2026-04-29,12:15:56,Delivered to Customer,Jackson Bell,"T5B, Edmonton, AB, Canada",1,CA$54.51,Credit Card
PN-00553,2026-04-25,10:41:36,2026-04-25,17:47:48,Delivered to Customer,Elizabeth Clark,"T6J, Edmonton, AB, Canada",2,CA$87.20,Credit Card
PN-00554,2026-04-25,11:55:51,2026-05-01,15:50:14,Picked up at Shop,Chloe Lewis,"T5T, Edmonton, AB, Canada",3,CA$163.14,Credit Card
PN-00555,2026-04-25,12:39:36,2026-05-01,12:55:18,Delivered to Customer,Nathan Cook,"T6P, Edmonton, AB, Canada",1,CA$22.65,Credit Card
PN-00556,2026-04-25,12:47:28,2026-04-27,20:53:17,Delivered to Customer,Owen Taylor,"T5S, Edmonton, AB, Canada",1,CA$25.83,E-transfer
PN-00557,2026-04-25,13:05:52,2026-04-29,15:13:48,Picked up at Shop,Vo Xuan,"T5T, Edmonton, AB, Canada",2,CA$47.33,Credit Card
PN-00558,2026-04-25,13:05:58,2026-04-26,20:05:06,Picked up at Shop,Owen Thompson,"T5H, Edmonton, AB, Canada",1,CA$25.56,Debit
PN-00559,2026-04-25,13:06:01,2026-04-28,12:41:20,Picked up at Shop,Ngo Chi,"T5W, Edmonton, AB, Canada",3,CA$166.67,Credit Card
PN-00560,2026-04-25,13:30:13,2026-04-30,14:24:06,Delivered to Customer,Sofia Bell,"T6M, Edmonton, AB, Canada",1,CA$26.92,E-transfer
PN-00561,2026-04-25,13:51:54,2026-04-25,15:48:30,Delivered to Customer,Ethan White,"T6H, Edmonton, AB, Canada",1,CA$20.13,Credit Card
PN-00562,2026-04-25,14:06:31,2026-05-02,14:38:07,Picked up at Shop,Emma Young,"T5A, Edmonton, AB, Canada",1,CA$27.32,Credit Card
PN-00563,2026-04-25,14:12:31,2026-04-26,17:51:07,Picked up at Shop,Victoria Baker,"T6G, Edmonton, AB, Canada",1,CA$25.18,Credit Card
PN-00564,2026-04-25,16:15:18,2026-04-25,21:35:39,Delivered to Customer,Charlotte Clark,"T6C, Edmonton, AB, Canada",1,CA$25.61,Credit Card
PN-00565,2026-04-25,21:56:15,2026-04-28,11:26:04,Delivered to Customer,Evelyn White,"T5G, Edmonton, AB, Canada",1,CA$44.98,Debit
PN-00566,2026-04-25,22:30:22,2026-04-30,15:15:31,Picked up at Shop,Olivia Bell,"T5V, Edmonton, AB, Canada",1,CA$20.68,Credit Card
PN-00567,2026-04-26,08:00:12,2026-04-26,11:30:57,Picked up at Shop,Phan Duy,"T5A, Edmonton, AB, Canada",3,CA$57.23,Credit Card
PN-00568,2026-04-26,09:45:41,2026-04-28,13:47:13,Delivered to Customer,Phan Yen,"T6N, Edmonton, AB, Canada",1,CA$43.05,Credit Card
PN-00569,2026-04-26,10:38:23,2026-04-27,13:31:40,Picked up at Shop,Ethan Harris,"T5N, Edmonton, AB, Canada",4,CA$167.74,E-transfer
PN-00570,2026-04-26,11:16:07,2026-04-27,14:00:50,Delivered to Customer,Charlotte Roberts,"T5T, Edmonton, AB, Canada",1,CA$33.30,E-transfer
PN-00571,2026-04-26,11:29:32,2026-04-28,20:26:02,Delivered to Customer,David Thompson,"T5J, Edmonton, AB, Canada",1,CA$34.16,Debit
PN-00572,2026-04-26,12:00:44,2026-04-26,21:14:57,Delivered to Customer,Ava Baker,"T6E, Edmonton, AB, Canada",1,CA$21.97,E-transfer
PN-00573,2026-04-26,13:36:09,2026-04-28,10:36:39,Picked up at Shop,David Evans,"T6L, Edmonton, AB, Canada",1,CA$43.85,Cash
PN-00574,2026-04-26,13:41:43,2026-05-03,17:05:56,Delivered to Customer,Do Xuan,"T5A, Edmonton, AB, Canada",3,CA$71.98,Credit Card
PN-00575,2026-04-26,14:19:00,2026-04-26,23:25:37,Picked up at Shop,Charlotte Lewis,"T6M, Edmonton, AB, Canada",1,CA$44.84,Credit Card
PN-00576,2026-04-26,14:20:42,2026-04-28,15:36:35,Picked up at Shop,Nguyen Viet,"T5E, Edmonton, AB, Canada",1,CA$20.58,E-transfer
PN-00577,2026-04-26,14:30:00,2026-04-26,22:32:47,Delivered to Customer,Vu Thu,"T5N, Edmonton, AB, Canada",1,CA$35.45,Debit
PN-00578,2026-04-26,14:52:20,2026-04-28,10:42:57,Delivered to Customer,Dang An,"T6N, Edmonton, AB, Canada",3,CA$124.71,Credit Card
PN-00579,2026-04-26,15:54:32,2026-05-02,12:54:50,Delivered to Customer,Emily Murray,"T5S, Edmonton, AB, Canada",1,CA$26.70,Credit Card
PN-00580,2026-04-26,16:55:04,2026-05-02,18:22:26,Picked up at Shop,Henry Smith,"T5L, Edmonton, AB, Canada",2,CA$38.98,E-transfer
PN-00581,2026-04-26,17:01:06,2026-04-29,15:21:59,Picked up at Shop,Phan Hai,"T5A, Edmonton, AB, Canada",1,CA$34.64,E-transfer
PN-00582,2026-04-26,20:05:08,2026-04-30,11:40:57,Delivered to Customer,Huynh Quan,"T5Y, Edmonton, AB, Canada",1,CA$33.08,Debit
PN-00583,2026-04-26,20:17:42,2026-05-02,15:53:48,Delivered to Customer,Le Thao,"T6C, Edmonton, AB, Canada",1,CA$58.13,Credit Card
PN-00584,2026-04-27,08:32:40,2026-04-28,14:24:33,Delivered to Customer,William Baker,"T5P, Edmonton, AB, Canada",1,CA$40.33,Credit Card
PN-00585,2026-04-27,10:07:21,2026-04-29,17:55:37,Picked up at Shop,Benjamin Taylor,"T5X, Edmonton, AB, Canada",1,CA$22.10,Credit Card
PN-00586,2026-04-27,10:36:24,2026-05-04,11:38:18,Delivered to Customer,Duong Minh,"T5W, Edmonton, AB, Canada",2,CA$46.78,Credit Card
PN-00587,2026-04-27,11:10:10,2026-04-27,21:16:53,Picked up at Shop,Ryan Morrison,"T6R, Edmonton, AB, Canada",3,CA$166.39,E-transfer
PN-00588,2026-04-27,12:09:24,2026-04-28,14:25:59,Delivered to Customer,Ava Walker,"T5K, Edmonton, AB, Canada",1,CA$16.80,E-transfer
PN-00589,2026-04-27,12:10:25,2026-05-02,11:45:59,Delivered to Customer,Ho Khanh,"T5E, Edmonton, AB, Canada",3,CA$95.23,E-transfer
PN-00590,2026-04-27,12:32:41,2026-04-29,13:10:00,Delivered to Customer,Ngo Van,"T6C, Edmonton, AB, Canada",4,CA$96.81,Debit
PN-00591,2026-04-27,13:18:16,2026-05-02,13:24:07,Delivered to Customer,Chloe Baker,"T5T, Edmonton, AB, Canada",1,CA$31.01,Debit
PN-00592,2026-04-27,13:22:57,2026-04-27,15:56:48,Picked up at Shop,Tran Khanh,"T5B, Edmonton, AB, Canada",1,CA$18.71,Debit
PN-00593,2026-04-27,14:23:35,2026-04-28,11:59:09,Picked up at Shop,Ryan Cook,"T6G, Edmonton, AB, Canada",1,CA$16.97,Credit Card
PN-00594,2026-04-27,15:31:07,2026-05-04,17:57:52,Delivered to Customer,Sophia Walker,"T6E, Edmonton, AB, Canada",3,CA$73.44,Credit Card
PN-00595,2026-04-27,15:46:35,2026-05-04,15:28:14,Picked up at Shop,Amelia Murray,"T6E, Edmonton, AB, Canada",1,CA$33.26,E-transfer
PN-00596,2026-04-27,15:51:03,2026-05-03,09:01:21,Delivered to Customer,Liam Murphy,"T6A, Edmonton, AB, Canada",1,CA$32.57,Debit
PN-00597,2026-04-27,16:33:17,2026-04-28,09:25:55,Picked up at Shop,Ho Thu,"T6A, Edmonton, AB, Canada",1,CA$42.19,Credit Card
PN-00598,2026-04-27,18:07:00,2026-04-29,16:05:42,Picked up at Shop,Do Anh,"T5S, Edmonton, AB, Canada",1,CA$27.24,Credit Card
PN-00599,2026-04-27,18:47:06,2026-05-02,10:06:43,Delivered to Customer,Ava Bell,"T5R, Edmonton, AB, Canada",3,CA$55.42,Credit Card
PN-00600,2026-04-27,19:09:04,2026-05-03,13:29:48,Delivered to Customer,Vo Van,"T5B, Edmonton, AB, Canada",1,CA$25.28,Credit Card
PN-00601,2026-04-28,08:42:33,2026-04-30,19:54:21,Picked up at Shop,Amelia Murray,"T5B, Edmonton, AB, Canada",2,CA$63.50,E-transfer
PN-00602,2026-04-28,10:09:04,2026-04-30,20:19:56,Delivered to Customer,David Cook,"T5L, Edmonton, AB, Canada",1,CA$18.08,Debit
PN-00603,2026-04-28,11:09:47,2026-05-05,20:02:44,Picked up at Shop,Huynh Van,"T6N, Edmonton, AB, Canada",1,CA$23.18,Cash
PN-00604,2026-04-28,14:54:38,2026-04-30,13:01:59,Delivered to Customer,Le Giang,"T5W, Edmonton, AB, Canada",1,CA$33.66,Credit Card
PN-00605,2026-04-28,15:32:02,2026-04-30,17:27:32,Delivered to Customer,Isabella Mitchell,"T5G, Edmonton, AB, Canada",1,CA$53.23,Debit
PN-00606,2026-04-28,16:20:55,2026-05-03,10:43:33,Delivered to Customer,Alexander Phillips,"T5J, Edmonton, AB, Canada",1,CA$21.37,Credit Card
PN-00607,2026-04-28,16:23:34,2026-05-04,10:43:29,Delivered to Customer,Pham Phuong,"T6E, Edmonton, AB, Canada",1,CA$42.06,Credit Card
PN-00608,2026-04-28,17:03:59,2026-05-02,17:11:59,Delivered to Customer,Sebastian Walker,"T6G, Edmonton, AB, Canada",2,CA$63.11,Credit Card
PN-00609,2026-04-28,17:46:46,2026-04-30,12:54:17,Picked up at Shop,Amelia Walker,"T5H, Edmonton, AB, Canada",3,CA$94.62,Credit Card
PN-00610,2026-04-28,18:39:41,2026-05-02,09:05:43,Picked up at Shop,Bui Quan,"T5K, Edmonton, AB, Canada",3,CA$75.81,Credit Card
PN-00611,2026-04-29,08:49:07,2026-05-02,16:33:38,Picked up at Shop,Amelia Cook,"T6G, Edmonton, AB, Canada",2,CA$46.15,Debit
PN-00612,2026-04-29,10:03:42,2026-05-03,12:24:54,Delivered to Customer,Bui Son,"T6A, Edmonton, AB, Canada",1,CA$22.05,Credit Card
PN-00613,2026-04-29,10:07:48,2026-04-30,19:52:36,Delivered to Customer,Ella Morrison,"T6G, Edmonton, AB, Canada",1,CA$42.00,Credit Card
PN-00614,2026-04-29,11:03:17,2026-04-29,12:37:14,Picked up at Shop,Dang Hoa,"T5T, Edmonton, AB, Canada",1,CA$23.97,Credit Card
PN-00615,2026-04-29,11:42:09,2026-05-01,09:23:39,Picked up at Shop,Ella Bell,"T6G, Edmonton, AB, Canada",2,CA$47.90,Credit Card
PN-00616,2026-04-29,11:49:29,2026-05-03,16:55:41,Picked up at Shop,Le Chi,"T6A, Edmonton, AB, Canada",1,CA$25.18,E-transfer
PN-00617,2026-04-29,12:41:59,2026-05-06,13:35:03,Delivered to Customer,Ella Smith,"T6E, Edmonton, AB, Canada",1,CA$43.16,E-transfer
PN-00618,2026-04-29,13:24:23,2026-05-04,08:59:21,Delivered to Customer,Jack Parker,"T5J, Edmonton, AB, Canada",1,CA$43.04,Cash
PN-00619,2026-04-29,13:45:05,2026-05-06,18:34:28,Delivered to Customer,Isabella Murphy,"T5V, Edmonton, AB, Canada",1,CA$58.36,Credit Card
PN-00620,2026-04-29,13:56:26,2026-05-04,14:23:50,Picked up at Shop,David Baker,"T5K, Edmonton, AB, Canada",1,CA$58.46,E-transfer
PN-00621,2026-04-29,15:01:16,2026-05-05,10:21:01,Delivered to Customer,Olivia Brown,"T6G, Edmonton, AB, Canada",1,CA$33.52,E-transfer
PN-00622,2026-04-29,15:55:53,2026-04-30,16:56:52,Picked up at Shop,Abigail Mitchell,"T5J, Edmonton, AB, Canada",1,CA$22.20,Credit Card
PN-00623,2026-04-29,16:04:10,2026-05-05,14:35:47,Delivered to Customer,Dang Linh,"T6K, Edmonton, AB, Canada",1,CA$25.52,E-transfer
PN-00624,2026-04-29,16:53:30,2026-05-06,20:44:59,Delivered to Customer,Avery Baker,"T5P, Edmonton, AB, Canada",1,CA$18.20,Credit Card
PN-00625,2026-04-29,17:40:37,2026-05-01,20:58:23,Delivered to Customer,Ava Bell,"T5K, Edmonton, AB, Canada",2,CA$66.85,Credit Card
PN-00626,2026-04-29,18:51:11,2026-05-01,14:12:38,Delivered to Customer,Emma Campbell,"T5N, Edmonton, AB, Canada",1,CA$45.31,Credit Card
PN-00627,2026-04-29,19:24:27,2026-05-05,15:16:31,Delivered to Customer,Owen Carter,"T5J, Edmonton, AB, Canada",1,CA$33.11,Credit Card
PN-00628,2026-04-30,09:33:27,2026-05-07,15:22:30,Delivered to Customer,Do Viet,"T5P, Edmonton, AB, Canada",1,CA$27.18,E-transfer
PN-00629,2026-04-30,10:20:15,2026-05-05,16:09:39,Delivered to Customer,Owen Evans,"T6N, Edmonton, AB, Canada",1,CA$32.35,Debit
PN-00630,2026-04-30,10:21:35,2026-05-02,12:41:30,Delivered to Customer,Henry Walker,"T5C, Edmonton, AB, Canada",2,CA$49.39,Debit
PN-00631,2026-04-30,11:23:25,2026-05-02,08:53:59,Delivered to Customer,Hoang Vy,"T6T, Edmonton, AB, Canada",3,CA$72.47,Credit Card
PN-00632,2026-04-30,12:09:58,2026-05-01,13:42:54,Delivered to Customer,Alexander Harris,"T6E, Edmonton, AB, Canada",1,CA$34.21,Credit Card
PN-00633,2026-04-30,12:30:51,2026-05-03,08:20:35,Picked up at Shop,Pham Son,"T5W, Edmonton, AB, Canada",1,CA$42.96,Credit Card
PN-00634,2026-04-30,12:43:54,2026-05-06,12:36:21,Delivered to Customer,Ly Lan,"T5K, Edmonton, AB, Canada",1,CA$45.16,Credit Card
PN-00635,2026-04-30,13:38:06,2026-05-02,20:36:11,Delivered to Customer,Bui Van,"T5S, Edmonton, AB, Canada",1,CA$45.46,Debit
PN-00636,2026-04-30,13:40:46,2026-05-03,08:20:08,Delivered to Customer,Nathan Wright,"T6G, Edmonton, AB, Canada",1,CA$35.83,Credit Card
PN-00637,2026-04-30,13:55:25,2026-05-05,14:25:46,Picked up at Shop,Ethan Walker,"T6G, Edmonton, AB, Canada",3,CA$73.33,Debit
PN-00638,2026-04-30,14:34:02,2026-05-07,10:36:28,Delivered to Customer,Do Thanh,"T6J, Edmonton, AB, Canada",1,CA$35.55,Cash
PN-00639,2026-04-30,15:45:13,2026-04-30,17:35:32,Delivered to Customer,Alexander Evans,"T5P, Edmonton, AB, Canada",2,CA$85.44,Credit Card
PN-00640,2026-04-30,16:08:12,2026-05-01,14:22:53,Picked up at Shop,Victoria Wilson,"T5J, Edmonton, AB, Canada",1,CA$34.68,Debit
PN-00641,2026-04-30,17:36:07,2026-05-05,13:12:30,Delivered to Customer,Grace Walker,"T5J, Edmonton, AB, Canada",2,CA$111.46,E-transfer
PN-00642,2026-04-30,17:48:06,2026-05-01,13:13:43,Delivered to Customer,Pham Ngoc,"T5A, Edmonton, AB, Canada",1,CA$40.69,Credit Card
PN-00643,2026-04-30,18:00:13,2026-05-07,09:08:03,Delivered to Customer,William Thompson,"T6G, Edmonton, AB, Canada",1,CA$17.08,Credit Card
PN-00644,2026-04-30,18:28:07,2026-04-30,22:31:58,Delivered to Customer,Duong Van,"T5K, Edmonton, AB, Canada",1,CA$30.22,Debit
PN-00645,2026-05-01,10:27:38,2026-05-07,17:24:21,Delivered to Customer,Huynh Phong,"T5R, Edmonton, AB, Canada",1,CA$25.13,Credit Card
PN-00646,2026-05-01,11:10:11,2026-05-05,15:01:50,Delivered to Customer,Nathan White,"T6R, Edmonton, AB, Canada",2,CA$63.96,Credit Card
PN-00647,2026-05-01,12:08:08,2026-05-05,15:24:08,Delivered to Customer,Charlotte Phillips,"T6X, Edmonton, AB, Canada",1,CA$26.75,Cash
PN-00648,2026-05-01,12:12:21,2026-05-01,16:06:47,Picked up at Shop,Emily White,"T6A, Edmonton, AB, Canada",1,CA$44.66,Credit Card
PN-00649,2026-05-01,12:16:19,2026-05-08,16:27:59,Delivered to Customer,Do Hanh,"T5T, Edmonton, AB, Canada",3,CA$70.16,E-transfer
PN-00650,2026-05-01,12:24:29,2026-05-03,16:01:09,Picked up at Shop,Jack Thompson,"T6J, Edmonton, AB, Canada",1,CA$24.97,Credit Card
PN-00651,2026-05-01,12:59:59,2026-05-01,21:03:59,Picked up at Shop,Jack Collins,"T6K, Edmonton, AB, Canada",1,CA$22.76,Credit Card
PN-00652,2026-05-01,13:48:46,2026-05-02,13:55:10,Picked up at Shop,Emma King,"T5V, Edmonton, AB, Canada",2,CA$34.35,Credit Card
PN-00653,2026-05-01,13:53:31,2026-05-06,16:58:57,Delivered to Customer,Avery Phillips,"T5B, Edmonton, AB, Canada",2,CA$64.23,Debit
PN-00654,2026-05-01,14:06:05,2026-05-06,11:11:15,Delivered to Customer,Isabella Scott,"T5C, Edmonton, AB, Canada",1,CA$16.36,Credit Card
PN-00655,2026-05-01,14:11:49,2026-05-02,17:02:13,Delivered to Customer,Sofia King,"T6G, Edmonton, AB, Canada",1,CA$40.54,Credit Card
PN-00656,2026-05-01,14:31:30,2026-05-01,14:45:51,Delivered to Customer,Jackson Edwards,"T6G, Edmonton, AB, Canada",1,CA$40.65,Credit Card
PN-00657,2026-05-01,15:46:59,2026-05-01,20:00:06,Delivered to Customer,Sofia Edwards,"T6G, Edmonton, AB, Canada",1,CA$31.99,E-transfer
PN-00658,2026-05-01,16:23:19,2026-05-05,11:17:31,Delivered to Customer,Lucas Thompson,"T5V, Edmonton, AB, Canada",1,CA$31.09,Debit
PN-00659,2026-05-01,16:37:15,2026-05-06,17:28:27,Picked up at Shop,Ryan Johnson,"T5K, Edmonton, AB, Canada",1,CA$28.00,Cash
PN-00660,2026-05-01,17:10:42,2026-05-04,12:51:58,Picked up at Shop,Jack Turner,"T5B, Edmonton, AB, Canada",1,CA$22.38,Credit Card
PN-00661,2026-05-01,17:43:59,2026-05-03,13:44:54,Delivered to Customer,Vo Huong,"T5B, Edmonton, AB, Canada",1,CA$56.76,Credit Card
PN-00662,2026-05-01,18:45:42,2026-05-02,14:37:31,Picked up at Shop,Vo Chi,"T5J, Edmonton, AB, Canada",1,CA$33.26,E-transfer
PN-00663,2026-05-01,19:39:18,2026-05-02,13:52:45,Delivered to Customer,Michael Smith,"T5T, Edmonton, AB, Canada",1,CA$31.90,Credit Card
PN-00664,2026-05-02,08:56:30,2026-05-06,11:51:37,Delivered to Customer,Ryan Turner,"T6A, Edmonton, AB, Canada",1,CA$31.34,Credit Card
PN-00665,2026-05-02,09:04:19,2026-05-09,11:37:28,Picked up at Shop,Elizabeth Baker,"T6G, Edmonton, AB, Canada",3,CA$163.89,Credit Card
PN-00666,2026-05-02,09:11:36,2026-05-02,18:01:23,Delivered to Customer,Vu Quynh,"T5Z, Edmonton, AB, Canada",1,CA$26.13,Credit Card
PN-00667,2026-05-02,12:29:14,2026-05-06,08:39:28,Picked up at Shop,Vo Phuong,"T6M, Edmonton, AB, Canada",2,CA$108.84,Credit Card
PN-00668,2026-05-02,13:09:13,2026-05-02,22:32:22,Delivered to Customer,Mia Martin,"T5J, Edmonton, AB, Canada",1,CA$25.99,Credit Card
PN-00669,2026-05-02,13:48:32,2026-05-06,10:06:54,Picked up at Shop,William Wright,"T6J, Edmonton, AB, Canada",2,CA$65.08,Credit Card
PN-00670,2026-05-02,14:16:48,2026-05-09,20:05:28,Picked up at Shop,Chloe Cook,"T5N, Edmonton, AB, Canada",3,CA$166.05,Cash
PN-00671,2026-05-02,14:27:12,2026-05-03,10:34:59,Delivered to Customer,Hoang Phuong,"T5Z, Edmonton, AB, Canada",1,CA$42.14,Credit Card
PN-00672,2026-05-02,14:39:35,2026-05-05,11:32:23,Delivered to Customer,Huynh Dung,"T6C, Edmonton, AB, Canada",1,CA$18.85,Credit Card
PN-00673,2026-05-02,15:00:26,2026-05-03,12:53:53,Delivered to Customer,Le Nam,"T5M, Edmonton, AB, Canada",1,CA$30.50,Credit Card
PN-00674,2026-05-02,16:45:45,2026-05-09,12:50:10,Delivered to Customer,Grace Harris,"T5C, Edmonton, AB, Canada",2,CA$67.99,E-transfer
PN-00675,2026-05-02,17:12:26,2026-05-09,10:42:40,Delivered to Customer,Do Tuan,"T5W, Edmonton, AB, Canada",1,CA$44.74,Credit Card
PN-00676,2026-05-02,17:17:56,2026-05-07,10:35:41,Delivered to Customer,Ethan King,"T5T, Edmonton, AB, Canada",1,CA$21.59,Debit
PN-00677,2026-05-02,17:46:20,2026-05-08,16:11:18,Picked up at Shop,Sofia Baker,"T6H, Edmonton, AB, Canada",1,CA$34.32,E-transfer
PN-00678,2026-05-03,10:20:59,2026-05-09,18:19:09,Delivered to Customer,Bui Khanh,"T5A, Edmonton, AB, Canada",1,CA$56.48,Credit Card
PN-00679,2026-05-03,10:51:46,2026-05-09,15:17:34,Delivered to Customer,Vu Hai,"T5H, Edmonton, AB, Canada",1,CA$33.68,E-transfer
PN-00680,2026-05-03,11:39:13,2026-05-05,17:09:48,Delivered to Customer,Ava Collins,"T5J, Edmonton, AB, Canada",2,CA$34.44,E-transfer
PN-00681,2026-05-03,11:41:48,2026-05-04,14:37:57,Picked up at Shop,Emily Clark,"T6X, Edmonton, AB, Canada",2,CA$62.65,Credit Card
PN-00682,2026-05-03,12:59:59,2026-05-09,17:15:02,Picked up at Shop,Pham Huong,"T5T, Edmonton, AB, Canada",2,CA$34.99,E-transfer
PN-00683,2026-05-03,14:20:36,2026-05-07,12:48:19,Delivered to Customer,Pham Mai,"T5T, Edmonton, AB, Canada",1,CA$23.73,Credit Card
PN-00684,2026-05-03,15:16:49,2026-05-09,13:48:47,Delivered to Customer,Ava Bell,"T6G, Edmonton, AB, Canada",1,CA$34.52,Debit
PN-00685,2026-05-03,15:45:03,2026-05-03,23:38:10,Delivered to Customer,Benjamin Martin,"T6E, Edmonton, AB, Canada",1,CA$27.09,Credit Card
PN-00686,2026-05-03,16:06:13,2026-05-06,15:53:20,Picked up at Shop,Elizabeth Scott,"T5H, Edmonton, AB, Canada",1,CA$34.83,Credit Card
PN-00687,2026-05-03,17:40:58,2026-05-09,13:19:59,Delivered to Customer,William Mitchell,"T6J, Edmonton, AB, Canada",1,CA$25.96,Credit Card
PN-00688,2026-05-03,19:00:07,2026-05-05,10:46:38,Picked up at Shop,Ly Duy,"T6E, Edmonton, AB, Canada",3,CA$124.27,Credit Card
PN-00689,2026-05-03,20:58:02,2026-05-10,19:03:14,Picked up at Shop,Ethan Turner,"T5K, Edmonton, AB, Canada",1,CA$26.26,Credit Card
PN-00690,2026-05-03,21:47:34,2026-05-07,17:20:23,Delivered to Customer,Emma Taylor,"T5J, Edmonton, AB, Canada",1,CA$34.84,Credit Card
PN-00691,2026-05-04,08:41:48,2026-05-08,15:24:24,Picked up at Shop,Ngo Mai,"T5G, Edmonton, AB, Canada",1,CA$41.57,Credit Card
PN-00692,2026-05-04,08:47:46,2026-05-08,17:20:27,Picked up at Shop,Avery Roberts,"T5H, Edmonton, AB, Canada",1,CA$35.72,Cash
PN-00693,2026-05-04,09:48:09,2026-05-07,15:38:01,Delivered to Customer,Do Yen,"T6B, Edmonton, AB, Canada",2,CA$87.13,Credit Card
PN-00694,2026-05-04,10:07:08,2026-05-10,18:21:44,Delivered to Customer,Bui Cuong,"T5K, Edmonton, AB, Canada",1,CA$34.05,Credit Card
PN-00695,2026-05-04,12:06:57,2026-05-06,15:11:48,Picked up at Shop,Ella Morrison,"T5T, Edmonton, AB, Canada",1,CA$22.40,Credit Card
PN-00696,2026-05-04,12:16:33,2026-05-05,15:11:17,Picked up at Shop,Do Thanh,"T6C, Edmonton, AB, Canada",1,CA$43.84,E-transfer
PN-00697,2026-05-04,12:26:31,2026-05-04,22:12:55,Delivered to Customer,Nathan Turner,"T5E, Edmonton, AB, Canada",1,CA$31.18,Credit Card
PN-00698,2026-05-04,13:50:49,2026-05-09,08:00:59,Picked up at Shop,Sofia Scott,"T6K, Edmonton, AB, Canada",1,CA$22.88,Credit Card
PN-00699,2026-05-04,16:28:22,2026-05-06,16:03:13,Delivered to Customer,Ly Bao,"T5K, Edmonton, AB, Canada",1,CA$32.32,Cash
PN-00700,2026-05-04,16:41:39,2026-05-04,20:53:32,Delivered to Customer,Mia Phillips,"T6W, Edmonton, AB, Canada",3,CA$70.77,Debit
PN-00701,2026-05-04,17:53:29,2026-05-07,08:23:51,Picked up at Shop,Noah Brown,"T5S, Edmonton, AB, Canada",1,CA$24.20,Debit
PN-00702,2026-05-04,18:52:20,2026-05-09,14:47:09,Picked up at Shop,Ava Thompson,"T6G, Edmonton, AB, Canada",1,CA$58.91,Credit Card
PN-00703,2026-05-04,19:30:28,2026-05-11,12:52:05,Delivered to Customer,Sebastian Young,"T6E, Edmonton, AB, Canada",1,CA$34.45,Credit Card
PN-00704,2026-05-05,11:03:18,2026-05-05,14:32:37,Picked up at Shop,Elizabeth Clark,"T6C, Edmonton, AB, Canada",3,CA$70.08,Debit
PN-00705,2026-05-05,12:16:06,2026-05-06,10:38:50,Delivered to Customer,Tran Yen,"T5T, Edmonton, AB, Canada",1,CA$19.65,Cash
PN-00706,2026-05-05,12:34:46,2026-05-08,12:53:09,Delivered to Customer,Matthew King,"T6M, Edmonton, AB, Canada",1,CA$45.18,Cash
PN-00707,2026-05-05,13:11:23,2026-05-06,18:32:04,Picked up at Shop,Ella Cook,"T6E, Edmonton, AB, Canada",3,CA$126.07,Credit Card
PN-00708,2026-05-05,15:01:02,2026-05-09,14:23:16,Delivered to Customer,Phan Trung,"T6L, Edmonton, AB, Canada",2,CA$65.72,Credit Card
PN-00709,2026-05-05,15:18:49,2026-05-06,19:00:41,Picked up at Shop,Abigail Wright,"T5P, Edmonton, AB, Canada",1,CA$35.76,Credit Card
PN-00710,2026-05-05,15:27:58,2026-05-09,18:51:39,Delivered to Customer,Samuel Bell,"T5G, Edmonton, AB, Canada",1,CA$44.14,Credit Card
PN-00711,2026-05-05,16:24:39,2026-05-10,10:30:37,Picked up at Shop,Sophia Green,"T6H, Edmonton, AB, Canada",2,CA$47.40,Cash
PN-00712,2026-05-05,18:21:34,2026-05-11,13:08:57,Delivered to Customer,Amelia Edwards,"T6G, Edmonton, AB, Canada",1,CA$30.62,E-transfer
PN-00713,2026-05-05,19:51:28,2026-05-12,12:01:25,Picked up at Shop,Phan Quynh,"T5G, Edmonton, AB, Canada",1,CA$19.47,E-transfer
PN-00714,2026-05-05,22:21:12,2026-05-07,15:07:00,Delivered to Customer,Nguyen Binh,"T5J, Edmonton, AB, Canada",1,CA$32.28,Credit Card
PN-00715,2026-05-06,09:11:15,2026-05-06,18:26:03,Picked up at Shop,Ethan Morrison,"T5W, Edmonton, AB, Canada",1,CA$34.91,Credit Card
PN-00716,2026-05-06,09:20:54,2026-05-12,15:50:05,Delivered to Customer,Alexander Baker,"T6R, Edmonton, AB, Canada",1,CA$30.51,Credit Card
PN-00717,2026-05-06,10:25:52,2026-05-06,19:12:59,Delivered to Customer,Ethan White,"T5K, Edmonton, AB, Canada",1,CA$43.53,E-transfer
PN-00718,2026-05-06,10:30:33,2026-05-07,16:49:01,Delivered to Customer,Lucas Smith,"T6J, Edmonton, AB, Canada",2,CA$113.71,Debit
PN-00719,2026-05-06,10:34:22,2026-05-13,15:53:04,Delivered to Customer,Olivia Collins,"T5B, Edmonton, AB, Canada",3,CA$71.61,Credit Card
PN-00720,2026-05-06,11:26:15,2026-05-12,17:05:45,Delivered to Customer,Amelia Baker,"T5J, Edmonton, AB, Canada",1,CA$24.39,Cash
PN-00721,2026-05-06,12:44:50,2026-05-10,13:49:39,Delivered to Customer,Emma Phillips,"T6A, Edmonton, AB, Canada",2,CA$49.29,Credit Card
PN-00722,2026-05-06,13:12:10,2026-05-08,10:36:39,Delivered to Customer,Owen Smith,"T5H, Edmonton, AB, Canada",1,CA$33.12,Debit
PN-00723,2026-05-06,13:26:56,2026-05-07,18:30:33,Picked up at Shop,Ryan Anderson,"T6J, Edmonton, AB, Canada",1,CA$31.08,Credit Card
PN-00724,2026-05-06,14:26:33,2026-05-07,08:01:44,Delivered to Customer,Le Minh,"T5B, Edmonton, AB, Canada",2,CA$110.73,E-transfer
PN-00725,2026-05-06,14:29:07,2026-05-08,11:24:00,Delivered to Customer,Nguyen Vy,"T6J, Edmonton, AB, Canada",1,CA$18.77,Credit Card
PN-00726,2026-05-06,14:31:11,2026-05-11,16:31:29,Delivered to Customer,Hoang Son,"T5T, Edmonton, AB, Canada",1,CA$40.58,Debit
PN-00727,2026-05-06,14:40:31,2026-05-08,14:17:05,Delivered to Customer,Isabella Collins,"T6E, Edmonton, AB, Canada",1,CA$32.87,Credit Card
PN-00728,2026-05-06,15:26:16,2026-05-07,08:56:58,Picked up at Shop,Jackson Green,"T6P, Edmonton, AB, Canada",1,CA$34.09,Credit Card
PN-00729,2026-05-06,15:40:43,2026-05-06,18:34:55,Delivered to Customer,Emma Harris,"T6G, Edmonton, AB, Canada",2,CA$62.00,Debit
PN-00730,2026-05-06,15:49:04,2026-05-06,16:23:41,Picked up at Shop,Bui Kim,"T6E, Edmonton, AB, Canada",1,CA$26.96,Credit Card
PN-00731,2026-05-06,16:59:43,2026-05-13,16:11:32,Delivered to Customer,Abigail Green,"T5J, Edmonton, AB, Canada",1,CA$35.67,Cash
PN-00732,2026-05-06,19:39:36,2026-05-08,15:28:15,Delivered to Customer,Ava Evans,"T6S, Edmonton, AB, Canada",1,CA$57.63,Credit Card
PN-00733,2026-05-07,08:43:04,2026-05-08,16:03:50,Delivered to Customer,Noah Wilson,"T6G, Edmonton, AB, Canada",1,CA$17.07,Credit Card
PN-00734,2026-05-07,09:02:56,2026-05-08,19:20:11,Delivered to Customer,Olivia Phillips,"T5K, Edmonton, AB, Canada",2,CA$82.32,Debit
PN-00735,2026-05-07,11:28:14,2026-05-10,13:02:02,Delivered to Customer,Samuel Mitchell,"T5S, Edmonton, AB, Canada",1,CA$35.44,E-transfer
PN-00736,2026-05-07,11:57:36,2026-05-08,17:19:35,Picked up at Shop,Amelia Harris,"T6B, Edmonton, AB, Canada",1,CA$25.33,Credit Card
PN-00737,2026-05-07,12:36:28,2026-05-13,11:22:08,Delivered to Customer,Ly Lan,"T5B, Edmonton, AB, Canada",2,CA$112.76,Credit Card
PN-00738,2026-05-07,12:40:19,2026-05-09,16:19:51,Delivered to Customer,Le Chi,"T6E, Edmonton, AB, Canada",1,CA$25.37,Debit
PN-00739,2026-05-07,13:25:10,2026-05-10,14:43:11,Delivered to Customer,Henry Phillips,"T5B, Edmonton, AB, Canada",1,CA$41.45,E-transfer
PN-00740,2026-05-07,13:36:25,2026-05-09,13:55:17,Picked up at Shop,Jack Edwards,"T5K, Edmonton, AB, Canada",1,CA$58.98,E-transfer
PN-00741,2026-05-07,13:37:38,2026-05-10,15:35:19,Picked up at Shop,Vu Hanh,"T6R, Edmonton, AB, Canada",2,CA$67.10,Credit Card
PN-00742,2026-05-07,13:38:06,2026-05-09,11:03:28,Picked up at Shop,Noah Turner,"T6J, Edmonton, AB, Canada",1,CA$24.19,Credit Card
PN-00743,2026-05-07,14:25:05,2026-05-10,13:36:11,Picked up at Shop,Tran Trung,"T6S, Edmonton, AB, Canada",3,CA$70.26,Debit
PN-00744,2026-05-07,14:59:21,2026-05-11,13:38:06,Picked up at Shop,Le Khanh,"T5C, Edmonton, AB, Canada",1,CA$25.61,Debit
PN-00745,2026-05-07,15:09:15,2026-05-09,09:21:51,Delivered to Customer,Elizabeth Taylor,"T5V, Edmonton, AB, Canada",1,CA$32.44,Debit
PN-00746,2026-05-07,15:53:25,2026-05-10,11:17:44,Picked up at Shop,Emma Wilson,"T5S, Edmonton, AB, Canada",1,CA$57.71,E-transfer
PN-00747,2026-05-07,19:29:24,2026-05-12,20:55:03,Delivered to Customer,Noah Wilson,"T5T, Edmonton, AB, Canada",1,CA$45.58,E-transfer
PN-00748,2026-05-07,19:35:47,2026-05-12,19:43:37,Delivered to Customer,David Roberts,"T5J, Edmonton, AB, Canada",1,CA$55.95,Cash
PN-00749,2026-05-08,08:18:06,2026-05-11,13:54:08,Delivered to Customer,Emily Phillips,"T5P, Edmonton, AB, Canada",3,CA$98.98,Credit Card
PN-00750,2026-05-08,08:35:25,2026-05-14,13:13:19,Picked up at Shop,Pham An,"T6E, Edmonton, AB, Canada",1,CA$17.29,Credit Card
PN-00751,2026-05-08,08:43:14,2026-05-12,19:04:04,Delivered to Customer,Sophia King,"T6X, Edmonton, AB, Canada",1,CA$35.35,E-transfer
PN-00752,2026-05-08,10:36:40,2026-05-13,11:58:23,Picked up at Shop,Tran Duy,"T5A, Edmonton, AB, Canada",1,CA$24.92,E-transfer
PN-00753,2026-05-08,11:10:46,2026-05-08,22:54:20,Delivered to Customer,Ethan Taylor,"T5J, Edmonton, AB, Canada",1,CA$23.58,Cash
PN-00754,2026-05-08,11:56:01,2026-05-11,19:30:32,Delivered to Customer,Henry Walker,"T5L, Edmonton, AB, Canada",1,CA$35.78,Credit Card
PN-00755,2026-05-08,12:01:20,2026-05-11,17:29:24,Picked up at Shop,Matthew Mitchell,"T5J, Edmonton, AB, Canada",1,CA$22.07,Credit Card
PN-00756,2026-05-08,13:56:39,2026-05-14,14:20:16,Delivered to Customer,Evelyn Martin,"T5C, Edmonton, AB, Canada",1,CA$33.77,Debit
PN-00757,2026-05-08,15:40:11,2026-05-10,14:21:54,Delivered to Customer,Tran Vy,"T5J, Edmonton, AB, Canada",3,CA$74.06,Credit Card
PN-00758,2026-05-08,16:03:16,2026-05-08,21:51:16,Picked up at Shop,Sofia Cook,"T6E, Edmonton, AB, Canada",1,CA$40.70,Credit Card
PN-00759,2026-05-08,16:43:57,2026-05-15,16:14:50,Delivered to Customer,Evelyn Roberts,"T6T, Edmonton, AB, Canada",3,CA$98.53,E-transfer
PN-00760,2026-05-08,21:44:57,2026-05-15,12:11:05,Delivered to Customer,Jack Campbell,"T6G, Edmonton, AB, Canada",1,CA$54.44,Debit
PN-00761,2026-05-09,08:31:44,2026-05-11,18:51:00,Picked up at Shop,Do Cuong,"T5H, Edmonton, AB, Canada",1,CA$32.78,Credit Card
PN-00762,2026-05-09,08:40:28,2026-05-11,18:05:51,Delivered to Customer,Nguyen Quynh,"T5K, Edmonton, AB, Canada",2,CA$49.88,Debit
PN-00763,2026-05-09,08:53:24,2026-05-11,14:04:22,Picked up at Shop,James Bell,"T5L, Edmonton, AB, Canada",1,CA$18.20,Credit Card
PN-00764,2026-05-09,12:01:47,2026-05-10,15:13:34,Delivered to Customer,William Mitchell,"T5L, Edmonton, AB, Canada",1,CA$54.00,Debit
PN-00765,2026-05-09,12:03:16,2026-05-15,10:35:33,Delivered to Customer,Bui Van,"T5E, Edmonton, AB, Canada",2,CA$67.15,Credit Card
PN-00766,2026-05-09,12:05:49,2026-05-15,12:58:37,Delivered to Customer,Vo Bao,"T6V, Edmonton, AB, Canada",1,CA$16.58,Credit Card
PN-00767,2026-05-09,12:17:17,2026-05-11,13:46:48,Delivered to Customer,Huynh Viet,"T5K, Edmonton, AB, Canada",1,CA$21.56,E-transfer
PN-00768,2026-05-09,13:11:32,2026-05-11,13:16:05,Delivered to Customer,Michael Young,"T5X, Edmonton, AB, Canada",3,CA$128.49,Credit Card
PN-00769,2026-05-09,14:56:01,2026-05-14,12:36:38,Picked up at Shop,Isabella Smith,"T6G, Edmonton, AB, Canada",1,CA$54.66,Debit
PN-00770,2026-05-09,16:06:18,2026-05-11,14:45:28,Delivered to Customer,Isabella Martin,"T6E, Edmonton, AB, Canada",2,CA$38.66,Credit Card
PN-00771,2026-05-09,16:35:16,2026-05-10,16:26:21,Picked up at Shop,Sebastian Walker,"T5J, Edmonton, AB, Canada",4,CA$74.29,Debit
PN-00772,2026-05-09,17:18:36,2026-05-16,11:57:37,Delivered to Customer,Isabella Anderson,"T5S, Edmonton, AB, Canada",1,CA$53.54,Debit
PN-00773,2026-05-09,17:52:07,2026-05-10,15:30:19,Delivered to Customer,Mia Bell,"T5K, Edmonton, AB, Canada",3,CA$53.49,E-transfer
PN-00774,2026-05-09,18:57:07,2026-05-13,17:10:09,Delivered to Customer,Charlotte Thompson,"T5B, Edmonton, AB, Canada",1,CA$18.44,E-transfer
PN-00775,2026-05-09,20:07:24,2026-05-15,15:53:58,Delivered to Customer,Olivia Evans,"T6E, Edmonton, AB, Canada",1,CA$25.42,Cash
PN-00776,2026-05-09,21:04:38,2026-05-14,12:18:49,Picked up at Shop,Tran Nga,"T6V, Edmonton, AB, Canada",1,CA$23.84,Cash
PN-00777,2026-05-09,22:31:27,2026-05-12,16:36:26,Delivered to Customer,Ho Phuong,"T5C, Edmonton, AB, Canada",1,CA$22.81,E-transfer
PN-00778,2026-05-10,08:25:27,2026-05-11,20:16:13,Picked up at Shop,Matthew Mitchell,"T6E, Edmonton, AB, Canada",1,CA$35.10,Debit
PN-00779,2026-05-10,08:26:13,2026-05-10,18:09:17,Picked up at Shop,Zoey Martin,"T5X, Edmonton, AB, Canada",3,CA$53.44,Credit Card
PN-00780,2026-05-10,08:48:10,2026-05-11,19:42:38,Delivered to Customer,Amelia Walker,"T5L, Edmonton, AB, Canada",2,CA$86.32,E-transfer
PN-00781,2026-05-10,12:11:17,2026-05-14,20:11:56,Delivered to Customer,Vu Tuan,"T6E, Edmonton, AB, Canada",3,CA$163.21,Debit
PN-00782,2026-05-10,12:47:25,2026-05-11,11:05:45,Picked up at Shop,Nathan Murphy,"T5A, Edmonton, AB, Canada",1,CA$32.22,Credit Card
PN-00783,2026-05-10,12:57:56,2026-05-16,18:17:31,Delivered to Customer,Samuel Green,"T5W, Edmonton, AB, Canada",3,CA$165.01,Credit Card
PN-00784,2026-05-10,13:34:01,2026-05-13,12:27:23,Delivered to Customer,Michael Turner,"T5A, Edmonton, AB, Canada",2,CA$84.29,Cash
PN-00785,2026-05-10,14:26:02,2026-05-16,15:05:11,Delivered to Customer,Chloe Smith,"T5L, Edmonton, AB, Canada",3,CA$168.50,Credit Card
PN-00786,2026-05-10,15:12:34,2026-05-11,17:52:21,Delivered to Customer,Benjamin Mitchell,"T6A, Edmonton, AB, Canada",1,CA$23.81,Credit Card
PN-00787,2026-05-10,16:36:40,2026-05-11,16:29:55,Picked up at Shop,Do Xuan,"T6X, Edmonton, AB, Canada",1,CA$27.60,Credit Card
PN-00788,2026-05-10,16:47:07,2026-05-14,12:41:34,Delivered to Customer,Huynh Kim,"T6C, Edmonton, AB, Canada",1,CA$23.85,Debit
PN-00789,2026-05-10,18:53:51,2026-05-10,23:01:09,Delivered to Customer,Duong Tuan,"T6G, Edmonton, AB, Canada",3,CA$163.18,Debit
PN-00790,2026-05-10,19:51:30,2026-05-11,10:22:58,Delivered to Customer,William Phillips,"T5X, Edmonton, AB, Canada",1,CA$56.34,Credit Card
PN-00791,2026-05-10,21:00:45,2026-05-13,14:23:52,Picked up at Shop,Huynh Mai,"T6M, Edmonton, AB, Canada",1,CA$31.60,Debit
PN-00792,2026-05-10,21:46:46,2026-05-17,18:41:10,Picked up at Shop,Liam Bell,"T5B, Edmonton, AB, Canada",1,CA$40.89,E-transfer
PN-00793,2026-05-11,08:28:29,2026-05-18,15:28:08,Delivered to Customer,Abigail Parker,"T5K, Edmonton, AB, Canada",1,CA$21.47,Debit
PN-00794,2026-05-11,08:33:21,2026-05-11,22:26:58,Picked up at Shop,Benjamin Edwards,"T6R, Edmonton, AB, Canada",1,CA$55.20,Debit
PN-00795,2026-05-11,10:15:17,2026-05-11,10:55:01,Delivered to Customer,Huynh Minh,"T5J, Edmonton, AB, Canada",1,CA$35.08,Credit Card
PN-00796,2026-05-11,10:32:07,2026-05-17,17:36:44,Picked up at Shop,Henry Turner,"T5H, Edmonton, AB, Canada",1,CA$21.96,E-transfer
PN-00797,2026-05-11,11:45:09,2026-05-14,14:07:12,Delivered to Customer,Hoang Thu,"T6A, Edmonton, AB, Canada",1,CA$33.61,Credit Card
PN-00798,2026-05-11,12:04:49,2026-05-18,15:46:23,Picked up at Shop,Henry Wright,"T6G, Edmonton, AB, Canada",1,CA$34.89,Credit Card
PN-00799,2026-05-11,13:18:14,2026-05-14,11:57:33,Delivered to Customer,Dang Duy,"T6K, Edmonton, AB, Canada",2,CA$86.69,Credit Card
PN-00800,2026-05-11,13:56:06,2026-05-16,14:27:05,Delivered to Customer,Ella Turner,"T5J, Edmonton, AB, Canada",1,CA$53.27,Credit Card
PN-00801,2026-05-11,14:07:45,2026-05-18,16:50:07,Picked up at Shop,Charlotte Evans,"T5J, Edmonton, AB, Canada",1,CA$18.38,Credit Card
PN-00802,2026-05-11,14:28:00,2026-05-14,17:35:40,Picked up at Shop,Ryan Collins,"T6R, Edmonton, AB, Canada",2,CA$63.55,Credit Card
PN-00803,2026-05-11,14:45:04,2026-05-14,11:20:28,Picked up at Shop,Phan Trang,"T6W, Edmonton, AB, Canada",4,CA$70.97,Debit
PN-00804,2026-05-11,15:06:02,2026-05-11,20:52:42,Delivered to Customer,Harper Harris,"T6J, Edmonton, AB, Canada",4,CA$169.40,Debit
PN-00805,2026-05-11,15:16:57,2026-05-13,18:25:03,Delivered to Customer,David Roberts,"T5K, Edmonton, AB, Canada",1,CA$54.45,E-transfer
PN-00806,2026-05-11,15:20:07,2026-05-18,20:55:51,Delivered to Customer,James Murray,"T5J, Edmonton, AB, Canada",1,CA$41.65,E-transfer
PN-00807,2026-05-11,15:32:16,2026-05-11,19:57:28,Picked up at Shop,Dang Lan,"T5R, Edmonton, AB, Canada",1,CA$19.96,Credit Card
PN-00808,2026-05-11,15:39:33,2026-05-17,16:32:50,Delivered to Customer,Victoria Morrison,"T5R, Edmonton, AB, Canada",1,CA$23.66,Credit Card
PN-00809,2026-05-11,16:03:15,2026-05-16,19:20:16,Delivered to Customer,Ava Phillips,"T5J, Edmonton, AB, Canada",4,CA$94.46,Cash
PN-00810,2026-05-11,18:36:54,2026-05-16,13:36:59,Picked up at Shop,Elizabeth Young,"T5M, Edmonton, AB, Canada",1,CA$34.83,Credit Card
PN-00811,2026-05-11,19:29:59,2026-05-11,23:11:30,Delivered to Customer,Ngo Phuong,"T5R, Edmonton, AB, Canada",1,CA$42.98,Credit Card
PN-00812,2026-05-11,22:08:02,2026-05-12,16:09:19,Delivered to Customer,Vu Mai,"T6N, Edmonton, AB, Canada",1,CA$33.40,Credit Card
PN-00813,2026-05-12,08:23:27,2026-05-12,18:42:07,Picked up at Shop,Ava Clark,"T5B, Edmonton, AB, Canada",3,CA$74.79,E-transfer
PN-00814,2026-05-12,08:33:15,2026-05-14,17:43:48,Delivered to Customer,Victoria Bell,"T5H, Edmonton, AB, Canada",1,CA$32.11,E-transfer
PN-00815,2026-05-12,10:04:37,2026-05-15,18:40:43,Delivered to Customer,Daniel Walker,"T6G, Edmonton, AB, Canada",1,CA$41.97,Credit Card
PN-00816,2026-05-12,12:11:38,2026-05-17,15:02:10,Delivered to Customer,Nguyen Cuong,"T5E, Edmonton, AB, Canada",1,CA$56.38,Credit Card
PN-00817,2026-05-12,12:18:11,2026-05-16,16:30:00,Picked up at Shop,Ngo Viet,"T5C, Edmonton, AB, Canada",1,CA$34.58,Credit Card
PN-00818,2026-05-12,13:13:43,2026-05-16,10:59:19,Picked up at Shop,Phan Hanh,"T6M, Edmonton, AB, Canada",1,CA$54.54,Credit Card
PN-00819,2026-05-12,13:21:22,2026-05-12,20:45:36,Delivered to Customer,Vu Quan,"T5K, Edmonton, AB, Canada",1,CA$23.63,Credit Card
PN-00820,2026-05-12,13:47:41,2026-05-14,12:29:28,Delivered to Customer,Victoria Carter,"T6G, Edmonton, AB, Canada",2,CA$47.24,Debit
PN-00821,2026-05-12,14:23:56,2026-05-19,14:22:07,Delivered to Customer,Ngo Trang,"T5B, Edmonton, AB, Canada",1,CA$17.88,Credit Card
PN-00822,2026-05-12,15:18:28,2026-05-17,12:39:25,Delivered to Customer,Ngo Van,"T5T, Edmonton, AB, Canada",1,CA$27.41,E-transfer
PN-00823,2026-05-12,15:34:21,2026-05-15,13:04:50,Picked up at Shop,Sebastian Wright,"T5Y, Edmonton, AB, Canada",1,CA$35.15,Credit Card
PN-00824,2026-05-12,16:15:27,2026-05-19,17:18:14,Delivered to Customer,Ngo Yen,"T5J, Edmonton, AB, Canada",2,CA$86.20,Credit Card
PN-00825,2026-05-12,17:08:05,2026-05-15,17:26:08,Delivered to Customer,Henry Murray,"T5P, Edmonton, AB, Canada",3,CA$99.60,Credit Card
PN-00826,2026-05-12,17:34:49,2026-05-14,15:06:00,Picked up at Shop,Avery White,"T5J, Edmonton, AB, Canada",1,CA$44.57,Credit Card
PN-00827,2026-05-12,19:07:55,2026-05-16,17:12:18,Picked up at Shop,Jackson Roberts,"T5E, Edmonton, AB, Canada",1,CA$40.75,Credit Card
PN-00828,2026-05-12,21:58:06,2026-05-12,22:39:19,Delivered to Customer,Daniel Evans,"T6R, Edmonton, AB, Canada",1,CA$33.40,E-transfer
PN-00829,2026-05-13,08:43:26,2026-05-15,11:57:47,Picked up at Shop,Pham Trang,"T5X, Edmonton, AB, Canada",1,CA$45.19,Debit
PN-00830,2026-05-13,08:50:04,2026-05-19,16:40:43,Picked up at Shop,Ethan Collins,"T6V, Edmonton, AB, Canada",1,CA$31.31,Credit Card
PN-00831,2026-05-13,10:26:25,2026-05-18,18:35:19,Delivered to Customer,Sebastian Evans,"T5K, Edmonton, AB, Canada",1,CA$56.30,Credit Card
PN-00832,2026-05-13,12:44:18,2026-05-16,13:53:26,Delivered to Customer,Isabella Brown,"T6K, Edmonton, AB, Canada",1,CA$31.10,Credit Card
PN-00833,2026-05-13,12:47:39,2026-05-14,16:01:19,Delivered to Customer,Samuel Parker,"T5G, Edmonton, AB, Canada",2,CA$84.38,E-transfer
PN-00834,2026-05-13,13:59:15,2026-05-13,14:34:57,Delivered to Customer,Abigail Harris,"T5L, Edmonton, AB, Canada",1,CA$45.76,Credit Card
PN-00835,2026-05-13,14:10:17,2026-05-14,08:28:56,Delivered to Customer,Charlotte Brown,"T5T, Edmonton, AB, Canada",2,CA$35.37,Cash
PN-00836,2026-05-13,15:03:29,2026-05-18,08:03:10,Delivered to Customer,Michael Collins,"T5A, Edmonton, AB, Canada",1,CA$44.38,Cash
PN-00837,2026-05-13,16:00:39,2026-05-15,15:09:39,Picked up at Shop,Nguyen Minh,"T5T, Edmonton, AB, Canada",1,CA$17.23,Credit Card
PN-00838,2026-05-13,16:02:20,2026-05-13,18:02:12,Delivered to Customer,Avery Anderson,"T5X, Edmonton, AB, Canada",1,CA$57.70,Credit Card
PN-00839,2026-05-13,18:36:34,2026-05-13,22:35:32,Picked up at Shop,Ly Cuong,"T5Y, Edmonton, AB, Canada",1,CA$40.34,Credit Card
PN-00840,2026-05-14,08:24:30,2026-05-19,16:13:03,Delivered to Customer,Amelia Scott,"T6C, Edmonton, AB, Canada",1,CA$17.63,E-transfer
PN-00841,2026-05-14,09:47:49,2026-05-16,18:29:04,Picked up at Shop,Liam Wilson,"T5C, Edmonton, AB, Canada",1,CA$26.78,Credit Card
PN-00842,2026-05-14,10:15:53,2026-05-19,15:03:28,Picked up at Shop,Harper Murray,"T5C, Edmonton, AB, Canada",2,CA$39.50,Debit
PN-00843,2026-05-14,11:06:28,2026-05-21,13:06:39,Picked up at Shop,Lucas Scott,"T5J, Edmonton, AB, Canada",1,CA$33.22,E-transfer
PN-00844,2026-05-14,11:10:40,2026-05-16,16:50:43,Delivered to Customer,Le Quynh,"T6G, Edmonton, AB, Canada",1,CA$43.51,Debit
PN-00845,2026-05-14,11:32:31,2026-05-20,11:45:16,Picked up at Shop,Benjamin Wright,"T5E, Edmonton, AB, Canada",1,CA$34.62,Credit Card
PN-00846,2026-05-14,11:56:34,2026-05-16,17:06:08,Delivered to Customer,James Bell,"T5C, Edmonton, AB, Canada",1,CA$24.08,Debit
PN-00847,2026-05-14,12:17:48,2026-05-20,16:03:42,Picked up at Shop,Ava Stewart,"T6K, Edmonton, AB, Canada",2,CA$66.16,Cash
PN-00848,2026-05-14,12:41:08,2026-05-17,09:38:09,Delivered to Customer,David Scott,"T5V, Edmonton, AB, Canada",1,CA$27.31,Cash
PN-00849,2026-05-14,12:42:22,2026-05-21,16:57:31,Picked up at Shop,Alexander King,"T5L, Edmonton, AB, Canada",1,CA$21.14,Credit Card
PN-00850,2026-05-14,14:58:23,2026-05-15,15:24:11,Delivered to Customer,Vo Xuan,"T6L, Edmonton, AB, Canada",1,CA$58.45,Cash
PN-00851,2026-05-14,15:14:18,2026-05-14,21:32:26,Delivered to Customer,Dang Linh,"T5T, Edmonton, AB, Canada",2,CA$83.83,E-transfer
PN-00852,2026-05-14,15:26:32,2026-05-21,09:21:00,Delivered to Customer,Huynh An,"T6K, Edmonton, AB, Canada",1,CA$25.04,Credit Card
PN-00853,2026-05-14,15:33:40,2026-05-19,14:12:50,Picked up at Shop,David Lewis,"T5A, Edmonton, AB, Canada",1,CA$27.69,Debit
PN-00854,2026-05-14,16:20:25,2026-05-19,12:28:58,Delivered to Customer,Huynh Phuong,"T6P, Edmonton, AB, Canada",1,CA$16.48,Credit Card
PN-00855,2026-05-14,16:21:31,2026-05-15,15:09:51,Delivered to Customer,Do Vy,"T5W, Edmonton, AB, Canada",1,CA$30.70,Credit Card
PN-00856,2026-05-14,16:28:26,2026-05-20,14:20:20,Picked up at Shop,Sebastian King,"T5B, Edmonton, AB, Canada",1,CA$30.93,Credit Card
PN-00857,2026-05-14,16:41:02,2026-05-18,16:42:48,Picked up at Shop,Ho Giang,"T6J, Edmonton, AB, Canada",1,CA$33.88,Debit
PN-00858,2026-05-14,17:15:32,2026-05-15,16:14:41,Delivered to Customer,Olivia Green,"T5M, Edmonton, AB, Canada",2,CA$51.13,Credit Card
PN-00859,2026-05-14,19:19:27,2026-05-15,19:11:54,Delivered to Customer,Lucas Anderson,"T6J, Edmonton, AB, Canada",1,CA$35.30,Debit
PN-00860,2026-05-14,21:28:55,2026-05-16,17:34:31,Picked up at Shop,Nguyen Khanh,"T5Z, Edmonton, AB, Canada",1,CA$25.34,Credit Card
PN-00861,2026-05-15,09:23:54,2026-05-19,11:19:48,Delivered to Customer,Emma Brown,"T6B, Edmonton, AB, Canada",1,CA$58.49,Credit Card
PN-00862,2026-05-15,10:37:10,2026-05-22,14:20:49,Picked up at Shop,Sebastian Baker,"T6S, Edmonton, AB, Canada",1,CA$26.47,Debit
PN-00863,2026-05-15,10:53:05,2026-05-17,17:13:18,Picked up at Shop,Hoang Mai,"T6C, Edmonton, AB, Canada",1,CA$22.10,Debit
PN-00864,2026-05-15,10:54:07,2026-05-15,16:04:41,Delivered to Customer,Phan Lan,"T6E, Edmonton, AB, Canada",1,CA$35.28,Cash
PN-00865,2026-05-15,11:33:21,2026-05-16,20:28:09,Picked up at Shop,David Green,"T5M, Edmonton, AB, Canada",1,CA$33.08,Credit Card
PN-00866,2026-05-15,11:42:17,2026-05-15,12:44:34,Delivered to Customer,Sofia Johnson,"T5X, Edmonton, AB, Canada",2,CA$62.37,Credit Card
PN-00867,2026-05-15,11:55:43,2026-05-18,18:47:10,Delivered to Customer,Ho Thao,"T6L, Edmonton, AB, Canada",1,CA$31.96,Credit Card
PN-00868,2026-05-15,12:45:21,2026-05-18,20:35:45,Delivered to Customer,Mia Parker,"T6H, Edmonton, AB, Canada",1,CA$33.39,Debit
PN-00869,2026-05-15,14:55:15,2026-05-15,19:01:37,Delivered to Customer,Mia Stewart,"T5Z, Edmonton, AB, Canada",3,CA$125.06,Debit
PN-00870,2026-05-15,16:41:22,2026-05-18,09:56:55,Delivered to Customer,Henry Young,"T6C, Edmonton, AB, Canada",1,CA$43.03,Debit
PN-00871,2026-05-15,16:50:27,2026-05-21,16:15:27,Delivered to Customer,Sophia Smith,"T6V, Edmonton, AB, Canada",1,CA$34.75,Credit Card
PN-00872,2026-05-15,17:39:03,2026-05-18,17:45:38,Delivered to Customer,Grace King,"T6J, Edmonton, AB, Canada",1,CA$44.37,Credit Card
PN-00873,2026-05-15,18:19:29,2026-05-22,10:47:44,Delivered to Customer,Ella Murphy,"T5A, Edmonton, AB, Canada",1,CA$25.77,Credit Card
PN-00874,2026-05-15,18:27:50,2026-05-17,20:00:40,Picked up at Shop,Sophia Green,"T6E, Edmonton, AB, Canada",1,CA$19.64,E-transfer
PN-00875,2026-05-16,08:42:52,2026-05-17,10:07:22,Picked up at Shop,Chloe Wright,"T5H, Edmonton, AB, Canada",1,CA$31.07,Debit
PN-00876,2026-05-16,10:15:30,2026-05-18,15:44:25,Delivered to Customer,Sebastian Murray,"T5A, Edmonton, AB, Canada",1,CA$43.45,Credit Card
PN-00877,2026-05-16,10:48:20,2026-05-21,11:32:37,Delivered to Customer,Matthew Mitchell,"T5K, Edmonton, AB, Canada",1,CA$25.82,Cash
PN-00878,2026-05-16,11:01:03,2026-05-20,15:56:08,Delivered to Customer,Avery Green,"T5P, Edmonton, AB, Canada",1,CA$32.54,E-transfer
PN-00879,2026-05-16,11:12:14,2026-05-20,17:39:25,Delivered to Customer,Ethan Stewart,"T5T, Edmonton, AB, Canada",1,CA$24.11,Debit
PN-00880,2026-05-16,12:17:56,2026-05-20,15:25:17,Delivered to Customer,Zoey Cook,"T6K, Edmonton, AB, Canada",1,CA$31.73,Credit Card
PN-00881,2026-05-16,12:18:13,2026-05-21,16:34:51,Delivered to Customer,Evelyn Murray,"T5J, Edmonton, AB, Canada",1,CA$19.63,Debit
PN-00882,2026-05-16,13:10:35,2026-05-22,19:56:00,Delivered to Customer,Tran Phuong,"T5A, Edmonton, AB, Canada",3,CA$54.40,Debit
PN-00883,2026-05-16,13:26:39,2026-05-16,13:46:24,Picked up at Shop,Vo Cuong,"T5H, Edmonton, AB, Canada",2,CA$39.26,Debit
PN-00884,2026-05-16,13:52:17,2026-05-19,18:21:30,Delivered to Customer,Ethan Wright,"T5N, Edmonton, AB, Canada",2,CA$51.13,E-transfer
PN-00885,2026-05-16,14:11:51,2026-05-21,10:26:55,Delivered to Customer,Duong Duy,"T6P, Edmonton, AB, Canada",1,CA$26.08,Debit
PN-00886,2026-05-16,14:21:04,2026-05-22,20:49:38,Delivered to Customer,Do Hanh,"T5T, Edmonton, AB, Canada",1,CA$41.15,Credit Card
PN-00887,2026-05-16,14:32:16,2026-05-20,18:27:28,Delivered to Customer,Ella Johnson,"T5R, Edmonton, AB, Canada",1,CA$27.27,Cash
PN-00888,2026-05-16,14:49:08,2026-05-16,16:52:34,Picked up at Shop,Do Lan,"T5J, Edmonton, AB, Canada",1,CA$27.70,Credit Card
PN-00889,2026-05-16,18:39:18,2026-05-16,22:14:09,Delivered to Customer,Jack Turner,"T6C, Edmonton, AB, Canada",1,CA$22.23,Credit Card
PN-00890,2026-05-16,21:11:05,2026-05-18,20:39:38,Delivered to Customer,Abigail Collins,"T6A, Edmonton, AB, Canada",1,CA$40.75,Credit Card
PN-00891,2026-05-16,22:07:47,2026-05-19,19:13:59,Picked up at Shop,Avery Johnson,"T6E, Edmonton, AB, Canada",1,CA$54.82,Credit Card
PN-00892,2026-05-17,08:26:21,2026-05-22,12:27:20,Delivered to Customer,Amelia Murray,"T5K, Edmonton, AB, Canada",1,CA$45.82,Credit Card
PN-00893,2026-05-17,09:09:06,2026-05-22,16:13:06,Delivered to Customer,Zoey Taylor,"T5J, Edmonton, AB, Canada",1,CA$17.11,Credit Card
PN-00894,2026-05-17,10:29:19,2026-05-18,19:15:59,Picked up at Shop,Duong Son,"T6G, Edmonton, AB, Canada",2,CA$65.27,Credit Card
PN-00895,2026-05-17,10:48:55,2026-05-22,11:35:20,Picked up at Shop,Bui Phuong,"T5K, Edmonton, AB, Canada",1,CA$27.05,Credit Card
PN-00896,2026-05-17,11:03:37,2026-05-22,15:32:20,Delivered to Customer,Avery Anderson,"T5J, Edmonton, AB, Canada",3,CA$97.82,Credit Card
PN-00897,2026-05-17,12:45:02,2026-05-18,15:16:28,Delivered to Customer,Vu Duy,"T5P, Edmonton, AB, Canada",1,CA$18.63,Debit
PN-00898,2026-05-17,13:58:31,2026-05-21,19:29:07,Delivered to Customer,Duong Thao,"T6E, Edmonton, AB, Canada",2,CA$62.22,Credit Card
PN-00899,2026-05-17,14:39:41,2026-05-17,18:42:27,Delivered to Customer,Sofia Wilson,"T6L, Edmonton, AB, Canada",1,CA$26.95,Debit
PN-00900,2026-05-17,15:35:12,2026-05-19,18:27:59,Delivered to Customer,Chloe Lewis,"T6C, Edmonton, AB, Canada",1,CA$23.04,Debit
PN-00901,2026-05-17,15:48:07,2026-05-20,20:27:11,Delivered to Customer,Huynh Lan,"T5C, Edmonton, AB, Canada",1,CA$25.97,E-transfer
PN-00902,2026-05-17,16:00:07,2026-05-20,14:30:51,Picked up at Shop,Sophia Cook,"T5L, Edmonton, AB, Canada",1,CA$24.87,Credit Card
PN-00903,2026-05-17,16:29:52,2026-05-23,08:28:47,Delivered to Customer,Ho Xuan,"T6R, Edmonton, AB, Canada",4,CA$98.88,Credit Card
PN-00904,2026-05-17,17:52:18,2026-05-21,14:56:24,Picked up at Shop,Matthew Taylor,"T5N, Edmonton, AB, Canada",1,CA$44.14,Credit Card
PN-00905,2026-05-17,18:09:32,2026-05-22,09:34:57,Delivered to Customer,Matthew Clark,"T6G, Edmonton, AB, Canada",1,CA$33.98,Credit Card
PN-00906,2026-05-17,18:46:56,2026-05-21,15:10:41,Delivered to Customer,Dang Phong,"T5M, Edmonton, AB, Canada",1,CA$35.26,E-transfer
PN-00907,2026-05-17,18:52:08,2026-05-24,11:22:48,Delivered to Customer,James Taylor,"T5K, Edmonton, AB, Canada",1,CA$42.78,Debit
PN-00908,2026-05-17,19:45:07,2026-05-18,19:52:08,Delivered to Customer,Zoey Edwards,"T6N, Edmonton, AB, Canada",1,CA$57.50,Debit
PN-00909,2026-05-17,19:53:54,2026-05-21,20:50:17,Picked up at Shop,Ly Phuong,"T5H, Edmonton, AB, Canada",1,CA$30.50,Debit
PN-00910,2026-05-18,10:14:31,2026-05-18,14:03:49,Delivered to Customer,Ngo Trung,"T6G, Edmonton, AB, Canada",1,CA$27.92,Credit Card
PN-00911,2026-05-18,11:17:41,2026-05-19,11:17:58,Delivered to Customer,Nguyen Vy,"T5P, Edmonton, AB, Canada",1,CA$18.81,Credit Card
PN-00912,2026-05-18,11:20:11,2026-05-23,18:59:27,Delivered to Customer,Do Hoa,"T5P, Edmonton, AB, Canada",1,CA$43.23,Credit Card
PN-00913,2026-05-18,12:23:05,2026-05-25,20:47:00,Picked up at Shop,Charlotte White,"T5S, Edmonton, AB, Canada",1,CA$40.73,Credit Card
PN-00914,2026-05-18,12:30:58,2026-05-19,20:34:08,Picked up at Shop,Daniel White,"T5P, Edmonton, AB, Canada",1,CA$20.34,Credit Card
PN-00915,2026-05-18,12:35:37,2026-05-18,22:15:45,Delivered to Customer,Sophia Cook,"T5W, Edmonton, AB, Canada",1,CA$27.28,Credit Card
PN-00916,2026-05-18,13:45:47,2026-05-25,15:13:25,Delivered to Customer,Ly Trang,"T5A, Edmonton, AB, Canada",1,CA$53.47,Debit
PN-00917,2026-05-18,14:16:23,2026-05-24,12:15:51,Delivered to Customer,Matthew Murray,"T5T, Edmonton, AB, Canada",2,CA$87.83,Credit Card
PN-00918,2026-05-18,14:33:51,2026-05-22,13:28:42,Delivered to Customer,Elizabeth Evans,"T6E, Edmonton, AB, Canada",1,CA$24.08,E-transfer
PN-00919,2026-05-18,14:43:58,2026-05-19,12:43:39,Delivered to Customer,Vu Quan,"T5E, Edmonton, AB, Canada",1,CA$43.27,Credit Card
PN-00920,2026-05-18,15:43:44,2026-05-24,16:26:00,Delivered to Customer,Huynh Thu,"T5J, Edmonton, AB, Canada",2,CA$50.90,Debit
PN-00921,2026-05-18,16:31:05,2026-05-19,16:44:29,Picked up at Shop,Phan Bao,"T5H, Edmonton, AB, Canada",2,CA$110.46,Credit Card
PN-00922,2026-05-18,17:35:39,2026-05-23,14:07:02,Delivered to Customer,Emma White,"T5E, Edmonton, AB, Canada",1,CA$24.92,Credit Card
PN-00923,2026-05-18,18:12:52,2026-05-20,18:06:16,Picked up at Shop,Owen Thompson,"T5H, Edmonton, AB, Canada",1,CA$34.77,E-transfer
PN-00924,2026-05-18,18:21:54,2026-05-24,12:36:51,Delivered to Customer,Harper Smith,"T5L, Edmonton, AB, Canada",1,CA$35.15,E-transfer
PN-00925,2026-05-18,18:21:58,2026-05-25,15:48:22,Delivered to Customer,Matthew Murray,"T5Y, Edmonton, AB, Canada",1,CA$40.74,Credit Card
PN-00926,2026-05-18,18:33:29,2026-05-21,08:01:41,Picked up at Shop,Ethan Thompson,"T6B, Edmonton, AB, Canada",2,CA$86.92,Cash
PN-00927,2026-05-18,19:29:49,2026-05-18,20:25:17,Delivered to Customer,Le Thanh,"T5G, Edmonton, AB, Canada",1,CA$26.48,E-transfer
PN-00928,2026-05-18,20:31:43,2026-05-21,14:18:48,Delivered to Customer,Vo Khanh,"T5K, Edmonton, AB, Canada",1,CA$21.48,E-transfer
PN-00929,2026-05-19,10:41:02,2026-05-24,12:12:32,Picked up at Shop,Liam Lewis,"T5H, Edmonton, AB, Canada",1,CA$26.73,E-transfer
PN-00930,2026-05-19,10:55:43,2026-05-23,20:55:55,Delivered to Customer,Tran Cuong,"T5C, Edmonton, AB, Canada",1,CA$23.68,Credit Card
PN-00931,2026-05-19,11:24:19,2026-05-26,17:44:37,Picked up at Shop,Phan Phuong,"T6E, Edmonton, AB, Canada",4,CA$97.31,Credit Card
PN-00932,2026-05-19,11:32:43,2026-05-26,13:40:59,Delivered to Customer,Chloe Stewart,"T5J, Edmonton, AB, Canada",2,CA$62.91,Credit Card
PN-00933,2026-05-19,12:44:47,2026-05-23,11:55:59,Delivered to Customer,Huynh Duy,"T5J, Edmonton, AB, Canada",1,CA$22.86,Credit Card
PN-00934,2026-05-19,13:33:25,2026-05-23,17:43:13,Delivered to Customer,Tran Chi,"T5K, Edmonton, AB, Canada",1,CA$26.13,Credit Card
PN-00935,2026-05-19,14:19:45,2026-05-26,09:00:09,Delivered to Customer,Mia Taylor,"T6S, Edmonton, AB, Canada",1,CA$19.57,Cash
PN-00936,2026-05-19,14:46:01,2026-05-22,09:46:08,Delivered to Customer,Sofia Murray,"T5M, Edmonton, AB, Canada",1,CA$33.63,Credit Card
PN-00937,2026-05-19,15:02:15,2026-05-20,18:31:15,Delivered to Customer,Victoria Smith,"T5J, Edmonton, AB, Canada",1,CA$30.54,Cash
PN-00938,2026-05-19,16:36:31,2026-05-19,22:33:53,Delivered to Customer,Pham Trang,"T5H, Edmonton, AB, Canada",1,CA$19.06,E-transfer
PN-00939,2026-05-19,17:39:47,2026-05-25,12:01:51,Picked up at Shop,Vo Kim,"T6B, Edmonton, AB, Canada",4,CA$71.00,Cash
PN-00940,2026-05-19,18:47:41,2026-05-20,14:30:53,Delivered to Customer,Vu Kim,"T5J, Edmonton, AB, Canada",4,CA$170.56,Credit Card
PN-00941,2026-05-19,18:54:18,2026-05-21,15:41:25,Delivered to Customer,Phan Xuan,"T6E, Edmonton, AB, Canada",1,CA$58.48,Debit
PN-00942,2026-05-19,19:01:42,2026-05-19,21:30:02,Delivered to Customer,Ella Lewis,"T5A, Edmonton, AB, Canada",1,CA$32.52,Debit
PN-00943,2026-05-19,19:03:17,2026-05-24,16:06:14,Picked up at Shop,William Stewart,"T5N, Edmonton, AB, Canada",1,CA$35.82,Debit
PN-00944,2026-05-19,19:21:33,2026-05-23,20:22:37,Delivered to Customer,Tran Minh,"T6G, Edmonton, AB, Canada",1,CA$21.73,Debit
PN-00945,2026-05-19,19:36:30,2026-05-20,12:10:51,Delivered to Customer,Evelyn Murray,"T6M, Edmonton, AB, Canada",1,CA$34.75,E-transfer
PN-00946,2026-05-19,22:53:45,2026-05-25,17:03:58,Delivered to Customer,Daniel Stewart,"T6E, Edmonton, AB, Canada",1,CA$26.93,Debit
PN-00947,2026-05-20,09:31:35,2026-05-21,17:36:07,Delivered to Customer,David White,"T5J, Edmonton, AB, Canada",1,CA$19.43,Debit
PN-00948,2026-05-20,11:35:03,2026-05-23,08:40:08,Picked up at Shop,Amelia Green,"T5H, Edmonton, AB, Canada",1,CA$27.67,Credit Card
PN-00949,2026-05-20,11:40:12,2026-05-22,20:07:14,Delivered to Customer,Abigail Green,"T5B, Edmonton, AB, Canada",1,CA$41.01,E-transfer
PN-00950,2026-05-20,12:05:26,2026-05-23,14:47:09,Picked up at Shop,Matthew Smith,"T6L, Edmonton, AB, Canada",2,CA$34.12,Debit
PN-00951,2026-05-20,12:06:15,2026-05-26,10:15:50,Delivered to Customer,Sebastian Stewart,"T6E, Edmonton, AB, Canada",1,CA$19.10,Debit
PN-00952,2026-05-20,13:05:27,2026-05-21,15:51:00,Delivered to Customer,William Evans,"T5L, Edmonton, AB, Canada",2,CA$47.41,Debit
PN-00953,2026-05-20,15:22:33,2026-05-23,15:59:29,Picked up at Shop,Chloe Stewart,"T5Y, Edmonton, AB, Canada",1,CA$25.25,Debit
PN-00954,2026-05-20,15:30:14,2026-05-24,08:05:54,Picked up at Shop,Ella Scott,"T5A, Edmonton, AB, Canada",1,CA$19.58,E-transfer
PN-00955,2026-05-20,15:54:14,2026-05-24,12:43:14,Delivered to Customer,Pham Van,"T6T, Edmonton, AB, Canada",1,CA$21.29,Credit Card
PN-00956,2026-05-20,16:56:36,2026-05-25,13:09:48,Delivered to Customer,Benjamin Johnson,"T5K, Edmonton, AB, Canada",1,CA$40.07,Credit Card
PN-00957,2026-05-20,17:37:14,2026-05-25,11:48:15,Delivered to Customer,Avery Mitchell,"T5A, Edmonton, AB, Canada",1,CA$31.70,E-transfer
PN-00958,2026-05-20,20:08:51,2026-05-24,16:09:45,Delivered to Customer,Hoang Hai,"T6M, Edmonton, AB, Canada",2,CA$86.24,Debit
PN-00959,2026-05-20,20:28:49,2026-05-21,11:44:32,Delivered to Customer,Vu Thanh,"T5C, Edmonton, AB, Canada",3,CA$70.01,E-transfer
PN-00960,2026-05-21,09:00:14,2026-05-27,17:32:56,Delivered to Customer,Bui Minh,"T5E, Edmonton, AB, Canada",2,CA$51.83,Credit Card
PN-00961,2026-05-21,09:43:21,2026-05-23,17:59:14,Delivered to Customer,Emma Baker,"T5J, Edmonton, AB, Canada",1,CA$56.36,Credit Card
PN-00962,2026-05-21,09:59:02,2026-05-26,15:26:04,Picked up at Shop,Abigail Carter,"T5L, Edmonton, AB, Canada",1,CA$42.39,E-transfer
PN-00963,2026-05-21,11:00:07,2026-05-21,19:27:39,Delivered to Customer,Vo Mai,"T5B, Edmonton, AB, Canada",1,CA$17.45,Credit Card
PN-00964,2026-05-21,11:02:42,2026-05-22,15:01:05,Picked up at Shop,Lucas Walker,"T6W, Edmonton, AB, Canada",1,CA$45.55,Credit Card
PN-00965,2026-05-21,11:34:24,2026-05-26,15:57:16,Picked up at Shop,Emma Murphy,"T5X, Edmonton, AB, Canada",1,CA$27.73,Cash
PN-00966,2026-05-21,11:53:04,2026-05-25,14:19:24,Picked up at Shop,Daniel Lewis,"T6N, Edmonton, AB, Canada",4,CA$95.31,Debit
PN-00967,2026-05-21,12:58:54,2026-05-27,14:39:05,Delivered to Customer,Ly Trang,"T6V, Edmonton, AB, Canada",1,CA$41.56,Credit Card
PN-00968,2026-05-21,13:38:31,2026-05-27,13:05:31,Picked up at Shop,Mia Mitchell,"T5Z, Edmonton, AB, Canada",2,CA$36.75,E-transfer
PN-00969,2026-05-21,13:57:38,2026-05-27,14:25:54,Delivered to Customer,Emily Turner,"T6T, Edmonton, AB, Canada",2,CA$46.46,E-transfer
PN-00970,2026-05-21,14:50:00,2026-05-28,14:56:26,Picked up at Shop,Michael Baker,"T5E, Edmonton, AB, Canada",2,CA$65.47,Debit
PN-00971,2026-05-21,16:21:26,2026-05-26,18:59:06,Picked up at Shop,Ly Nam,"T6W, Edmonton, AB, Canada",1,CA$23.63,Credit Card
PN-00972,2026-05-21,17:16:51,2026-05-21,20:04:39,Picked up at Shop,Elizabeth Harris,"T6T, Edmonton, AB, Canada",1,CA$25.82,E-transfer
PN-00973,2026-05-22,08:12:09,2026-05-27,14:10:22,Delivered to Customer,Liam Turner,"T5R, Edmonton, AB, Canada",1,CA$26.91,Cash
PN-00974,2026-05-22,08:23:37,2026-05-23,12:49:12,Delivered to Customer,Hoang Phong,"T6E, Edmonton, AB, Canada",2,CA$47.84,Credit Card
PN-00975,2026-05-22,09:19:13,2026-05-26,10:32:55,Picked up at Shop,Ava Bell,"T5G, Edmonton, AB, Canada",1,CA$22.14,Credit Card
PN-00976,2026-05-22,10:43:19,2026-05-26,14:54:06,Picked up at Shop,Lucas Wilson,"T6G, Edmonton, AB, Canada",2,CA$49.94,Credit Card
PN-00977,2026-05-22,12:10:58,2026-05-24,13:15:55,Delivered to Customer,Noah Campbell,"T5N, Edmonton, AB, Canada",3,CA$74.94,Credit Card
PN-00978,2026-05-22,13:21:23,2026-05-24,19:55:32,Delivered to Customer,Charlotte Clark,"T5J, Edmonton, AB, Canada",2,CA$36.68,E-transfer
PN-00979,2026-05-22,13:32:52,2026-05-22,15:00:27,Delivered to Customer,Nguyen Trang,"T5T, Edmonton, AB, Canada",3,CA$125.44,Cash
PN-00980,2026-05-22,13:47:15,2026-05-29,17:47:06,Delivered to Customer,Ethan Parker,"T5J, Edmonton, AB, Canada",2,CA$86.55,E-transfer
PN-00981,2026-05-22,13:57:54,2026-05-24,15:43:45,Delivered to Customer,Noah Cook,"T6E, Edmonton, AB, Canada",1,CA$27.87,Credit Card
PN-00982,2026-05-22,14:13:35,2026-05-27,08:55:23,Picked up at Shop,Ava Young,"T6T, Edmonton, AB, Canada",1,CA$22.99,Credit Card
PN-00983,2026-05-22,14:26:40,2026-05-29,18:43:55,Picked up at Shop,Emma Morrison,"T6G, Edmonton, AB, Canada",1,CA$44.29,Credit Card
PN-00984,2026-05-22,15:31:32,2026-05-28,12:06:27,Delivered to Customer,James Morrison,"T6W, Edmonton, AB, Canada",1,CA$44.06,E-transfer
PN-00985,2026-05-22,16:58:25,2026-05-28,14:07:34,Delivered to Customer,Vu Chi,"T5C, Edmonton, AB, Canada",1,CA$45.40,Credit Card
PN-00986,2026-05-22,18:07:36,2026-05-26,18:35:00,Picked up at Shop,Jackson Carter,"T5C, Edmonton, AB, Canada",4,CA$71.02,Credit Card
PN-00987,2026-05-22,18:13:51,2026-05-26,16:13:56,Delivered to Customer,Pham Huong,"T5M, Edmonton, AB, Canada",2,CA$50.01,Credit Card
PN-00988,2026-05-22,18:28:47,2026-05-27,20:54:29,Delivered to Customer,Liam Evans,"T6B, Edmonton, AB, Canada",2,CA$48.62,Debit
PN-00989,2026-05-22,18:45:32,2026-05-25,08:59:23,Picked up at Shop,Benjamin Wilson,"T5T, Edmonton, AB, Canada",2,CA$87.37,E-transfer
PN-00990,2026-05-22,18:57:12,2026-05-28,09:04:00,Delivered to Customer,Phan Duy,"T5J, Edmonton, AB, Canada",3,CA$127.14,Credit Card
PN-00991,2026-05-22,20:42:16,2026-05-24,14:47:44,Delivered to Customer,Amelia White,"T5T, Edmonton, AB, Canada",2,CA$63.32,Credit Card
PN-00992,2026-05-22,20:51:11,2026-05-23,16:47:27,Delivered to Customer,Emma Mitchell,"T6K, Edmonton, AB, Canada",1,CA$21.47,Credit Card
PN-00993,2026-05-23,09:33:56,2026-05-28,14:24:44,Delivered to Customer,Alexander King,"T5S, Edmonton, AB, Canada",3,CA$125.40,Debit
PN-00994,2026-05-23,12:10:33,2026-05-24,08:00:20,Delivered to Customer,Vo Son,"T5B, Edmonton, AB, Canada",2,CA$49.03,Cash
PN-00995,2026-05-23,12:34:07,2026-05-29,15:30:15,Delivered to Customer,Pham Minh,"T5H, Edmonton, AB, Canada",1,CA$24.96,Cash
PN-00996,2026-05-23,13:00:35,2026-05-25,13:14:37,Delivered to Customer,Grace Martin,"T6J, Edmonton, AB, Canada",1,CA$27.63,Credit Card
PN-00997,2026-05-23,13:00:39,2026-05-30,17:01:09,Delivered to Customer,Do Hai,"T5B, Edmonton, AB, Canada",1,CA$18.15,Credit Card
PN-00998,2026-05-23,13:03:15,2026-05-23,21:26:27,Delivered to Customer,Owen Thompson,"T6J, Edmonton, AB, Canada",2,CA$84.88,E-transfer
PN-00999,2026-05-23,13:34:41,2026-05-26,19:30:42,Picked up at Shop,Ly Anh,"T5T, Edmonton, AB, Canada",1,CA$17.11,Credit Card
PN-01000,2026-05-23,13:46:26,2026-05-24,16:20:45,Delivered to Customer,Tran Phuong,"T5L, Edmonton, AB, Canada",1,CA$42.37,Debit
PN-01001,2026-05-23,13:58:47,2026-05-25,11:57:28,Delivered to Customer,Daniel Brown,"T5C, Edmonton, AB, Canada",1,CA$18.67,E-transfer
PN-01002,2026-05-23,15:09:47,2026-05-26,19:55:53,Picked up at Shop,Henry Turner,"T5E, Edmonton, AB, Canada",2,CA$46.75,E-transfer
PN-01003,2026-05-23,15:27:32,2026-05-29,20:46:32,Picked up at Shop,Sofia Johnson,"T6B, Edmonton, AB, Canada",1,CA$58.96,Debit
PN-01004,2026-05-23,16:11:39,2026-05-26,16:49:23,Picked up at Shop,Do Binh,"T5V, Edmonton, AB, Canada",3,CA$94.87,Credit Card
PN-01005,2026-05-23,16:54:51,2026-05-29,19:47:05,Picked up at Shop,Duong Mai,"T6T, Edmonton, AB, Canada",2,CA$50.09,Debit
PN-01006,2026-05-23,18:39:15,2026-05-29,09:32:38,Picked up at Shop,Matthew Carter,"T6E, Edmonton, AB, Canada",1,CA$20.23,Credit Card
PN-01007,2026-05-23,19:24:39,2026-05-27,16:09:54,Delivered to Customer,Ho Minh,"T5C, Edmonton, AB, Canada",1,CA$17.06,E-transfer
PN-01008,2026-05-23,20:05:46,2026-05-25,12:04:53,Delivered to Customer,Ryan Collins,"T5N, Edmonton, AB, Canada",3,CA$52.99,Cash
PN-01009,2026-05-24,10:04:17,2026-05-26,14:39:56,Delivered to Customer,Vo Viet,"T5A, Edmonton, AB, Canada",1,CA$17.05,Credit Card
PN-01010,2026-05-24,11:58:02,2026-05-30,14:37:54,Picked up at Shop,Huynh Kim,"T6X, Edmonton, AB, Canada",4,CA$166.08,E-transfer
PN-01011,2026-05-24,13:13:10,2026-05-28,14:11:43,Delivered to Customer,Ava Taylor,"T5B, Edmonton, AB, Canada",1,CA$18.79,E-transfer
PN-01012,2026-05-24,13:41:18,2026-05-24,17:37:17,Picked up at Shop,Phan Nga,"T6M, Edmonton, AB, Canada",1,CA$22.06,Credit Card
PN-01013,2026-05-24,13:48:29,2026-05-27,15:29:11,Delivered to Customer,Vu Lan,"T6K, Edmonton, AB, Canada",1,CA$34.70,Credit Card
PN-01014,2026-05-24,14:05:59,2026-05-27,17:58:35,Delivered to Customer,Tran Huong,"T5Z, Edmonton, AB, Canada",1,CA$21.29,Debit
PN-01015,2026-05-24,14:14:34,2026-05-29,18:47:38,Delivered to Customer,Mia Murphy,"T5K, Edmonton, AB, Canada",2,CA$49.44,E-transfer
PN-01016,2026-05-24,14:45:28,2026-05-27,17:22:41,Delivered to Customer,Victoria Collins,"T5J, Edmonton, AB, Canada",2,CA$64.72,Debit
PN-01017,2026-05-24,15:56:28,2026-05-26,12:41:19,Delivered to Customer,Ly Yen,"T5N, Edmonton, AB, Canada",1,CA$24.72,Credit Card
PN-01018,2026-05-24,16:00:02,2026-05-30,15:19:52,Delivered to Customer,Jackson Parker,"T6H, Edmonton, AB, Canada",1,CA$16.06,Debit
PN-01019,2026-05-24,16:59:40,2026-05-25,08:10:38,Delivered to Customer,Le Duy,"T6A, Edmonton, AB, Canada",3,CA$125.43,Credit Card
PN-01020,2026-05-24,17:59:37,2026-05-28,11:34:36,Picked up at Shop,Lucas Clark,"T6J, Edmonton, AB, Canada",1,CA$22.04,Credit Card
PN-01021,2026-05-24,19:01:14,2026-05-29,16:23:57,Picked up at Shop,Tran Lan,"T5N, Edmonton, AB, Canada",2,CA$109.70,Cash
PN-01022,2026-05-24,20:29:23,2026-05-24,21:31:07,Picked up at Shop,Ethan Baker,"T5V, Edmonton, AB, Canada",1,CA$26.65,Credit Card
PN-01023,2026-05-25,08:43:48,2026-05-27,15:18:54,Delivered to Customer,Samuel Collins,"T6G, Edmonton, AB, Canada",2,CA$37.39,Cash
PN-01024,2026-05-25,09:06:20,2026-05-28,19:50:17,Picked up at Shop,Tran Nga,"T6A, Edmonton, AB, Canada",2,CA$51.45,Debit
PN-01025,2026-05-25,10:17:10,2026-05-27,19:03:07,Delivered to Customer,Sebastian Walker,"T5J, Edmonton, AB, Canada",1,CA$31.67,Credit Card
PN-01026,2026-05-25,10:38:18,2026-05-25,17:37:40,Delivered to Customer,Michael Wilson,"T5L, Edmonton, AB, Canada",3,CA$75.92,Credit Card
PN-01027,2026-05-25,10:53:40,2026-05-27,16:44:14,Delivered to Customer,Sebastian White,"T6S, Edmonton, AB, Canada",2,CA$47.91,Debit
PN-01028,2026-05-25,11:42:55,2026-05-31,17:16:24,Delivered to Customer,Liam Collins,"T6G, Edmonton, AB, Canada",2,CA$46.03,Debit
PN-01029,2026-05-25,12:12:59,2026-05-29,13:03:12,Delivered to Customer,Do Tuan,"T6K, Edmonton, AB, Canada",1,CA$23.63,Debit
PN-01030,2026-05-25,13:09:45,2026-05-27,16:06:37,Picked up at Shop,Tran Thu,"T6K, Edmonton, AB, Canada",1,CA$33.83,Credit Card
PN-01031,2026-05-25,14:09:24,2026-05-27,10:55:08,Delivered to Customer,Vu Yen,"T5P, Edmonton, AB, Canada",1,CA$33.24,Credit Card
PN-01032,2026-05-25,14:52:23,2026-05-27,18:47:59,Picked up at Shop,Ly Son,"T5J, Edmonton, AB, Canada",1,CA$25.45,E-transfer
PN-01033,2026-05-25,15:04:40,2026-05-28,14:35:27,Delivered to Customer,David Taylor,"T6G, Edmonton, AB, Canada",1,CA$31.74,Credit Card
PN-01034,2026-05-25,15:24:55,2026-05-25,23:27:23,Delivered to Customer,Emily Bell,"T5H, Edmonton, AB, Canada",2,CA$67.84,Credit Card
PN-01035,2026-05-25,15:37:35,2026-05-31,09:45:50,Delivered to Customer,Lucas Johnson,"T5X, Edmonton, AB, Canada",1,CA$33.95,Cash
PN-01036,2026-05-25,15:39:21,2026-05-30,13:49:40,Picked up at Shop,William Turner,"T6G, Edmonton, AB, Canada",1,CA$24.10,Cash
PN-01037,2026-05-25,16:17:25,2026-05-27,16:22:46,Picked up at Shop,Sebastian Clark,"T5Z, Edmonton, AB, Canada",4,CA$97.31,Credit Card
PN-01038,2026-05-25,16:21:53,2026-05-29,18:05:54,Picked up at Shop,Alexander Green,"T5J, Edmonton, AB, Canada",1,CA$22.07,Credit Card
PN-01039,2026-05-25,19:07:35,2026-05-31,11:25:10,Picked up at Shop,Isabella Parker,"T5A, Edmonton, AB, Canada",1,CA$42.06,E-transfer
PN-01040,2026-05-25,21:59:09,2026-05-30,12:30:53,Delivered to Customer,Vu Giang,"T5J, Edmonton, AB, Canada",2,CA$63.47,Cash
PN-01041,2026-05-26,08:57:58,2026-05-28,15:08:10,Delivered to Customer,William King,"T5A, Edmonton, AB, Canada",1,CA$21.79,E-transfer
PN-01042,2026-05-26,11:48:35,2026-05-28,09:20:25,Delivered to Customer,Ngo Dung,"T5E, Edmonton, AB, Canada",1,CA$17.69,Debit
PN-01043,2026-05-26,13:19:47,2026-05-31,15:00:00,Delivered to Customer,Huynh Thao,"T6E, Edmonton, AB, Canada",1,CA$43.95,E-transfer
PN-01044,2026-05-26,14:31:09,2026-05-27,16:12:50,Delivered to Customer,Vo Linh,"T5W, Edmonton, AB, Canada",3,CA$75.63,Debit
PN-01045,2026-05-26,15:25:05,2026-06-01,20:22:17,Picked up at Shop,Phan Phong,"T5K, Edmonton, AB, Canada",1,CA$43.14,Credit Card
PN-01046,2026-05-26,16:52:24,2026-06-01,19:27:54,Picked up at Shop,Zoey Baker,"T5K, Edmonton, AB, Canada",4,CA$171.28,Cash
PN-01047,2026-05-26,17:17:08,2026-06-02,10:20:54,Delivered to Customer,Avery Johnson,"T6X, Edmonton, AB, Canada",2,CA$65.69,Credit Card
PN-01048,2026-05-26,18:23:35,2026-05-30,14:10:18,Delivered to Customer,Michael Green,"T5J, Edmonton, AB, Canada",1,CA$24.07,Cash
PN-01049,2026-05-26,18:31:34,2026-05-29,13:32:52,Delivered to Customer,Nguyen Phuong,"T6J, Edmonton, AB, Canada",1,CA$34.47,Credit Card
PN-01050,2026-05-26,18:41:10,2026-05-28,10:17:44,Delivered to Customer,Ngo Hai,"T5J, Edmonton, AB, Canada",1,CA$56.57,Credit Card
PN-01051,2026-05-26,19:49:45,2026-05-31,16:40:56,Delivered to Customer,Michael Lewis,"T5J, Edmonton, AB, Canada",2,CA$50.68,Debit
PN-01052,2026-05-27,11:19:05,2026-05-27,21:54:18,Picked up at Shop,Ava Scott,"T5S, Edmonton, AB, Canada",1,CA$33.89,Credit Card
PN-01053,2026-05-27,11:42:30,2026-05-28,13:58:33,Delivered to Customer,Tran Huong,"T5X, Edmonton, AB, Canada",1,CA$45.06,E-transfer
PN-01054,2026-05-27,12:22:55,2026-06-01,18:56:26,Delivered to Customer,Owen White,"T5S, Edmonton, AB, Canada",1,CA$25.32,Cash
PN-01055,2026-05-27,12:25:00,2026-05-28,12:44:05,Delivered to Customer,Zoey Brown,"T6S, Edmonton, AB, Canada",1,CA$34.17,Debit
PN-01056,2026-05-27,14:31:47,2026-05-28,16:00:49,Delivered to Customer,Duong Viet,"T5A, Edmonton, AB, Canada",1,CA$24.47,E-transfer
PN-01057,2026-05-27,14:42:53,2026-05-27,20:51:29,Picked up at Shop,Vu Nga,"T6E, Edmonton, AB, Canada",1,CA$31.27,Credit Card
PN-01058,2026-05-27,14:46:41,2026-06-03,14:25:30,Picked up at Shop,James White,"T5K, Edmonton, AB, Canada",1,CA$27.15,E-transfer
PN-01059,2026-05-27,15:32:35,2026-05-31,13:49:05,Delivered to Customer,Avery Cook,"T5R, Edmonton, AB, Canada",1,CA$26.56,Debit
PN-01060,2026-05-27,16:45:04,2026-05-27,20:16:33,Delivered to Customer,Ngo Trang,"T5T, Edmonton, AB, Canada",2,CA$66.16,E-transfer
PN-01061,2026-05-27,17:42:00,2026-06-03,15:54:20,Picked up at Shop,Liam Campbell,"T5L, Edmonton, AB, Canada",1,CA$18.73,Credit Card
PN-01062,2026-05-27,18:34:46,2026-06-02,14:48:44,Picked up at Shop,Sebastian Edwards,"T5J, Edmonton, AB, Canada",1,CA$22.37,Credit Card
PN-01063,2026-05-27,19:00:47,2026-05-29,08:57:56,Delivered to Customer,Huynh Thanh,"T6H, Edmonton, AB, Canada",1,CA$57.90,E-transfer
PN-01064,2026-05-27,22:56:34,2026-06-03,10:07:35,Delivered to Customer,Henry King,"T5C, Edmonton, AB, Canada",1,CA$53.04,Credit Card
PN-01065,2026-05-28,08:22:59,2026-06-01,12:37:18,Delivered to Customer,Vu Hoa,"T5S, Edmonton, AB, Canada",1,CA$26.12,Debit
PN-01066,2026-05-28,09:40:43,2026-05-28,11:44:06,Delivered to Customer,David Parker,"T5C, Edmonton, AB, Canada",4,CA$126.38,Credit Card
PN-01067,2026-05-28,11:25:27,2026-06-04,13:12:00,Delivered to Customer,Nathan Clark,"T6T, Edmonton, AB, Canada",1,CA$33.08,Cash
PN-01068,2026-05-28,12:47:53,2026-05-31,16:50:55,Picked up at Shop,Ava Stewart,"T5W, Edmonton, AB, Canada",1,CA$35.16,Credit Card
PN-01069,2026-05-28,13:07:18,2026-06-03,09:41:17,Picked up at Shop,Matthew Bell,"T5M, Edmonton, AB, Canada",2,CA$108.31,Credit Card
PN-01070,2026-05-28,13:10:23,2026-06-01,17:46:42,Delivered to Customer,Grace Wilson,"T5T, Edmonton, AB, Canada",1,CA$22.28,Credit Card
PN-01071,2026-05-28,14:18:49,2026-05-30,11:26:40,Delivered to Customer,Noah Young,"T5J, Edmonton, AB, Canada",1,CA$19.84,E-transfer
PN-01072,2026-05-28,15:20:29,2026-05-29,11:33:10,Delivered to Customer,Lucas Baker,"T6H, Edmonton, AB, Canada",2,CA$51.68,Debit
PN-01073,2026-05-28,16:15:16,2026-05-28,20:25:13,Delivered to Customer,Samuel Roberts,"T6T, Edmonton, AB, Canada",1,CA$33.79,Credit Card
PN-01074,2026-05-28,16:41:20,2026-06-03,15:34:00,Delivered to Customer,James Evans,"T6K, Edmonton, AB, Canada",1,CA$32.35,Credit Card
PN-01075,2026-05-28,17:23:32,2026-05-28,22:13:12,Delivered to Customer,Pham Phong,"T5J, Edmonton, AB, Canada",2,CA$51.54,Credit Card
PN-01076,2026-05-28,18:16:02,2026-06-01,14:51:38,Delivered to Customer,Harper Roberts,"T6X, Edmonton, AB, Canada",2,CA$87.40,Credit Card
PN-01077,2026-05-28,19:25:44,2026-05-28,22:06:59,Picked up at Shop,Benjamin Campbell,"T6G, Edmonton, AB, Canada",2,CA$49.58,Debit
PN-01078,2026-05-29,08:23:06,2026-05-31,16:14:29,Delivered to Customer,Vo Vy,"T5C, Edmonton, AB, Canada",2,CA$108.35,Debit
PN-01079,2026-05-29,10:16:33,2026-06-05,20:18:15,Delivered to Customer,Dang Chi,"T6J, Edmonton, AB, Canada",1,CA$41.54,Cash
PN-01080,2026-05-29,10:24:41,2026-06-05,14:50:23,Picked up at Shop,Nguyen Van,"T6L, Edmonton, AB, Canada",2,CA$51.26,Credit Card
PN-01081,2026-05-29,10:51:11,2026-05-31,19:36:28,Picked up at Shop,Do Hai,"T6S, Edmonton, AB, Canada",1,CA$23.19,Credit Card
PN-01082,2026-05-29,11:22:55,2026-06-04,19:02:24,Delivered to Customer,David Bell,"T5B, Edmonton, AB, Canada",1,CA$19.49,Debit
PN-01083,2026-05-29,11:29:03,2026-06-05,20:42:57,Delivered to Customer,Harper Lewis,"T5N, Edmonton, AB, Canada",1,CA$24.46,Debit
PN-01084,2026-05-29,12:05:18,2026-05-29,19:04:33,Delivered to Customer,Duong Vy,"T5M, Edmonton, AB, Canada",1,CA$42.26,E-transfer
PN-01085,2026-05-29,13:25:39,2026-05-31,13:37:58,Picked up at Shop,Ethan Wright,"T5K, Edmonton, AB, Canada",2,CA$87.19,Credit Card
PN-01086,2026-05-29,13:50:50,2026-06-05,13:11:23,Picked up at Shop,Daniel Thompson,"T6E, Edmonton, AB, Canada",1,CA$21.69,Cash
PN-01087,2026-05-29,14:43:47,2026-06-01,10:06:20,Delivered to Customer,Charlotte Wilson,"T6G, Edmonton, AB, Canada",1,CA$16.03,Credit Card
PN-01088,2026-05-29,15:14:53,2026-06-02,20:44:29,Picked up at Shop,Le Nam,"T5Y, Edmonton, AB, Canada",1,CA$45.22,Debit
PN-01089,2026-05-29,15:15:53,2026-05-30,17:13:19,Delivered to Customer,Ly Anh,"T6G, Edmonton, AB, Canada",1,CA$30.79,Debit
PN-01090,2026-05-29,15:22:16,2026-06-04,10:24:19,Delivered to Customer,Isabella Baker,"T6P, Edmonton, AB, Canada",1,CA$56.89,Credit Card
PN-01091,2026-05-29,15:59:12,2026-05-31,09:14:21,Picked up at Shop,Ly Mai,"T5B, Edmonton, AB, Canada",3,CA$57.66,Debit
PN-01092,2026-05-29,16:32:48,2026-06-04,20:52:49,Delivered to Customer,Olivia Phillips,"T5A, Edmonton, AB, Canada",1,CA$18.84,Credit Card
PN-01093,2026-05-29,17:45:36,2026-05-29,21:50:35,Delivered to Customer,Nathan Collins,"T5L, Edmonton, AB, Canada",4,CA$98.59,E-transfer
PN-01094,2026-05-29,18:34:23,2026-06-02,20:54:54,Delivered to Customer,Dang Son,"T6E, Edmonton, AB, Canada",2,CA$51.79,Debit
PN-01095,2026-05-29,18:41:13,2026-06-05,12:25:06,Delivered to Customer,Ryan Walker,"T5P, Edmonton, AB, Canada",1,CA$55.10,Credit Card
PN-01096,2026-05-29,19:08:15,2026-05-30,11:48:36,Picked up at Shop,Tran Ngoc,"T5V, Edmonton, AB, Canada",2,CA$85.50,Debit
PN-01097,2026-05-29,19:18:27,2026-06-01,12:29:02,Delivered to Customer,Evelyn Campbell,"T6E, Edmonton, AB, Canada",1,CA$30.00,Credit Card
PN-01098,2026-05-29,20:49:37,2026-06-04,14:01:28,Picked up at Shop,Isabella King,"T5T, Edmonton, AB, Canada",1,CA$53.03,E-transfer
PN-01099,2026-05-29,22:25:51,2026-06-04,11:38:04,Picked up at Shop,Ethan Carter,"T5J, Edmonton, AB, Canada",2,CA$109.00,Debit
PN-01100,2026-05-30,10:23:02,2026-06-04,19:05:17,Delivered to Customer,Vo Chi,"T5N, Edmonton, AB, Canada",1,CA$43.05,Credit Card
PN-01101,2026-05-30,12:44:42,2026-05-31,13:20:57,Picked up at Shop,Ho Duy,"T6E, Edmonton, AB, Canada",1,CA$53.28,Credit Card
PN-01102,2026-05-30,14:02:41,2026-06-06,08:00:03,Delivered to Customer,Emma Campbell,"T5T, Edmonton, AB, Canada",1,CA$35.91,E-transfer
PN-01103,2026-05-30,14:11:47,2026-06-02,09:34:09,Delivered to Customer,Liam Young,"T5M, Edmonton, AB, Canada",1,CA$27.64,Debit
PN-01104,2026-05-30,15:01:11,2026-06-02,10:32:23,Picked up at Shop,Sebastian Green,"T5P, Edmonton, AB, Canada",2,CA$36.67,Debit
PN-01105,2026-05-30,15:48:00,2026-06-01,12:44:21,Delivered to Customer,Evelyn Collins,"T5W, Edmonton, AB, Canada",1,CA$23.42,Debit
PN-01106,2026-05-30,17:00:14,2026-06-01,15:12:03,Picked up at Shop,Owen Campbell,"T6E, Edmonton, AB, Canada",1,CA$58.40,Cash
PN-01107,2026-05-30,17:38:41,2026-06-05,10:38:35,Delivered to Customer,Zoey Clark,"T5J, Edmonton, AB, Canada",1,CA$20.20,Credit Card
PN-01108,2026-05-30,22:18:47,2026-06-03,14:55:14,Delivered to Customer,Hoang Hanh,"T5A, Edmonton, AB, Canada",1,CA$33.32,Debit
PN-01109,2026-05-31,08:15:42,2026-06-05,16:11:42,Delivered to Customer,Sebastian Brown,"T5T, Edmonton, AB, Canada",1,CA$35.93,Credit Card
PN-01110,2026-05-31,08:27:31,2026-06-05,17:14:38,Picked up at Shop,Ella Morrison,"T6T, Edmonton, AB, Canada",1,CA$24.88,Debit
PN-01111,2026-05-31,09:04:36,2026-05-31,18:45:30,Picked up at Shop,Isabella Walker,"T5J, Edmonton, AB, Canada",2,CA$50.48,E-transfer
PN-01112,2026-05-31,12:28:57,2026-06-05,13:26:56,Picked up at Shop,Sofia White,"T6L, Edmonton, AB, Canada",1,CA$26.55,Credit Card
PN-01113,2026-05-31,12:44:34,2026-05-31,19:21:24,Delivered to Customer,Ho Giang,"T5X, Edmonton, AB, Canada",1,CA$18.92,Debit
PN-01114,2026-05-31,13:21:22,2026-06-07,09:00:13,Picked up at Shop,Noah Roberts,"T6R, Edmonton, AB, Canada",1,CA$24.38,Credit Card
PN-01115,2026-05-31,15:08:49,2026-05-31,18:31:25,Delivered to Customer,William Collins,"T6E, Edmonton, AB, Canada",1,CA$30.72,E-transfer
PN-01116,2026-05-31,15:14:22,2026-05-31,20:37:53,Delivered to Customer,Vu Binh,"T6G, Edmonton, AB, Canada",1,CA$32.03,Debit
PN-01117,2026-05-31,15:44:39,2026-06-07,14:44:38,Delivered to Customer,Victoria Lewis,"T6V, Edmonton, AB, Canada",1,CA$33.20,Credit Card
PN-01118,2026-05-31,16:36:57,2026-06-07,09:22:58,Picked up at Shop,Evelyn Mitchell,"T6E, Edmonton, AB, Canada",1,CA$35.71,Credit Card
PN-01119,2026-05-31,18:12:21,2026-06-04,14:18:44,Delivered to Customer,Le Lan,"T5L, Edmonton, AB, Canada",1,CA$19.29,Credit Card
PN-01120,2026-06-01,08:12:54,2026-06-06,08:33:13,Delivered to Customer,Evelyn Roberts,"T5A, Edmonton, AB, Canada",1,CA$43.58,Debit
PN-01121,2026-06-01,10:03:04,2026-06-03,17:03:20,Picked up at Shop,Alexander Parker,"T6G, Edmonton, AB, Canada",1,CA$19.25,Credit Card
PN-01122,2026-06-01,10:12:05,2026-06-01,15:35:46,Delivered to Customer,Sofia Turner,"T5J, Edmonton, AB, Canada",1,CA$40.38,Credit Card
PN-01123,2026-06-01,10:28:04,2026-06-01,11:45:38,Delivered to Customer,Nguyen Giang,"T5C, Edmonton, AB, Canada",1,CA$30.54,Credit Card
PN-01124,2026-06-01,11:18:07,2026-06-02,17:20:27,Delivered to Customer,Victoria Taylor,"T5A, Edmonton, AB, Canada",1,CA$23.26,Debit
PN-01125,2026-06-01,11:31:04,2026-06-05,11:45:24,Picked up at Shop,Jackson Young,"T6G, Edmonton, AB, Canada",2,CA$67.93,Credit Card
PN-01126,2026-06-01,11:32:52,2026-06-01,17:21:39,Picked up at Shop,Le Thu,"T5P, Edmonton, AB, Canada",1,CA$26.46,Credit Card
PN-01127,2026-06-01,12:13:44,2026-06-07,15:37:13,Delivered to Customer,James Wright,"T5K, Edmonton, AB, Canada",1,CA$31.58,Debit
PN-01128,2026-06-01,13:41:05,2026-06-08,08:23:43,Delivered to Customer,Alexander Morrison,"T6K, Edmonton, AB, Canada",2,CA$35.59,E-transfer
PN-01129,2026-06-01,14:25:09,2026-06-02,19:36:11,Delivered to Customer,Jack Murphy,"T6E, Edmonton, AB, Canada",1,CA$44.14,Debit
PN-01130,2026-06-01,14:40:15,2026-06-08,15:13:36,Picked up at Shop,Harper Brown,"T5K, Edmonton, AB, Canada",1,CA$17.44,Credit Card
PN-01131,2026-06-01,15:02:03,2026-06-07,19:59:51,Picked up at Shop,David Lewis,"T6E, Edmonton, AB, Canada",1,CA$56.73,Debit
PN-01132,2026-06-01,15:21:59,2026-06-04,13:41:09,Delivered to Customer,Huynh Binh,"T5M, Edmonton, AB, Canada",1,CA$53.39,Debit
PN-01133,2026-06-01,15:42:49,2026-06-04,08:48:51,Delivered to Customer,Hoang Trang,"T6V, Edmonton, AB, Canada",1,CA$19.55,Credit Card
PN-01134,2026-06-01,15:44:47,2026-06-01,23:01:32,Picked up at Shop,Bui Hoa,"T5T, Edmonton, AB, Canada",1,CA$27.38,Credit Card
PN-01135,2026-06-01,15:55:08,2026-06-08,12:38:39,Delivered to Customer,Amelia Thompson,"T5J, Edmonton, AB, Canada",2,CA$47.71,Credit Card
PN-01136,2026-06-01,15:58:35,2026-06-03,18:11:49,Picked up at Shop,Benjamin White,"T5E, Edmonton, AB, Canada",1,CA$27.64,Credit Card
PN-01137,2026-06-01,16:09:55,2026-06-01,19:47:31,Delivered to Customer,Ly Binh,"T6R, Edmonton, AB, Canada",1,CA$24.17,Credit Card
PN-01138,2026-06-01,16:16:41,2026-06-01,19:19:41,Delivered to Customer,Dang Minh,"T5P, Edmonton, AB, Canada",1,CA$43.84,Cash
PN-01139,2026-06-01,18:49:25,2026-06-05,14:31:17,Delivered to Customer,Jack Morrison,"T6A, Edmonton, AB, Canada",1,CA$24.72,Credit Card
PN-01140,2026-06-02,10:12:01,2026-06-02,18:01:22,Picked up at Shop,Tran Van,"T5V, Edmonton, AB, Canada",1,CA$35.89,Debit
PN-01141,2026-06-02,10:14:09,2026-06-08,12:56:50,Delivered to Customer,Ava Baker,"T5M, Edmonton, AB, Canada",1,CA$33.87,Credit Card
PN-01142,2026-06-02,11:57:33,2026-06-05,19:36:43,Delivered to Customer,Chloe Green,"T6H, Edmonton, AB, Canada",1,CA$19.59,Debit
PN-01143,2026-06-02,12:45:18,2026-06-08,13:02:37,Picked up at Shop,Abigail Smith,"T6L, Edmonton, AB, Canada",1,CA$41.25,E-transfer
PN-01144,2026-06-02,14:17:54,2026-06-08,13:47:14,Picked up at Shop,Ho Khanh,"T6G, Edmonton, AB, Canada",1,CA$34.22,E-transfer
PN-01145,2026-06-02,14:36:32,2026-06-03,16:42:55,Picked up at Shop,Dang Viet,"T6R, Edmonton, AB, Canada",1,CA$20.20,Credit Card
PN-01146,2026-06-02,14:47:11,2026-06-09,09:58:56,Delivered to Customer,Samuel Bell,"T5V, Edmonton, AB, Canada",1,CA$31.04,E-transfer
PN-01147,2026-06-02,15:13:09,2026-06-04,16:21:25,Picked up at Shop,Ryan Anderson,"T6K, Edmonton, AB, Canada",2,CA$67.45,Credit Card
PN-01148,2026-06-02,16:22:41,2026-06-09,10:30:03,Delivered to Customer,Evelyn Anderson,"T5A, Edmonton, AB, Canada",1,CA$35.92,Credit Card
PN-01149,2026-06-02,16:24:08,2026-06-06,13:36:41,Delivered to Customer,Vo Huong,"T5J, Edmonton, AB, Canada",1,CA$34.12,Debit
PN-01150,2026-06-02,16:32:51,2026-06-08,16:15:00,Picked up at Shop,Avery Harris,"T5K, Edmonton, AB, Canada",2,CA$37.26,Debit
PN-01151,2026-06-02,17:10:54,2026-06-04,19:26:05,Delivered to Customer,Pham Kim,"T5T, Edmonton, AB, Canada",3,CA$128.11,Credit Card
PN-01152,2026-06-02,18:36:14,2026-06-06,11:33:25,Delivered to Customer,Emily Murphy,"T6J, Edmonton, AB, Canada",4,CA$96.82,Credit Card
PN-01153,2026-06-03,08:41:43,2026-06-03,09:38:51,Delivered to Customer,Nathan Parker,"T6C, Edmonton, AB, Canada",2,CA$46.34,Credit Card
PN-01154,2026-06-03,09:33:31,2026-06-09,19:22:16,Delivered to Customer,Vo Nam,"T6E, Edmonton, AB, Canada",2,CA$64.83,Credit Card
PN-01155,2026-06-03,10:21:35,2026-06-05,16:12:33,Delivered to Customer,Jack Johnson,"T5G, Edmonton, AB, Canada",1,CA$24.82,Credit Card
PN-01156,2026-06-03,11:22:19,2026-06-04,08:28:01,Picked up at Shop,Olivia Campbell,"T6C, Edmonton, AB, Canada",1,CA$56.08,Credit Card
PN-01157,2026-06-03,12:20:03,2026-06-05,19:46:03,Delivered to Customer,Amelia Johnson,"T6W, Edmonton, AB, Canada",2,CA$46.41,Credit Card
PN-01158,2026-06-03,12:22:20,2026-06-03,23:00:06,Picked up at Shop,Zoey Morrison,"T5M, Edmonton, AB, Canada",2,CA$113.37,E-transfer
PN-01159,2026-06-03,12:33:42,2026-06-05,16:53:17,Delivered to Customer,Vo Lan,"T5K, Edmonton, AB, Canada",1,CA$22.08,Credit Card
PN-01160,2026-06-03,12:33:53,2026-06-03,21:00:45,Delivered to Customer,Elizabeth Murphy,"T5T, Edmonton, AB, Canada",1,CA$56.44,Credit Card
PN-01161,2026-06-03,12:44:54,2026-06-06,09:56:21,Delivered to Customer,Ethan Brown,"T6G, Edmonton, AB, Canada",4,CA$74.30,Credit Card
PN-01162,2026-06-03,12:48:47,2026-06-05,12:41:55,Picked up at Shop,Vu Hoa,"T6J, Edmonton, AB, Canada",1,CA$53.84,Debit
PN-01163,2026-06-03,12:59:10,2026-06-03,21:31:04,Delivered to Customer,Tran Tuan,"T6G, Edmonton, AB, Canada",2,CA$64.83,Debit
PN-01164,2026-06-03,13:30:08,2026-06-10,12:07:42,Delivered to Customer,Jack Green,"T6X, Edmonton, AB, Canada",2,CA$63.21,Credit Card
PN-01165,2026-06-03,14:05:35,2026-06-05,17:53:38,Delivered to Customer,Sebastian Cook,"T6B, Edmonton, AB, Canada",1,CA$30.96,Debit
PN-01166,2026-06-03,14:39:05,2026-06-06,18:01:47,Picked up at Shop,Elizabeth Green,"T6G, Edmonton, AB, Canada",1,CA$35.57,Credit Card
PN-01167,2026-06-03,15:32:52,2026-06-10,20:12:44,Delivered to Customer,Samuel Young,"T5R, Edmonton, AB, Canada",1,CA$32.23,E-transfer
PN-01168,2026-06-03,15:39:51,2026-06-04,10:18:49,Delivered to Customer,Jackson Roberts,"T5L, Edmonton, AB, Canada",1,CA$35.02,E-transfer
PN-01169,2026-06-03,16:23:49,2026-06-05,15:15:08,Delivered to Customer,Ly Lan,"T5C, Edmonton, AB, Canada",1,CA$35.88,E-transfer
PN-01170,2026-06-03,16:36:15,2026-06-06,08:03:02,Picked up at Shop,Jack Mitchell,"T6C, Edmonton, AB, Canada",2,CA$65.77,Credit Card
PN-01171,2026-06-03,18:49:23,2026-06-07,15:51:29,Picked up at Shop,Harper Anderson,"T5P, Edmonton, AB, Canada",1,CA$31.88,Debit
PN-01172,2026-06-03,19:12:05,2026-06-04,20:34:34,Picked up at Shop,Duong Trang,"T5C, Edmonton, AB, Canada",1,CA$31.92,Debit
PN-01173,2026-06-03,19:20:51,2026-06-07,13:23:32,Picked up at Shop,Elizabeth Clark,"T5A, Edmonton, AB, Canada",1,CA$33.30,Credit Card
PN-01174,2026-06-03,20:49:24,2026-06-06,08:01:43,Delivered to Customer,Vu Xuan,"T5A, Edmonton, AB, Canada",1,CA$19.79,Debit
PN-01175,2026-06-03,22:54:05,2026-06-03,23:37:14,Picked up at Shop,Ethan Murray,"T6G, Edmonton, AB, Canada",3,CA$97.24,Debit
PN-01176,2026-06-04,08:55:10,2026-06-05,13:32:49,Delivered to Customer,Ryan Smith,"T6P, Edmonton, AB, Canada",1,CA$45.79,Credit Card
PN-01177,2026-06-04,09:07:01,2026-06-05,18:14:30,Picked up at Shop,Benjamin Evans,"T5L, Edmonton, AB, Canada",3,CA$75.43,Credit Card
PN-01178,2026-06-04,10:45:18,2026-06-10,15:42:19,Delivered to Customer,Olivia Wright,"T5W, Edmonton, AB, Canada",1,CA$32.76,Debit
PN-01179,2026-06-04,11:26:11,2026-06-07,16:22:44,Delivered to Customer,Avery Wright,"T5X, Edmonton, AB, Canada",2,CA$85.95,E-transfer
PN-01180,2026-06-04,11:49:51,2026-06-05,14:20:21,Delivered to Customer,Bui Nga,"T5S, Edmonton, AB, Canada",1,CA$16.56,Credit Card
PN-01181,2026-06-04,12:14:47,2026-06-07,09:17:16,Delivered to Customer,Grace Murray,"T5K, Edmonton, AB, Canada",4,CA$95.85,Credit Card
PN-01182,2026-06-04,12:58:49,2026-06-04,14:50:41,Picked up at Shop,Abigail Taylor,"T5K, Edmonton, AB, Canada",1,CA$23.95,Cash
PN-01183,2026-06-04,13:28:42,2026-06-05,13:47:02,Delivered to Customer,Avery Edwards,"T5H, Edmonton, AB, Canada",2,CA$37.83,Credit Card
PN-01184,2026-06-04,14:04:41,2026-06-08,11:16:26,Picked up at Shop,Evelyn Johnson,"T6P, Edmonton, AB, Canada",4,CA$168.54,E-transfer
PN-01185,2026-06-04,14:22:55,2026-06-08,17:52:01,Delivered to Customer,Hoang Anh,"T5E, Edmonton, AB, Canada",2,CA$63.25,Credit Card
PN-01186,2026-06-04,14:46:21,2026-06-11,10:10:38,Picked up at Shop,Avery King,"T6G, Edmonton, AB, Canada",1,CA$34.46,Debit
PN-01187,2026-06-04,17:56:54,2026-06-06,18:36:53,Delivered to Customer,Daniel Clark,"T6X, Edmonton, AB, Canada",1,CA$22.54,E-transfer
PN-01188,2026-06-04,19:07:19,2026-06-09,17:47:16,Delivered to Customer,Elizabeth Johnson,"T6T, Edmonton, AB, Canada",3,CA$74.77,E-transfer
PN-01189,2026-06-04,22:45:13,2026-06-08,15:24:11,Picked up at Shop,Do Trung,"T6E, Edmonton, AB, Canada",1,CA$31.61,E-transfer
PN-01190,2026-06-05,08:32:12,2026-06-06,11:21:00,Picked up at Shop,Ava Cook,"T5R, Edmonton, AB, Canada",1,CA$33.87,E-transfer
PN-01191,2026-06-05,11:53:30,2026-06-06,16:14:50,Picked up at Shop,Ella Evans,"T5V, Edmonton, AB, Canada",1,CA$34.90,Credit Card
PN-01192,2026-06-05,12:43:22,2026-06-12,15:47:08,Delivered to Customer,Isabella Murray,"T5A, Edmonton, AB, Canada",1,CA$58.83,Cash
PN-01193,2026-06-05,13:02:24,2026-06-05,15:47:57,Delivered to Customer,Emily Johnson,"T5M, Edmonton, AB, Canada",1,CA$26.92,Credit Card
PN-01194,2026-06-05,13:02:33,2026-06-08,11:26:24,Delivered to Customer,Ho Kim,"T5B, Edmonton, AB, Canada",3,CA$57.98,Cash
PN-01195,2026-06-05,13:36:17,2026-06-08,13:58:02,Delivered to Customer,Isabella White,"T5S, Edmonton, AB, Canada",4,CA$97.53,Credit Card
PN-01196,2026-06-05,13:52:19,2026-06-08,20:46:28,Picked up at Shop,Sofia Murphy,"T6J, Edmonton, AB, Canada",2,CA$39.19,Debit
PN-01197,2026-06-05,13:54:27,2026-06-10,16:52:25,Delivered to Customer,Huynh Trang,"T6E, Edmonton, AB, Canada",2,CA$35.82,Credit Card
PN-01198,2026-06-05,14:21:05,2026-06-10,16:27:56,Delivered to Customer,Elizabeth Taylor,"T6G, Edmonton, AB, Canada",1,CA$30.77,Credit Card
PN-01199,2026-06-05,14:36:38,2026-06-10,14:57:39,Picked up at Shop,Mia Lewis,"T5E, Edmonton, AB, Canada",1,CA$41.58,Credit Card
PN-01200,2026-06-05,14:51:47,2026-06-05,15:20:33,Delivered to Customer,Ethan Mitchell,"T5J, Edmonton, AB, Canada",1,CA$42.06,Debit
PN-01201,2026-06-05,16:51:47,2026-06-08,09:53:59,Picked up at Shop,Dang Yen,"T6L, Edmonton, AB, Canada",1,CA$19.20,Debit
PN-01202,2026-06-05,17:28:17,2026-06-05,20:12:31,Delivered to Customer,Vu Giang,"T6E, Edmonton, AB, Canada",1,CA$26.43,Credit Card
PN-01203,2026-06-05,17:47:44,2026-06-12,12:09:22,Delivered to Customer,Duong Thu,"T5G, Edmonton, AB, Canada",1,CA$22.38,E-transfer
PN-01204,2026-06-05,18:07:19,2026-06-05,20:45:26,Delivered to Customer,Vu Nga,"T5G, Edmonton, AB, Canada",1,CA$17.17,Debit
PN-01205,2026-06-05,18:10:02,2026-06-10,20:32:03,Delivered to Customer,Chloe Morrison,"T6V, Edmonton, AB, Canada",1,CA$22.51,Credit Card
PN-01206,2026-06-06,08:15:41,2026-06-07,14:34:26,Delivered to Customer,Nguyen Son,"T6B, Edmonton, AB, Canada",1,CA$30.27,Debit
PN-01207,2026-06-06,10:46:56,2026-06-11,18:27:19,Delivered to Customer,Noah Parker,"T5P, Edmonton, AB, Canada",1,CA$21.18,E-transfer
PN-01208,2026-06-06,10:50:15,2026-06-09,14:04:23,Picked up at Shop,Phan An,"T5A, Edmonton, AB, Canada",1,CA$23.11,Credit Card
PN-01209,2026-06-06,11:39:58,2026-06-11,20:41:44,Picked up at Shop,Liam Mitchell,"T6P, Edmonton, AB, Canada",1,CA$22.57,Credit Card
PN-01210,2026-06-06,12:12:08,2026-06-08,18:02:06,Delivered to Customer,Hoang Binh,"T6G, Edmonton, AB, Canada",2,CA$47.50,E-transfer
PN-01211,2026-06-06,15:49:34,2026-06-08,15:08:08,Picked up at Shop,Tran Anh,"T5K, Edmonton, AB, Canada",4,CA$73.99,Credit Card
PN-01212,2026-06-06,16:04:21,2026-06-12,15:42:47,Delivered to Customer,Le Lan,"T5Z, Edmonton, AB, Canada",1,CA$23.34,Credit Card
PN-01213,2026-06-06,16:31:01,2026-06-09,15:41:11,Delivered to Customer,James Young,"T6G, Edmonton, AB, Canada",2,CA$50.99,Credit Card
PN-01214,2026-06-06,16:44:18,2026-06-10,13:11:32,Delivered to Customer,Daniel Edwards,"T5B, Edmonton, AB, Canada",1,CA$25.07,Credit Card
PN-01215,2026-06-06,16:58:13,2026-06-10,16:11:47,Delivered to Customer,Emily Wright,"T5B, Edmonton, AB, Canada",1,CA$33.75,E-transfer
PN-01216,2026-06-06,17:38:10,2026-06-09,13:40:40,Delivered to Customer,Amelia Carter,"T5A, Edmonton, AB, Canada",2,CA$47.07,Credit Card
PN-01217,2026-06-06,19:20:06,2026-06-12,19:23:52,Delivered to Customer,Michael Murphy,"T5Z, Edmonton, AB, Canada",1,CA$26.73,E-transfer
PN-01218,2026-06-06,20:53:40,2026-06-06,23:42:52,Picked up at Shop,Sophia Green,"T5E, Edmonton, AB, Canada",4,CA$96.43,Debit
PN-01219,2026-06-06,21:03:00,2026-06-11,18:49:17,Picked up at Shop,Abigail King,"T6J, Edmonton, AB, Canada",1,CA$34.20,Credit Card
PN-01220,2026-06-06,22:26:58,2026-06-11,20:47:15,Delivered to Customer,Ho Son,"T6R, Edmonton, AB, Canada",1,CA$18.85,Credit Card
PN-01221,2026-06-07,08:18:42,2026-06-14,18:26:12,Picked up at Shop,Amelia Mitchell,"T6E, Edmonton, AB, Canada",3,CA$73.29,Credit Card
PN-01222,2026-06-07,08:20:38,2026-06-13,10:15:42,Delivered to Customer,Sophia Turner,"T5X, Edmonton, AB, Canada",1,CA$33.54,Credit Card
PN-01223,2026-06-07,09:20:25,2026-06-08,11:14:43,Picked up at Shop,Ho Thanh,"T5R, Edmonton, AB, Canada",2,CA$35.47,Credit Card
PN-01224,2026-06-07,09:23:27,2026-06-10,16:30:08,Delivered to Customer,Mia Smith,"T6S, Edmonton, AB, Canada",1,CA$34.89,E-transfer
PN-01225,2026-06-07,09:27:34,2026-06-07,19:34:48,Picked up at Shop,Michael Young,"T6G, Edmonton, AB, Canada",4,CA$220.39,Credit Card
PN-01226,2026-06-07,10:26:21,2026-06-11,15:11:20,Picked up at Shop,Samuel Clark,"T5A, Edmonton, AB, Canada",2,CA$48.43,E-transfer
PN-01227,2026-06-07,10:51:58,2026-06-10,10:38:06,Delivered to Customer,Samuel Campbell,"T5J, Edmonton, AB, Canada",1,CA$33.03,Debit
PN-01228,2026-06-07,10:58:39,2026-06-08,16:58:24,Picked up at Shop,William Parker,"T5C, Edmonton, AB, Canada",1,CA$27.33,Credit Card
PN-01229,2026-06-07,11:32:34,2026-06-12,17:14:38,Delivered to Customer,Ho Khanh,"T6G, Edmonton, AB, Canada",2,CA$62.68,Cash
PN-01230,2026-06-07,12:16:29,2026-06-10,11:37:02,Picked up at Shop,Vu Tuan,"T6E, Edmonton, AB, Canada",1,CA$34.00,E-transfer
PN-01231,2026-06-07,12:26:57,2026-06-10,13:43:17,Delivered to Customer,Tran Vy,"T5H, Edmonton, AB, Canada",2,CA$34.37,Credit Card
PN-01232,2026-06-07,13:01:25,2026-06-13,12:04:16,Picked up at Shop,Ho An,"T6W, Edmonton, AB, Canada",1,CA$33.98,Credit Card
PN-01233,2026-06-07,13:14:13,2026-06-07,14:06:10,Picked up at Shop,Mia Brown,"T6G, Edmonton, AB, Canada",1,CA$45.12,E-transfer
PN-01234,2026-06-07,13:21:43,2026-06-13,14:58:34,Picked up at Shop,Ava Brown,"T6E, Edmonton, AB, Canada",1,CA$57.62,Credit Card
PN-01235,2026-06-07,14:21:15,2026-06-12,13:09:03,Delivered to Customer,Ngo Dung,"T5V, Edmonton, AB, Canada",1,CA$32.91,E-transfer
PN-01236,2026-06-07,15:38:34,2026-06-08,17:13:58,Delivered to Customer,Bui Quan,"T6G, Edmonton, AB, Canada",2,CA$36.97,Credit Card
PN-01237,2026-06-07,17:58:13,2026-06-09,14:43:19,Picked up at Shop,Isabella Campbell,"T6N, Edmonton, AB, Canada",1,CA$21.82,Debit
PN-01238,2026-06-07,18:18:38,2026-06-08,12:18:05,Delivered to Customer,Owen Campbell,"T5T, Edmonton, AB, Canada",3,CA$163.45,E-transfer
PN-01239,2026-06-07,18:56:35,2026-06-10,18:32:23,Delivered to Customer,Ngo Thao,"T5N, Edmonton, AB, Canada",1,CA$40.48,E-transfer
PN-01240,2026-06-07,19:26:57,2026-06-14,13:19:39,Picked up at Shop,Elizabeth Thompson,"T6A, Edmonton, AB, Canada",4,CA$97.85,Credit Card
PN-01241,2026-06-07,22:53:15,2026-06-11,15:15:05,Picked up at Shop,Tran Kim,"T5M, Edmonton, AB, Canada",1,CA$32.33,Credit Card
PN-01242,2026-06-08,08:19:18,2026-06-12,13:52:22,Delivered to Customer,Lucas Murphy,"T5X, Edmonton, AB, Canada",3,CA$55.80,Credit Card
PN-01243,2026-06-08,10:56:24,2026-06-09,18:34:38,Picked up at Shop,Do Mai,"T5A, Edmonton, AB, Canada",1,CA$35.70,Credit Card
PN-01244,2026-06-08,11:12:24,2026-06-08,11:45:52,Delivered to Customer,Matthew Collins,"T5C, Edmonton, AB, Canada",3,CA$164.25,Credit Card
PN-01245,2026-06-08,11:54:44,2026-06-12,12:56:09,Picked up at Shop,Le Phong,"T6G, Edmonton, AB, Canada",1,CA$42.17,Credit Card
PN-01246,2026-06-08,12:54:43,2026-06-12,14:01:42,Delivered to Customer,Vo Lan,"T6H, Edmonton, AB, Canada",1,CA$43.06,E-transfer
PN-01247,2026-06-08,13:22:00,2026-06-14,14:55:11,Delivered to Customer,Grace Edwards,"T6A, Edmonton, AB, Canada",1,CA$21.81,E-transfer
PN-01248,2026-06-08,14:10:27,2026-06-14,10:43:17,Picked up at Shop,Sophia Murphy,"T6G, Edmonton, AB, Canada",1,CA$31.01,Credit Card
PN-01249,2026-06-08,14:15:12,2026-06-09,17:07:22,Picked up at Shop,Isabella King,"T6G, Edmonton, AB, Canada",1,CA$22.93,Credit Card
PN-01250,2026-06-08,14:27:01,2026-06-12,08:33:12,Delivered to Customer,Zoey Campbell,"T5J, Edmonton, AB, Canada",1,CA$20.51,Credit Card
PN-01251,2026-06-08,16:27:08,2026-06-09,15:14:23,Picked up at Shop,Pham Van,"T6J, Edmonton, AB, Canada",1,CA$44.65,Credit Card
PN-01252,2026-06-08,16:44:38,2026-06-15,16:41:33,Delivered to Customer,Emma Collins,"T5T, Edmonton, AB, Canada",1,CA$55.16,Credit Card
PN-01253,2026-06-08,16:58:00,2026-06-08,22:25:02,Picked up at Shop,Liam White,"T6R, Edmonton, AB, Canada",1,CA$21.37,Credit Card
PN-01254,2026-06-08,19:08:57,2026-06-12,13:58:55,Picked up at Shop,Dang Giang,"T5N, Edmonton, AB, Canada",2,CA$38.57,Cash
PN-01255,2026-06-08,20:14:08,2026-06-09,16:30:35,Delivered to Customer,Isabella Brown,"T5K, Edmonton, AB, Canada",1,CA$35.56,Credit Card
PN-01256,2026-06-09,09:58:18,2026-06-15,13:14:48,Delivered to Customer,Ethan Johnson,"T5S, Edmonton, AB, Canada",1,CA$34.64,Debit
PN-01257,2026-06-09,10:02:14,2026-06-10,15:46:57,Picked up at Shop,Vu Huong,"T5M, Edmonton, AB, Canada",1,CA$43.32,E-transfer
PN-01258,2026-06-09,12:26:50,2026-06-16,19:50:23,Delivered to Customer,Nguyen Trung,"T5Z, Edmonton, AB, Canada",1,CA$40.00,Credit Card
PN-01259,2026-06-09,13:02:17,2026-06-15,13:19:22,Picked up at Shop,Chloe Collins,"T5J, Edmonton, AB, Canada",1,CA$17.99,Credit Card
PN-01260,2026-06-09,13:23:57,2026-06-12,14:28:48,Delivered to Customer,Olivia Wilson,"T5A, Edmonton, AB, Canada",1,CA$27.56,Credit Card
PN-01261,2026-06-09,13:27:41,2026-06-10,12:03:08,Delivered to Customer,Grace Green,"T5K, Edmonton, AB, Canada",2,CA$62.96,Debit
PN-01262,2026-06-09,13:29:18,2026-06-15,20:18:17,Delivered to Customer,Ryan Lewis,"T5T, Edmonton, AB, Canada",2,CA$35.69,Credit Card
PN-01263,2026-06-09,14:31:34,2026-06-11,16:19:32,Delivered to Customer,Le Phong,"T5W, Edmonton, AB, Canada",1,CA$32.05,E-transfer
PN-01264,2026-06-09,14:47:00,2026-06-15,13:38:06,Delivered to Customer,Duong Linh,"T6H, Edmonton, AB, Canada",1,CA$17.04,Credit Card
PN-01265,2026-06-09,15:07:11,2026-06-15,17:23:28,Delivered to Customer,Henry King,"T5R, Edmonton, AB, Canada",1,CA$25.60,Credit Card
PN-01266,2026-06-09,15:10:50,2026-06-12,14:54:05,Delivered to Customer,Isabella Bell,"T5A, Edmonton, AB, Canada",1,CA$20.97,Debit
PN-01267,2026-06-09,15:15:03,2026-06-15,17:39:38,Delivered to Customer,Ly Linh,"T6T, Edmonton, AB, Canada",1,CA$40.16,Credit Card
PN-01268,2026-06-09,15:42:37,2026-06-16,20:34:59,Picked up at Shop,Emily Wright,"T5M, Edmonton, AB, Canada",3,CA$71.26,E-transfer
PN-01269,2026-06-09,16:44:40,2026-06-09,20:21:04,Delivered to Customer,Do Chi,"T6V, Edmonton, AB, Canada",1,CA$22.94,Credit Card
PN-01270,2026-06-09,16:52:50,2026-06-14,16:26:06,Picked up at Shop,Vu Van,"T5K, Edmonton, AB, Canada",1,CA$32.92,Debit
PN-01271,2026-06-09,17:15:26,2026-06-09,17:47:11,Picked up at Shop,Bui Mai,"T6G, Edmonton, AB, Canada",1,CA$42.26,Debit
PN-01272,2026-06-09,18:56:18,2026-06-13,14:44:31,Delivered to Customer,Emily Campbell,"T5J, Edmonton, AB, Canada",1,CA$57.87,Credit Card
PN-01273,2026-06-10,08:24:25,2026-06-10,13:36:26,Picked up at Shop,Phan Minh,"T5Y, Edmonton, AB, Canada",1,CA$25.77,Credit Card
PN-01274,2026-06-10,10:23:28,2026-06-11,13:28:46,Delivered to Customer,Nguyen Lan,"T5N, Edmonton, AB, Canada",3,CA$74.07,Debit
PN-01275,2026-06-10,11:13:09,2026-06-11,17:58:05,Picked up at Shop,Jack Parker,"T5W, Edmonton, AB, Canada",1,CA$25.95,Debit
PN-01276,2026-06-10,12:35:24,2026-06-16,15:36:10,Delivered to Customer,Abigail Morrison,"T5L, Edmonton, AB, Canada",1,CA$20.33,Credit Card
PN-01277,2026-06-10,12:44:45,2026-06-12,14:15:04,Picked up at Shop,Ethan Edwards,"T5J, Edmonton, AB, Canada",1,CA$32.57,Credit Card
PN-01278,2026-06-10,13:23:53,2026-06-12,17:07:34,Delivered to Customer,Hoang Hanh,"T6C, Edmonton, AB, Canada",1,CA$25.08,Credit Card
PN-01279,2026-06-10,13:45:24,2026-06-17,18:05:05,Delivered to Customer,Dang Thao,"T5J, Edmonton, AB, Canada",1,CA$42.72,Credit Card
PN-01280,2026-06-10,14:23:46,2026-06-13,10:58:44,Delivered to Customer,Le Trang,"T6G, Edmonton, AB, Canada",1,CA$33.76,E-transfer
PN-01281,2026-06-10,14:57:43,2026-06-16,12:39:13,Delivered to Customer,Chloe Scott,"T6G, Edmonton, AB, Canada",1,CA$26.10,Credit Card
PN-01282,2026-06-10,15:32:25,2026-06-11,16:13:58,Delivered to Customer,Pham Hai,"T5S, Edmonton, AB, Canada",1,CA$24.12,Debit
PN-01283,2026-06-10,16:29:31,2026-06-16,12:18:11,Delivered to Customer,Amelia Phillips,"T5J, Edmonton, AB, Canada",1,CA$23.68,E-transfer
PN-01284,2026-06-10,17:34:08,2026-06-13,20:31:53,Delivered to Customer,Elizabeth Morrison,"T6W, Edmonton, AB, Canada",1,CA$23.76,Credit Card
PN-01285,2026-06-10,17:37:56,2026-06-12,12:17:52,Picked up at Shop,Do Lan,"T5J, Edmonton, AB, Canada",1,CA$16.03,Credit Card
PN-01286,2026-06-10,18:14:15,2026-06-12,18:24:34,Picked up at Shop,Benjamin Taylor,"T6K, Edmonton, AB, Canada",2,CA$87.25,Debit
PN-01287,2026-06-10,20:21:29,2026-06-12,13:38:14,Picked up at Shop,David Edwards,"T5M, Edmonton, AB, Canada",1,CA$31.62,Credit Card
PN-01288,2026-06-11,10:02:08,2026-06-13,11:55:50,Picked up at Shop,Lucas Harris,"T6B, Edmonton, AB, Canada",1,CA$33.30,E-transfer
PN-01289,2026-06-11,10:27:57,2026-06-11,15:41:18,Picked up at Shop,Victoria Stewart,"T6K, Edmonton, AB, Canada",1,CA$19.12,Debit
PN-01290,2026-06-11,10:37:07,2026-06-11,18:58:26,Delivered to Customer,Hoang Hoa,"T5T, Edmonton, AB, Canada",1,CA$45.66,E-transfer
PN-01291,2026-06-11,10:40:03,2026-06-14,13:12:28,Picked up at Shop,Noah Green,"T5T, Edmonton, AB, Canada",2,CA$48.40,Debit
PN-01292,2026-06-11,10:45:40,2026-06-11,17:57:35,Delivered to Customer,Isabella Bell,"T5B, Edmonton, AB, Canada",1,CA$16.83,Cash
PN-01293,2026-06-11,12:31:57,2026-06-13,20:03:57,Picked up at Shop,Evelyn Cook,"T6P, Edmonton, AB, Canada",1,CA$44.64,E-transfer
PN-01294,2026-06-11,12:54:48,2026-06-14,15:13:48,Delivered to Customer,Victoria Evans,"T5J, Edmonton, AB, Canada",2,CA$51.86,Debit
PN-01295,2026-06-11,13:27:41,2026-06-17,08:05:44,Delivered to Customer,Bui Yen,"T5N, Edmonton, AB, Canada",1,CA$27.50,Credit Card
PN-01296,2026-06-11,13:52:54,2026-06-16,14:58:26,Delivered to Customer,Noah Thompson,"T6L, Edmonton, AB, Canada",1,CA$34.58,Credit Card
PN-01297,2026-06-11,15:35:54,2026-06-14,09:56:55,Delivered to Customer,Bui Linh,"T5A, Edmonton, AB, Canada",1,CA$43.18,Debit
PN-01298,2026-06-11,16:00:24,2026-06-11,20:55:48,Picked up at Shop,Tran Linh,"T6E, Edmonton, AB, Canada",1,CA$23.63,Credit Card
PN-01299,2026-06-11,16:01:24,2026-06-17,19:24:57,Delivered to Customer,Phan Bao,"T5K, Edmonton, AB, Canada",1,CA$19.09,Credit Card
PN-01300,2026-06-11,16:09:48,2026-06-15,11:03:12,Delivered to Customer,Sophia Turner,"T5G, Edmonton, AB, Canada",1,CA$22.66,E-transfer
PN-01301,2026-06-11,16:13:41,2026-06-18,15:35:16,Delivered to Customer,Zoey Brown,"T6G, Edmonton, AB, Canada",1,CA$53.62,E-transfer
PN-01302,2026-06-11,16:20:15,2026-06-14,12:05:06,Delivered to Customer,Jack Bell,"T6W, Edmonton, AB, Canada",1,CA$32.82,E-transfer
PN-01303,2026-06-11,17:36:05,2026-06-18,14:22:37,Picked up at Shop,Charlotte Clark,"T5B, Edmonton, AB, Canada",1,CA$17.93,Credit Card
PN-01304,2026-06-11,20:44:52,2026-06-14,12:41:34,Delivered to Customer,Bui Nga,"T5V, Edmonton, AB, Canada",1,CA$27.71,E-transfer
PN-01305,2026-06-12,10:07:17,2026-06-14,16:18:10,Delivered to Customer,Sophia Stewart,"T6N, Edmonton, AB, Canada",2,CA$46.26,Debit
PN-01306,2026-06-12,10:33:50,2026-06-16,17:31:38,Picked up at Shop,Phan An,"T6G, Edmonton, AB, Canada",1,CA$27.41,Credit Card
PN-01307,2026-06-12,11:09:00,2026-06-19,12:48:24,Delivered to Customer,Amelia Scott,"T5T, Edmonton, AB, Canada",1,CA$44.26,Credit Card
PN-01308,2026-06-12,12:43:19,2026-06-14,16:19:27,Delivered to Customer,Duong Thao,"T6S, Edmonton, AB, Canada",1,CA$58.54,Credit Card
PN-01309,2026-06-12,12:56:43,2026-06-12,21:15:32,Picked up at Shop,Huynh Quan,"T6B, Edmonton, AB, Canada",1,CA$58.70,Credit Card
PN-01310,2026-06-12,13:16:07,2026-06-16,12:08:20,Delivered to Customer,Grace Evans,"T5K, Edmonton, AB, Canada",2,CA$36.66,Credit Card
PN-01311,2026-06-12,14:21:10,2026-06-13,16:54:17,Delivered to Customer,Dang Son,"T5K, Edmonton, AB, Canada",1,CA$20.43,Credit Card
PN-01312,2026-06-12,14:23:07,2026-06-19,15:30:06,Picked up at Shop,Jack Thompson,"T5S, Edmonton, AB, Canada",1,CA$32.26,Debit
PN-01313,2026-06-12,15:42:22,2026-06-18,12:49:29,Delivered to Customer,Ho Thu,"T6K, Edmonton, AB, Canada",1,CA$40.10,Debit
PN-01314,2026-06-12,15:58:13,2026-06-17,17:09:10,Picked up at Shop,Isabella Evans,"T5S, Edmonton, AB, Canada",1,CA$43.74,E-transfer
PN-01315,2026-06-12,17:31:28,2026-06-14,15:04:48,Delivered to Customer,Emma Stewart,"T5J, Edmonton, AB, Canada",2,CA$63.46,Credit Card
PN-01316,2026-06-12,18:10:40,2026-06-13,15:21:31,Picked up at Shop,William Roberts,"T5J, Edmonton, AB, Canada",2,CA$36.38,E-transfer
PN-01317,2026-06-12,18:22:09,2026-06-14,13:02:08,Delivered to Customer,Henry Scott,"T6H, Edmonton, AB, Canada",3,CA$99.18,E-transfer
PN-01318,2026-06-12,18:44:56,2026-06-15,14:14:20,Delivered to Customer,Henry Carter,"T5E, Edmonton, AB, Canada",1,CA$23.70,Credit Card
PN-01319,2026-06-12,19:36:26,2026-06-13,15:57:45,Delivered to Customer,Elizabeth Baker,"T5S, Edmonton, AB, Canada",1,CA$27.26,Credit Card
PN-01320,2026-06-12,20:48:22,2026-06-19,11:44:08,Picked up at Shop,Jackson Harris,"T6A, Edmonton, AB, Canada",1,CA$24.00,E-transfer
PN-01321,2026-06-13,08:17:07,2026-06-15,18:08:18,Delivered to Customer,Benjamin Johnson,"T5H, Edmonton, AB, Canada",1,CA$20.00,Credit Card
PN-01322,2026-06-13,09:07:24,2026-06-13,14:56:32,Delivered to Customer,Bui Hai,"T5K, Edmonton, AB, Canada",1,CA$42.40,Debit
PN-01323,2026-06-13,09:16:10,2026-06-13,21:00:39,Picked up at Shop,Vu Anh,"T6N, Edmonton, AB, Canada",2,CA$110.29,Debit
PN-01324,2026-06-13,11:06:33,2026-06-16,14:51:00,Delivered to Customer,Tran Xuan,"T5J, Edmonton, AB, Canada",2,CA$62.40,Credit Card
PN-01325,2026-06-13,11:13:24,2026-06-14,13:19:54,Picked up at Shop,Lucas Bell,"T5P, Edmonton, AB, Canada",3,CA$75.71,Credit Card
PN-01326,2026-06-13,11:49:00,2026-06-15,08:39:43,Delivered to Customer,Noah Scott,"T5V, Edmonton, AB, Canada",1,CA$22.53,Cash
PN-01327,2026-06-13,12:38:21,2026-06-19,18:01:32,Picked up at Shop,Hoang Mai,"T5G, Edmonton, AB, Canada",1,CA$57.57,Credit Card
PN-01328,2026-06-13,13:12:12,2026-06-20,20:57:44,Picked up at Shop,Emma Carter,"T6P, Edmonton, AB, Canada",1,CA$58.18,Credit Card
PN-01329,2026-06-13,13:35:30,2026-06-18,10:43:49,Picked up at Shop,Ngo Son,"T6R, Edmonton, AB, Canada",1,CA$31.74,Credit Card
PN-01330,2026-06-13,14:32:05,2026-06-14,08:47:19,Delivered to Customer,Amelia Morrison,"T6X, Edmonton, AB, Canada",2,CA$46.17,Debit
PN-01331,2026-06-13,15:27:50,2026-06-19,15:44:55,Delivered to Customer,Sebastian White,"T5R, Edmonton, AB, Canada",1,CA$55.46,Credit Card
PN-01332,2026-06-13,15:35:40,2026-06-18,11:01:05,Picked up at Shop,Mia Stewart,"T6R, Edmonton, AB, Canada",1,CA$24.55,Credit Card
PN-01333,2026-06-13,15:59:15,2026-06-13,21:10:29,Picked up at Shop,Ho Hoa,"T6T, Edmonton, AB, Canada",4,CA$95.12,E-transfer
PN-01334,2026-06-13,16:03:01,2026-06-13,20:16:19,Delivered to Customer,Abigail Murray,"T6G, Edmonton, AB, Canada",1,CA$32.88,Credit Card
PN-01335,2026-06-13,16:16:24,2026-06-18,20:24:18,Delivered to Customer,Ethan Phillips,"T6T, Edmonton, AB, Canada",1,CA$27.55,E-transfer
PN-01336,2026-06-13,16:38:30,2026-06-17,13:07:49,Delivered to Customer,Elizabeth Roberts,"T5E, Edmonton, AB, Canada",1,CA$35.72,Credit Card
PN-01337,2026-06-13,17:32:56,2026-06-18,16:05:34,Delivered to Customer,Pham Nam,"T5H, Edmonton, AB, Canada",1,CA$42.17,Credit Card
PN-01338,2026-06-13,17:43:25,2026-06-15,12:16:17,Delivered to Customer,Nathan Edwards,"T5L, Edmonton, AB, Canada",3,CA$72.78,Credit Card
PN-01339,2026-06-13,21:15:36,2026-06-16,10:37:12,Delivered to Customer,Hoang Bao,"T5P, Edmonton, AB, Canada",1,CA$35.01,Credit Card
PN-01340,2026-06-13,21:17:46,2026-06-17,09:10:36,Picked up at Shop,Do Ngoc,"T6X, Edmonton, AB, Canada",1,CA$42.45,Credit Card
PN-01341,2026-06-14,08:20:28,2026-06-15,14:10:56,Delivered to Customer,Ryan Walker,"T5J, Edmonton, AB, Canada",1,CA$23.04,Credit Card
PN-01342,2026-06-14,08:54:46,2026-06-20,14:08:16,Picked up at Shop,Jackson Wright,"T5E, Edmonton, AB, Canada",2,CA$67.96,Debit
PN-01343,2026-06-14,09:05:51,2026-06-19,08:05:51,Picked up at Shop,Ho Duy,"T6N, Edmonton, AB, Canada",1,CA$54.53,Debit
PN-01344,2026-06-14,11:01:40,2026-06-21,14:50:13,Delivered to Customer,Do Tuan,"T6E, Edmonton, AB, Canada",2,CA$49.93,E-transfer
PN-01345,2026-06-14,11:26:12,2026-06-20,10:12:42,Picked up at Shop,Phan Linh,"T5L, Edmonton, AB, Canada",2,CA$67.56,Debit
PN-01346,2026-06-14,12:11:31,2026-06-20,20:40:10,Picked up at Shop,Henry Collins,"T6W, Edmonton, AB, Canada",2,CA$63.44,Credit Card
PN-01347,2026-06-14,12:13:32,2026-06-21,10:00:59,Delivered to Customer,Alexander Clark,"T6A, Edmonton, AB, Canada",1,CA$43.66,Credit Card
PN-01348,2026-06-14,13:19:34,2026-06-18,15:19:15,Picked up at Shop,Zoey Roberts,"T6K, Edmonton, AB, Canada",1,CA$20.34,Credit Card
PN-01349,2026-06-14,15:05:56,2026-06-14,18:23:12,Picked up at Shop,Huynh Trung,"T6E, Edmonton, AB, Canada",1,CA$40.05,Credit Card
PN-01350,2026-06-14,15:42:55,2026-06-18,19:38:48,Delivered to Customer,Duong Nga,"T5K, Edmonton, AB, Canada",2,CA$113.07,Debit
PN-01351,2026-06-14,17:06:48,2026-06-18,20:40:50,Picked up at Shop,Emma Wright,"T5L, Edmonton, AB, Canada",1,CA$24.01,E-transfer
PN-01352,2026-06-14,17:22:25,2026-06-15,11:44:44,Picked up at Shop,Bui Binh,"T5R, Edmonton, AB, Canada",3,CA$53.26,Credit Card
PN-01353,2026-06-14,17:29:31,2026-06-15,18:08:58,Delivered to Customer,Vu Tuan,"T5Y, Edmonton, AB, Canada",1,CA$41.98,Credit Card
PN-01354,2026-06-14,19:14:46,2026-06-15,16:22:36,Delivered to Customer,Mia Turner,"T6J, Edmonton, AB, Canada",3,CA$124.89,Credit Card
PN-01355,2026-06-14,19:27:25,2026-06-20,16:57:11,Picked up at Shop,Tran Thu,"T6J, Edmonton, AB, Canada",1,CA$26.29,Credit Card
PN-01356,2026-06-15,08:06:57,2026-06-19,13:40:48,Delivered to Customer,Le Xuan,"T5K, Edmonton, AB, Canada",1,CA$35.41,Credit Card
PN-01357,2026-06-15,08:51:18,2026-06-20,15:20:48,Picked up at Shop,Olivia Parker,"T6G, Edmonton, AB, Canada",1,CA$42.49,Credit Card
PN-01358,2026-06-15,11:13:53,2026-06-22,14:53:08,Picked up at Shop,Ella Phillips,"T6V, Edmonton, AB, Canada",2,CA$86.48,Cash
PN-01359,2026-06-15,11:29:54,2026-06-19,16:56:06,Delivered to Customer,Grace Scott,"T5H, Edmonton, AB, Canada",1,CA$42.65,Credit Card
PN-01360,2026-06-15,11:42:25,2026-06-15,19:25:26,Delivered to Customer,Ngo Van,"T5J, Edmonton, AB, Canada",2,CA$111.59,E-transfer
PN-01361,2026-06-15,11:44:15,2026-06-21,14:19:21,Delivered to Customer,Hoang Minh,"T6P, Edmonton, AB, Canada",2,CA$47.37,Cash
PN-01362,2026-06-15,12:02:05,2026-06-17,08:48:13,Delivered to Customer,Tran Nam,"T5G, Edmonton, AB, Canada",2,CA$35.75,Credit Card
PN-01363,2026-06-15,12:07:02,2026-06-17,10:25:19,Delivered to Customer,Benjamin Lewis,"T6A, Edmonton, AB, Canada",1,CA$22.80,Credit Card
PN-01364,2026-06-15,12:08:17,2026-06-20,19:28:24,Delivered to Customer,Ava Thompson,"T5W, Edmonton, AB, Canada",1,CA$17.71,Credit Card
PN-01365,2026-06-15,12:37:09,2026-06-16,09:41:19,Delivered to Customer,Jackson King,"T6P, Edmonton, AB, Canada",1,CA$19.92,Credit Card
PN-01366,2026-06-15,12:50:27,2026-06-22,13:30:07,Picked up at Shop,Nguyen Kim,"T6G, Edmonton, AB, Canada",1,CA$58.62,Debit
PN-01367,2026-06-15,12:54:43,2026-06-21,20:51:04,Picked up at Shop,Huynh Thanh,"T6G, Edmonton, AB, Canada",1,CA$30.50,Credit Card
PN-01368,2026-06-15,13:30:30,2026-06-22,09:14:52,Delivered to Customer,Vu Huong,"T5L, Edmonton, AB, Canada",1,CA$23.31,Credit Card
PN-01369,2026-06-15,14:05:58,2026-06-22,15:08:36,Delivered to Customer,Emma Edwards,"T5P, Edmonton, AB, Canada",1,CA$33.71,Debit
PN-01370,2026-06-15,14:49:08,2026-06-20,15:55:12,Delivered to Customer,Tran An,"T6C, Edmonton, AB, Canada",1,CA$19.88,Cash
PN-01371,2026-06-15,14:55:44,2026-06-18,10:02:56,Delivered to Customer,Emily Taylor,"T6G, Edmonton, AB, Canada",1,CA$26.57,Credit Card
PN-01372,2026-06-15,15:13:34,2026-06-15,17:42:14,Delivered to Customer,Henry Green,"T5B, Edmonton, AB, Canada",2,CA$63.79,Credit Card
PN-01373,2026-06-15,15:25:11,2026-06-17,12:15:50,Delivered to Customer,Olivia Anderson,"T6M, Edmonton, AB, Canada",2,CA$64.68,Credit Card
PN-01374,2026-06-15,16:53:37,2026-06-20,16:24:03,Delivered to Customer,Hoang An,"T6G, Edmonton, AB, Canada",1,CA$32.17,Credit Card
PN-01375,2026-06-15,17:19:37,2026-06-15,22:20:06,Picked up at Shop,Ava Evans,"T5H, Edmonton, AB, Canada",2,CA$63.33,E-transfer
PN-01376,2026-06-15,17:21:39,2026-06-18,16:34:36,Picked up at Shop,Ella Wright,"T5X, Edmonton, AB, Canada",1,CA$33.06,Debit
PN-01377,2026-06-15,17:56:30,2026-06-22,12:02:01,Delivered to Customer,Pham Dung,"T6V, Edmonton, AB, Canada",3,CA$96.60,Credit Card
PN-01378,2026-06-15,18:01:18,2026-06-20,15:55:50,Delivered to Customer,Chloe Mitchell,"T6G, Edmonton, AB, Canada",1,CA$18.23,Cash
PN-01379,2026-06-15,18:28:21,2026-06-16,09:19:23,Delivered to Customer,Zoey Morrison,"T6G, Edmonton, AB, Canada",1,CA$26.94,Debit
PN-01380,2026-06-16,09:28:00,2026-06-23,10:27:31,Delivered to Customer,James Cook,"T5G, Edmonton, AB, Canada",2,CA$83.44,Credit Card
PN-01381,2026-06-16,10:08:02,2026-06-17,16:53:24,Picked up at Shop,Amelia Johnson,"T6J, Edmonton, AB, Canada",1,CA$31.17,E-transfer
PN-01382,2026-06-16,10:15:08,2026-06-23,17:47:18,Picked up at Shop,Hoang Trang,"T5V, Edmonton, AB, Canada",3,CA$125.73,Credit Card
PN-01383,2026-06-16,13:05:56,2026-06-17,12:56:24,Delivered to Customer,Henry Smith,"T5T, Edmonton, AB, Canada",1,CA$18.74,Cash
PN-01384,2026-06-16,13:14:47,2026-06-20,20:11:40,Picked up at Shop,Evelyn Cook,"T5K, Edmonton, AB, Canada",1,CA$57.42,Credit Card
PN-01385,2026-06-16,13:16:41,2026-06-22,14:16:24,Delivered to Customer,Victoria Evans,"T5M, Edmonton, AB, Canada",3,CA$164.30,Debit
PN-01386,2026-06-16,13:33:49,2026-06-19,15:00:01,Delivered to Customer,Vu Huong,"T5X, Edmonton, AB, Canada",2,CA$36.07,E-transfer
PN-01387,2026-06-16,14:53:16,2026-06-18,15:38:07,Picked up at Shop,Tran Hanh,"T5T, Edmonton, AB, Canada",1,CA$21.45,Credit Card
PN-01388,2026-06-16,15:42:55,2026-06-18,09:37:06,Delivered to Customer,Isabella Cook,"T6G, Edmonton, AB, Canada",1,CA$30.12,Debit
PN-01389,2026-06-16,16:49:10,2026-06-23,12:25:41,Delivered to Customer,Matthew Edwards,"T5H, Edmonton, AB, Canada",2,CA$85.12,Credit Card
PN-01390,2026-06-16,22:28:24,2026-06-23,08:57:18,Delivered to Customer,Zoey Taylor,"T5T, Edmonton, AB, Canada",3,CA$54.94,Credit Card
PN-01391,2026-06-17,10:10:27,2026-06-23,17:22:33,Picked up at Shop,Chloe Martin,"T6X, Edmonton, AB, Canada",3,CA$52.46,Credit Card
PN-01392,2026-06-17,10:25:54,2026-06-22,08:26:55,Delivered to Customer,Charlotte Martin,"T6G, Edmonton, AB, Canada",1,CA$58.00,Credit Card
PN-01393,2026-06-17,11:01:29,2026-06-19,14:06:26,Delivered to Customer,Henry Murphy,"T6P, Edmonton, AB, Canada",1,CA$21.04,Credit Card
PN-01394,2026-06-17,11:05:54,2026-06-17,18:14:02,Delivered to Customer,Noah Thompson,"T5Z, Edmonton, AB, Canada",1,CA$16.46,E-transfer
PN-01395,2026-06-17,11:06:05,2026-06-22,08:12:50,Picked up at Shop,Ho Tuan,"T6B, Edmonton, AB, Canada",2,CA$46.72,E-transfer
PN-01396,2026-06-17,11:43:56,2026-06-18,08:21:17,Delivered to Customer,Olivia Campbell,"T5V, Edmonton, AB, Canada",2,CA$50.04,Debit
PN-01397,2026-06-17,14:50:46,2026-06-21,15:23:33,Picked up at Shop,Matthew Parker,"T6N, Edmonton, AB, Canada",2,CA$49.59,Debit
PN-01398,2026-06-17,15:04:09,2026-06-18,18:46:13,Delivered to Customer,Bui Bao,"T6G, Edmonton, AB, Canada",2,CA$37.60,Debit
PN-01399,2026-06-17,15:24:40,2026-06-22,20:35:56,Picked up at Shop,Harper Murphy,"T6L, Edmonton, AB, Canada",3,CA$163.64,Debit
PN-01400,2026-06-17,15:35:23,2026-06-19,13:02:07,Picked up at Shop,Victoria Scott,"T6J, Edmonton, AB, Canada",1,CA$26.64,Credit Card
PN-01401,2026-06-17,16:50:24,2026-06-20,11:06:20,Delivered to Customer,Zoey Wright,"T5J, Edmonton, AB, Canada",2,CA$64.40,Debit
PN-01402,2026-06-17,17:38:24,2026-06-22,15:41:37,Delivered to Customer,Jackson Murray,"T5C, Edmonton, AB, Canada",1,CA$53.19,E-transfer
PN-01403,2026-06-17,18:29:57,2026-06-19,09:44:06,Delivered to Customer,Charlotte Roberts,"T5R, Edmonton, AB, Canada",2,CA$36.40,Credit Card
PN-01404,2026-06-18,08:45:28,2026-06-21,15:12:59,Delivered to Customer,Hoang Lan,"T5E, Edmonton, AB, Canada",1,CA$22.07,E-transfer
PN-01405,2026-06-18,08:46:45,2026-06-22,19:08:41,Delivered to Customer,Vo Khanh,"T5V, Edmonton, AB, Canada",1,CA$44.33,Cash
PN-01406,2026-06-18,08:59:30,2026-06-18,16:29:18,Picked up at Shop,Vu Mai,"T5T, Edmonton, AB, Canada",3,CA$55.27,Debit
PN-01407,2026-06-18,10:38:25,2026-06-22,13:48:35,Picked up at Shop,Nguyen Phuong,"T5V, Edmonton, AB, Canada",1,CA$42.21,Debit
PN-01408,2026-06-18,10:47:25,2026-06-22,16:28:26,Delivered to Customer,William Thompson,"T5S, Edmonton, AB, Canada",1,CA$35.88,Credit Card
PN-01409,2026-06-18,10:47:46,2026-06-22,20:18:06,Delivered to Customer,David Murray,"T5N, Edmonton, AB, Canada",1,CA$22.23,Credit Card
PN-01410,2026-06-18,10:58:29,2026-06-20,14:19:53,Delivered to Customer,Tran Thanh,"T6P, Edmonton, AB, Canada",1,CA$44.00,E-transfer
PN-01411,2026-06-18,11:15:13,2026-06-19,16:24:20,Delivered to Customer,Huynh Chi,"T5P, Edmonton, AB, Canada",1,CA$34.27,Credit Card
PN-01412,2026-06-18,12:18:23,2026-06-24,14:38:11,Picked up at Shop,Amelia King,"T5H, Edmonton, AB, Canada",1,CA$27.01,Debit
PN-01413,2026-06-18,12:20:52,2026-06-21,14:39:50,Delivered to Customer,Isabella Green,"T5R, Edmonton, AB, Canada",2,CA$48.27,Debit
PN-01414,2026-06-18,12:27:11,2026-06-21,14:17:26,Delivered to Customer,Nathan Murray,"T5N, Edmonton, AB, Canada",3,CA$72.84,Credit Card
PN-01415,2026-06-18,12:45:20,2026-06-24,10:46:02,Delivered to Customer,Jackson Baker,"T5K, Edmonton, AB, Canada",1,CA$32.30,Debit
PN-01416,2026-06-18,14:18:45,2026-06-20,16:35:21,Delivered to Customer,Henry Roberts,"T6C, Edmonton, AB, Canada",1,CA$40.98,Cash
PN-01417,2026-06-18,15:45:05,2026-06-23,08:58:30,Picked up at Shop,Alexander Collins,"T6C, Edmonton, AB, Canada",1,CA$54.70,Credit Card
PN-01418,2026-06-18,16:04:35,2026-06-19,09:53:55,Delivered to Customer,Vo Phong,"T6G, Edmonton, AB, Canada",1,CA$22.23,Debit
PN-01419,2026-06-18,17:11:45,2026-06-23,13:29:13,Picked up at Shop,David Turner,"T5S, Edmonton, AB, Canada",1,CA$24.70,Debit
PN-01420,2026-06-18,18:05:46,2026-06-22,18:29:01,Delivered to Customer,Nguyen Mai,"T5M, Edmonton, AB, Canada",1,CA$24.64,Credit Card
PN-01421,2026-06-18,18:08:08,2026-06-18,20:05:30,Picked up at Shop,Duong Khanh,"T6J, Edmonton, AB, Canada",1,CA$24.59,Credit Card
PN-01422,2026-06-18,18:22:53,2026-06-23,19:27:01,Picked up at Shop,Evelyn Scott,"T5L, Edmonton, AB, Canada",2,CA$47.70,Credit Card
PN-01423,2026-06-18,20:41:06,2026-06-23,17:39:56,Picked up at Shop,Nathan Mitchell,"T5J, Edmonton, AB, Canada",4,CA$219.95,E-transfer
PN-01424,2026-06-18,22:38:59,2026-06-23,15:45:36,Picked up at Shop,Bui Nam,"T5J, Edmonton, AB, Canada",2,CA$83.59,Credit Card
PN-01425,2026-06-19,11:49:51,2026-06-25,10:04:30,Picked up at Shop,Mia Roberts,"T6B, Edmonton, AB, Canada",1,CA$58.07,Credit Card
PN-01426,2026-06-19,12:25:08,2026-06-22,08:31:27,Picked up at Shop,Daniel Cook,"T6X, Edmonton, AB, Canada",1,CA$26.54,Credit Card
PN-01427,2026-06-19,14:13:26,2026-06-23,12:36:15,Picked up at Shop,Ethan Taylor,"T5S, Edmonton, AB, Canada",1,CA$31.32,Debit
PN-01428,2026-06-19,14:19:08,2026-06-20,15:48:09,Delivered to Customer,Zoey Roberts,"T5J, Edmonton, AB, Canada",2,CA$62.01,Credit Card
PN-01429,2026-06-19,14:38:32,2026-06-24,14:09:58,Picked up at Shop,Owen Carter,"T5H, Edmonton, AB, Canada",2,CA$35.30,Credit Card
PN-01430,2026-06-19,15:13:59,2026-06-21,16:27:13,Delivered to Customer,Henry Scott,"T5A, Edmonton, AB, Canada",2,CA$50.43,Credit Card
PN-01431,2026-06-19,15:27:07,2026-06-20,15:34:04,Picked up at Shop,Vu Duy,"T5B, Edmonton, AB, Canada",1,CA$35.05,E-transfer
PN-01432,2026-06-19,15:48:37,2026-06-26,19:56:28,Delivered to Customer,Owen Stewart,"T6M, Edmonton, AB, Canada",1,CA$22.82,Credit Card
PN-01433,2026-06-19,17:42:43,2026-06-25,10:28:34,Delivered to Customer,Ly Son,"T6E, Edmonton, AB, Canada",1,CA$42.25,Credit Card
PN-01434,2026-06-19,17:59:28,2026-06-23,09:53:32,Picked up at Shop,Do Thao,"T5C, Edmonton, AB, Canada",1,CA$26.95,Credit Card
PN-01435,2026-06-19,18:24:17,2026-06-22,08:30:24,Delivered to Customer,Evelyn Johnson,"T6E, Edmonton, AB, Canada",1,CA$55.88,Credit Card
PN-01436,2026-06-19,19:39:32,2026-06-20,13:12:19,Delivered to Customer,Ly Trang,"T5R, Edmonton, AB, Canada",1,CA$30.35,Credit Card
PN-01437,2026-06-20,09:00:40,2026-06-20,19:24:20,Picked up at Shop,Sofia Phillips,"T5A, Edmonton, AB, Canada",2,CA$50.47,Debit
PN-01438,2026-06-20,10:14:38,2026-06-25,18:15:33,Picked up at Shop,Jack Phillips,"T6E, Edmonton, AB, Canada",3,CA$168.19,Credit Card
PN-01439,2026-06-20,11:22:54,2026-06-26,13:43:58,Picked up at Shop,Olivia Scott,"T5C, Edmonton, AB, Canada",2,CA$62.47,Credit Card
PN-01440,2026-06-20,12:07:11,2026-06-23,14:52:19,Delivered to Customer,Jackson Parker,"T5J, Edmonton, AB, Canada",1,CA$43.01,Debit
PN-01441,2026-06-20,12:55:53,2026-06-26,20:05:35,Delivered to Customer,Grace Young,"T5Y, Edmonton, AB, Canada",1,CA$55.41,Credit Card
PN-01442,2026-06-20,13:06:25,2026-06-24,08:30:28,Delivered to Customer,Ngo Thanh,"T5E, Edmonton, AB, Canada",1,CA$34.40,Credit Card
PN-01443,2026-06-20,13:35:05,2026-06-26,12:39:01,Picked up at Shop,Jackson Turner,"T6J, Edmonton, AB, Canada",1,CA$25.16,Debit
PN-01444,2026-06-20,14:22:46,2026-06-24,13:45:10,Picked up at Shop,Emma Lewis,"T5M, Edmonton, AB, Canada",1,CA$23.71,Credit Card
PN-01445,2026-06-20,15:19:44,2026-06-24,17:39:34,Delivered to Customer,Ava Scott,"T5J, Edmonton, AB, Canada",1,CA$43.19,Credit Card
PN-01446,2026-06-20,17:08:15,2026-06-24,10:31:19,Delivered to Customer,Le Yen,"T5C, Edmonton, AB, Canada",2,CA$47.57,Credit Card
PN-01447,2026-06-20,18:14:56,2026-06-24,14:20:38,Delivered to Customer,Huynh Tuan,"T6A, Edmonton, AB, Canada",1,CA$24.14,Credit Card
PN-01448,2026-06-20,18:19:41,2026-06-26,14:26:19,Picked up at Shop,Ella Campbell,"T6G, Edmonton, AB, Canada",1,CA$24.20,Credit Card
PN-01449,2026-06-20,18:32:45,2026-06-23,17:23:12,Delivered to Customer,Sofia Mitchell,"T5H, Edmonton, AB, Canada",1,CA$25.73,Debit
PN-01450,2026-06-21,08:11:53,2026-06-26,14:40:10,Picked up at Shop,Zoey Mitchell,"T6J, Edmonton, AB, Canada",1,CA$34.85,Debit
PN-01451,2026-06-21,09:32:04,2026-06-22,20:35:24,Delivered to Customer,James Evans,"T5C, Edmonton, AB, Canada",2,CA$49.23,E-transfer
PN-01452,2026-06-21,11:15:36,2026-06-22,09:37:14,Delivered to Customer,Victoria Wilson,"T5L, Edmonton, AB, Canada",2,CA$34.33,Credit Card
PN-01453,2026-06-21,12:12:33,2026-06-22,17:12:16,Delivered to Customer,Lucas Campbell,"T6P, Edmonton, AB, Canada",1,CA$32.22,Credit Card
PN-01454,2026-06-21,12:32:17,2026-06-24,08:48:54,Delivered to Customer,Sophia Lewis,"T5J, Edmonton, AB, Canada",1,CA$31.16,Credit Card
PN-01455,2026-06-21,13:26:30,2026-06-22,13:12:15,Delivered to Customer,Emily Phillips,"T5K, Edmonton, AB, Canada",1,CA$17.34,Credit Card
PN-01456,2026-06-21,14:03:03,2026-06-25,17:18:00,Delivered to Customer,Sophia Taylor,"T5N, Edmonton, AB, Canada",3,CA$73.68,Credit Card
PN-01457,2026-06-21,14:32:01,2026-06-26,12:53:45,Delivered to Customer,Daniel Mitchell,"T6X, Edmonton, AB, Canada",1,CA$44.45,Credit Card
PN-01458,2026-06-21,15:14:37,2026-06-22,17:09:26,Picked up at Shop,Zoey Green,"T6J, Edmonton, AB, Canada",1,CA$22.49,Debit
PN-01459,2026-06-21,15:39:27,2026-06-22,20:58:44,Picked up at Shop,Elizabeth Wilson,"T5J, Edmonton, AB, Canada",3,CA$129.10,Debit
PN-01460,2026-06-21,15:50:30,2026-06-23,15:10:42,Delivered to Customer,James Turner,"T5H, Edmonton, AB, Canada",1,CA$30.76,Debit
PN-01461,2026-06-21,16:53:01,2026-06-28,11:10:41,Picked up at Shop,Victoria Evans,"T6T, Edmonton, AB, Canada",1,CA$23.63,Debit
PN-01462,2026-06-21,16:57:20,2026-06-22,18:47:00,Delivered to Customer,Isabella Carter,"T5E, Edmonton, AB, Canada",2,CA$64.74,Debit
PN-01463,2026-06-21,17:31:11,2026-06-23,15:41:42,Delivered to Customer,Ethan Roberts,"T5N, Edmonton, AB, Canada",2,CA$47.15,Credit Card
PN-01464,2026-06-21,17:38:42,2026-06-22,15:09:39,Delivered to Customer,Huynh Chi,"T5T, Edmonton, AB, Canada",4,CA$170.82,Credit Card
PN-01465,2026-06-21,17:49:02,2026-06-23,20:25:01,Picked up at Shop,Nguyen Quynh,"T6B, Edmonton, AB, Canada",2,CA$48.51,Credit Card
PN-01466,2026-06-21,19:24:27,2026-06-25,10:56:30,Delivered to Customer,Sebastian Roberts,"T5J, Edmonton, AB, Canada",1,CA$22.50,Credit Card
PN-01467,2026-06-22,09:56:53,2026-06-27,08:16:13,Delivered to Customer,Matthew Carter,"T5B, Edmonton, AB, Canada",1,CA$32.95,Credit Card
PN-01468,2026-06-22,11:50:06,2026-06-29,18:46:56,Delivered to Customer,David Wright,"T5J, Edmonton, AB, Canada",1,CA$55.50,Credit Card
PN-01469,2026-06-22,15:03:18,2026-06-24,14:05:06,Picked up at Shop,Ethan Evans,"T5J, Edmonton, AB, Canada",1,CA$41.66,Cash
PN-01470,2026-06-22,15:43:29,2026-06-23,13:48:36,Delivered to Customer,Nguyen Trang,"T5T, Edmonton, AB, Canada",2,CA$87.14,Debit
PN-01471,2026-06-22,16:01:15,2026-06-27,13:45:36,Delivered to Customer,Pham Yen,"T5C, Edmonton, AB, Canada",1,CA$18.17,Credit Card
PN-01472,2026-06-22,17:45:26,2026-06-24,10:35:15,Delivered to Customer,Sofia Morrison,"T5K, Edmonton, AB, Canada",1,CA$34.37,Credit Card
PN-01473,2026-06-22,18:12:52,2026-06-28,08:16:55,Delivered to Customer,Nathan Parker,"T6H, Edmonton, AB, Canada",1,CA$30.90,E-transfer
PN-01474,2026-06-22,19:24:11,2026-06-27,14:49:42,Picked up at Shop,Lucas Clark,"T5H, Edmonton, AB, Canada",1,CA$30.01,Cash
PN-01475,2026-06-22,20:30:42,2026-06-25,16:02:27,Picked up at Shop,Jack Murray,"T5X, Edmonton, AB, Canada",2,CA$84.91,Credit Card
PN-01476,2026-06-23,08:51:43,2026-06-30,17:32:01,Delivered to Customer,Abigail King,"T5E, Edmonton, AB, Canada",1,CA$23.95,Debit
PN-01477,2026-06-23,10:55:06,2026-06-28,16:40:12,Delivered to Customer,Emily Roberts,"T5M, Edmonton, AB, Canada",1,CA$33.74,Credit Card
PN-01478,2026-06-23,11:06:34,2026-06-30,16:17:05,Picked up at Shop,Dang Thu,"T5A, Edmonton, AB, Canada",3,CA$165.57,Credit Card
PN-01479,2026-06-23,11:19:11,2026-06-24,17:50:39,Delivered to Customer,Matthew King,"T6E, Edmonton, AB, Canada",1,CA$40.43,Credit Card
PN-01480,2026-06-23,11:44:43,2026-06-29,10:19:56,Delivered to Customer,Nathan Collins,"T6E, Edmonton, AB, Canada",2,CA$108.30,E-transfer
PN-01481,2026-06-23,12:30:45,2026-06-28,13:03:53,Delivered to Customer,Olivia Wilson,"T5Z, Edmonton, AB, Canada",1,CA$33.84,Credit Card
PN-01482,2026-06-23,13:52:29,2026-06-27,08:09:08,Delivered to Customer,Henry Campbell,"T6A, Edmonton, AB, Canada",1,CA$32.46,Credit Card
PN-01483,2026-06-23,14:05:11,2026-06-27,09:05:51,Picked up at Shop,Olivia Green,"T5J, Edmonton, AB, Canada",1,CA$56.32,Credit Card
PN-01484,2026-06-23,14:34:08,2026-06-28,16:55:14,Delivered to Customer,Ho Huong,"T6X, Edmonton, AB, Canada",1,CA$54.96,Credit Card
PN-01485,2026-06-23,14:35:18,2026-06-23,20:52:12,Delivered to Customer,Ho Chi,"T5N, Edmonton, AB, Canada",1,CA$45.59,E-transfer
PN-01486,2026-06-23,16:38:33,2026-06-29,13:08:03,Picked up at Shop,Sebastian Campbell,"T5N, Edmonton, AB, Canada",1,CA$30.92,Debit
PN-01487,2026-06-23,16:53:26,2026-06-28,13:26:28,Picked up at Shop,Benjamin Cook,"T6J, Edmonton, AB, Canada",1,CA$58.28,E-transfer
PN-01488,2026-06-23,17:16:15,2026-06-28,13:41:53,Picked up at Shop,Liam Murphy,"T5C, Edmonton, AB, Canada",2,CA$62.54,Credit Card
PN-01489,2026-06-23,18:45:45,2026-06-25,08:26:16,Delivered to Customer,Sebastian Morrison,"T5P, Edmonton, AB, Canada",1,CA$40.02,Debit
PN-01490,2026-06-23,18:49:00,2026-06-23,23:11:25,Picked up at Shop,Pham Thanh,"T5J, Edmonton, AB, Canada",1,CA$22.92,Debit
PN-01491,2026-06-23,20:15:27,2026-06-27,12:38:49,Delivered to Customer,Pham Mai,"T6P, Edmonton, AB, Canada",1,CA$26.56,Cash
PN-01492,2026-06-24,08:10:01,2026-06-29,20:42:36,Delivered to Customer,Jack Carter,"T5A, Edmonton, AB, Canada",1,CA$42.89,Credit Card
PN-01493,2026-06-24,08:42:42,2026-06-28,14:50:45,Delivered to Customer,Amelia Collins,"T5H, Edmonton, AB, Canada",1,CA$21.16,Cash
PN-01494,2026-06-24,10:42:21,2026-06-26,11:09:46,Delivered to Customer,David Taylor,"T5E, Edmonton, AB, Canada",3,CA$95.79,Credit Card
PN-01495,2026-06-24,11:48:25,2026-06-27,12:07:03,Picked up at Shop,Bui Yen,"T5C, Edmonton, AB, Canada",2,CA$85.69,Credit Card
PN-01496,2026-06-24,12:00:00,2026-06-25,17:52:57,Picked up at Shop,Ella White,"T6G, Edmonton, AB, Canada",3,CA$97.00,Credit Card
PN-01497,2026-06-24,12:38:41,2026-06-25,14:46:40,Delivered to Customer,Bui Duy,"T5E, Edmonton, AB, Canada",1,CA$23.43,Credit Card
PN-01498,2026-06-24,12:51:43,2026-06-29,17:23:22,Delivered to Customer,Samuel Carter,"T5E, Edmonton, AB, Canada",1,CA$42.17,Credit Card
PN-01499,2026-06-24,13:05:50,2026-06-30,12:57:58,Delivered to Customer,James Walker,"T5B, Edmonton, AB, Canada",1,CA$43.93,E-transfer
PN-01500,2026-06-24,13:23:11,2026-06-28,15:28:00,Delivered to Customer,Harper Turner,"T6C, Edmonton, AB, Canada",4,CA$98.30,Credit Card
PN-01501,2026-06-24,13:28:39,2026-07-01,12:51:51,Picked up at Shop,Dang Lan,"T5L, Edmonton, AB, Canada",2,CA$67.97,Credit Card
PN-01502,2026-06-24,13:34:52,2026-06-27,10:31:18,Delivered to Customer,Olivia Thompson,"T5C, Edmonton, AB, Canada",1,CA$40.60,Credit Card
PN-01503,2026-06-24,15:35:12,2026-06-29,13:54:02,Picked up at Shop,Olivia Evans,"T5C, Edmonton, AB, Canada",2,CA$46.20,Debit
PN-01504,2026-06-24,19:34:43,2026-06-26,13:33:20,Delivered to Customer,Hoang Lan,"T5Y, Edmonton, AB, Canada",1,CA$41.42,Debit
PN-01505,2026-06-25,10:00:55,2026-07-01,09:22:12,Picked up at Shop,Alexander Phillips,"T6L, Edmonton, AB, Canada",2,CA$65.57,Credit Card
PN-01506,2026-06-25,10:27:47,2026-06-25,18:44:11,Delivered to Customer,Henry Green,"T6A, Edmonton, AB, Canada",3,CA$72.07,Credit Card
PN-01507,2026-06-25,11:18:10,2026-06-28,16:39:00,Delivered to Customer,Duong Nam,"T6G, Edmonton, AB, Canada",1,CA$54.36,Credit Card
PN-01508,2026-06-25,12:08:02,2026-06-28,12:46:36,Delivered to Customer,Ava Green,"T5H, Edmonton, AB, Canada",1,CA$35.12,E-transfer
PN-01509,2026-06-25,12:15:29,2026-06-25,13:11:48,Picked up at Shop,Amelia Phillips,"T6A, Edmonton, AB, Canada",1,CA$26.88,Credit Card
PN-01510,2026-06-25,12:27:56,2026-06-25,21:49:00,Delivered to Customer,Lucas Parker,"T6E, Edmonton, AB, Canada",2,CA$87.68,Debit
PN-01511,2026-06-25,12:34:57,2026-06-26,19:09:56,Delivered to Customer,Elizabeth Collins,"T6S, Edmonton, AB, Canada",1,CA$44.03,E-transfer
PN-01512,2026-06-25,14:28:29,2026-06-27,18:10:20,Picked up at Shop,William Martin,"T5M, Edmonton, AB, Canada",2,CA$66.84,Credit Card
PN-01513,2026-06-25,14:55:14,2026-06-30,16:51:39,Picked up at Shop,Abigail Edwards,"T6V, Edmonton, AB, Canada",1,CA$27.49,Debit
PN-01514,2026-06-25,14:57:38,2026-06-27,09:17:18,Picked up at Shop,Pham Trung,"T5R, Edmonton, AB, Canada",2,CA$62.51,Credit Card
PN-01515,2026-06-25,14:58:07,2026-07-02,19:12:32,Picked up at Shop,Benjamin Taylor,"T5K, Edmonton, AB, Canada",2,CA$62.60,Debit
PN-01516,2026-06-25,15:24:01,2026-07-02,17:32:19,Picked up at Shop,Michael Murphy,"T6S, Edmonton, AB, Canada",1,CA$30.99,E-transfer
PN-01517,2026-06-25,15:49:52,2026-06-29,09:42:33,Delivered to Customer,Vo Dung,"T6N, Edmonton, AB, Canada",1,CA$25.25,E-transfer
PN-01518,2026-06-25,16:02:42,2026-06-25,17:49:32,Delivered to Customer,Sebastian Baker,"T5E, Edmonton, AB, Canada",1,CA$40.06,Credit Card
PN-01519,2026-06-25,17:29:31,2026-07-02,08:15:49,Delivered to Customer,Do An,"T5E, Edmonton, AB, Canada",1,CA$30.39,Credit Card
PN-01520,2026-06-25,18:19:46,2026-06-26,18:31:09,Delivered to Customer,Nathan Turner,"T5L, Edmonton, AB, Canada",1,CA$18.34,Debit
PN-01521,2026-06-25,18:50:45,2026-06-25,20:54:17,Picked up at Shop,Elizabeth Campbell,"T5R, Edmonton, AB, Canada",2,CA$48.58,Credit Card
PN-01522,2026-06-25,19:13:28,2026-06-26,11:57:43,Picked up at Shop,Liam Evans,"T6A, Edmonton, AB, Canada",1,CA$40.20,Debit
PN-01523,2026-06-25,19:56:24,2026-07-02,16:41:00,Delivered to Customer,Pham Nga,"T5S, Edmonton, AB, Canada",1,CA$21.18,Debit
PN-01524,2026-06-26,08:34:19,2026-06-27,18:09:37,Delivered to Customer,Owen Green,"T5K, Edmonton, AB, Canada",3,CA$163.40,Credit Card
PN-01525,2026-06-26,08:37:06,2026-07-02,20:46:08,Picked up at Shop,Huynh Huong,"T6B, Edmonton, AB, Canada",1,CA$19.43,E-transfer
PN-01526,2026-06-26,10:18:19,2026-06-26,20:19:31,Picked up at Shop,Michael Cook,"T5J, Edmonton, AB, Canada",2,CA$109.39,Cash
PN-01527,2026-06-26,10:49:05,2026-07-01,08:52:19,Delivered to Customer,William Smith,"T5B, Edmonton, AB, Canada",1,CA$41.96,Credit Card
PN-01528,2026-06-26,11:16:35,2026-06-30,12:21:58,Delivered to Customer,Emily Thompson,"T5J, Edmonton, AB, Canada",1,CA$16.28,Cash
PN-01529,2026-06-26,11:25:29,2026-06-27,17:12:05,Delivered to Customer,Samuel Morrison,"T5L, Edmonton, AB, Canada",1,CA$26.85,E-transfer
PN-01530,2026-06-26,12:26:36,2026-07-03,18:06:31,Picked up at Shop,Ly Binh,"T5K, Edmonton, AB, Canada",1,CA$35.45,E-transfer
PN-01531,2026-06-26,13:26:38,2026-06-30,16:59:44,Delivered to Customer,Ho Yen,"T5H, Edmonton, AB, Canada",1,CA$33.33,Credit Card
PN-01532,2026-06-26,14:07:03,2026-06-29,15:28:24,Delivered to Customer,Duong Huong,"T5C, Edmonton, AB, Canada",2,CA$46.36,Credit Card
PN-01533,2026-06-26,14:11:54,2026-06-29,11:41:53,Picked up at Shop,Owen King,"T6H, Edmonton, AB, Canada",1,CA$31.42,Credit Card
PN-01534,2026-06-26,14:31:25,2026-06-28,20:16:37,Picked up at Shop,Avery Roberts,"T6P, Edmonton, AB, Canada",4,CA$167.58,E-transfer
PN-01535,2026-06-26,16:01:26,2026-06-27,15:17:57,Delivered to Customer,Dang Nga,"T5W, Edmonton, AB, Canada",1,CA$16.56,Credit Card
PN-01536,2026-06-26,16:37:35,2026-06-26,19:43:46,Picked up at Shop,Tran Phong,"T5M, Edmonton, AB, Canada",2,CA$84.16,Debit
PN-01537,2026-06-26,18:40:22,2026-06-30,11:51:30,Delivered to Customer,Pham Dung,"T5E, Edmonton, AB, Canada",4,CA$127.84,Credit Card
PN-01538,2026-06-26,21:48:53,2026-06-30,12:21:29,Delivered to Customer,Owen Harris,"T6G, Edmonton, AB, Canada",2,CA$49.04,Credit Card
PN-01539,2026-06-27,08:35:24,2026-06-27,22:23:35,Delivered to Customer,Vo Hanh,"T5H, Edmonton, AB, Canada",1,CA$27.06,Credit Card
PN-01540,2026-06-27,08:48:17,2026-06-29,11:59:55,Picked up at Shop,Sofia Anderson,"T5K, Edmonton, AB, Canada",1,CA$25.29,Credit Card
PN-01541,2026-06-27,10:02:16,2026-07-04,19:28:38,Delivered to Customer,Phan Vy,"T5L, Edmonton, AB, Canada",2,CA$35.34,Credit Card
PN-01542,2026-06-27,10:21:08,2026-06-29,09:56:47,Picked up at Shop,Ava Wilson,"T5J, Edmonton, AB, Canada",1,CA$24.15,Credit Card
PN-01543,2026-06-27,12:23:37,2026-07-03,16:02:26,Delivered to Customer,Mia Baker,"T5K, Edmonton, AB, Canada",1,CA$34.66,Credit Card
PN-01544,2026-06-27,12:53:30,2026-06-29,19:13:39,Delivered to Customer,Vo Hanh,"T5J, Edmonton, AB, Canada",1,CA$30.17,E-transfer
PN-01545,2026-06-27,13:11:35,2026-07-03,08:45:14,Picked up at Shop,Do Minh,"T5K, Edmonton, AB, Canada",1,CA$41.94,Credit Card
PN-01546,2026-06-27,13:27:40,2026-07-01,10:05:08,Delivered to Customer,Tran Chi,"T6A, Edmonton, AB, Canada",2,CA$49.19,E-transfer
PN-01547,2026-06-27,13:43:38,2026-07-02,13:21:15,Delivered to Customer,Nathan Smith,"T6E, Edmonton, AB, Canada",1,CA$58.43,Debit
PN-01548,2026-06-27,14:17:52,2026-06-27,20:11:45,Delivered to Customer,Daniel White,"T6J, Edmonton, AB, Canada",2,CA$67.16,E-transfer
PN-01549,2026-06-27,16:10:46,2026-07-04,18:34:25,Delivered to Customer,Vu Xuan,"T6T, Edmonton, AB, Canada",1,CA$22.45,Credit Card
PN-01550,2026-06-27,17:11:48,2026-06-28,10:20:35,Delivered to Customer,Henry White,"T5H, Edmonton, AB, Canada",1,CA$32.90,E-transfer
PN-01551,2026-06-27,17:58:17,2026-07-04,10:12:52,Picked up at Shop,Huynh Nam,"T5L, Edmonton, AB, Canada",2,CA$50.90,Credit Card
PN-01552,2026-06-27,19:24:05,2026-07-03,13:00:15,Delivered to Customer,Nguyen Quan,"T5J, Edmonton, AB, Canada",1,CA$31.07,Credit Card
PN-01553,2026-06-27,19:49:10,2026-07-02,16:43:05,Delivered to Customer,Huynh An,"T5J, Edmonton, AB, Canada",3,CA$72.20,Credit Card
PN-01554,2026-06-28,10:26:14,2026-07-04,13:08:42,Picked up at Shop,Vo Huong,"T5B, Edmonton, AB, Canada",2,CA$50.44,Cash
PN-01555,2026-06-28,10:38:43,2026-07-03,18:10:25,Picked up at Shop,Harper Green,"T6G, Edmonton, AB, Canada",1,CA$42.39,Credit Card
PN-01556,2026-06-28,11:33:43,2026-07-03,13:51:12,Delivered to Customer,Jackson Cook,"T6T, Edmonton, AB, Canada",1,CA$25.33,Credit Card
PN-01557,2026-06-28,12:03:05,2026-06-28,19:48:40,Delivered to Customer,Vo Bao,"T5C, Edmonton, AB, Canada",1,CA$24.41,Credit Card
PN-01558,2026-06-28,12:21:48,2026-07-03,18:32:45,Delivered to Customer,Emma Martin,"T6J, Edmonton, AB, Canada",2,CA$64.98,E-transfer
PN-01559,2026-06-28,12:35:53,2026-07-05,14:08:22,Delivered to Customer,Pham Viet,"T6G, Edmonton, AB, Canada",2,CA$47.43,Debit
PN-01560,2026-06-28,13:13:58,2026-07-05,13:53:00,Picked up at Shop,Charlotte Morrison,"T5M, Edmonton, AB, Canada",1,CA$30.62,Debit
PN-01561,2026-06-28,13:47:36,2026-07-03,19:04:27,Picked up at Shop,Avery Wilson,"T6E, Edmonton, AB, Canada",1,CA$20.73,Credit Card
PN-01562,2026-06-28,13:58:58,2026-07-05,11:19:44,Picked up at Shop,Daniel Lewis,"T5T, Edmonton, AB, Canada",2,CA$85.50,Credit Card
PN-01563,2026-06-28,15:17:31,2026-06-30,13:59:34,Delivered to Customer,Dang Vy,"T6T, Edmonton, AB, Canada",3,CA$167.37,Credit Card
PN-01564,2026-06-28,15:52:14,2026-07-04,15:45:50,Delivered to Customer,Vo Nam,"T5K, Edmonton, AB, Canada",1,CA$32.06,Credit Card
PN-01565,2026-06-28,16:24:42,2026-07-05,12:55:24,Delivered to Customer,Ho Nam,"T5K, Edmonton, AB, Canada",1,CA$30.26,Credit Card
PN-01566,2026-06-28,16:52:04,2026-06-28,23:48:43,Picked up at Shop,Nguyen Linh,"T6G, Edmonton, AB, Canada",1,CA$45.77,Debit
PN-01567,2026-06-28,17:00:24,2026-06-28,22:10:24,Delivered to Customer,Sofia Carter,"T5E, Edmonton, AB, Canada",1,CA$21.27,Credit Card
PN-01568,2026-06-28,17:02:36,2026-06-30,14:08:23,Delivered to Customer,Tran Tuan,"T5B, Edmonton, AB, Canada",1,CA$20.56,Debit
PN-01569,2026-06-28,17:17:48,2026-07-02,18:03:58,Delivered to Customer,Duong Van,"T6G, Edmonton, AB, Canada",2,CA$83.11,Credit Card
PN-01570,2026-06-28,18:29:32,2026-07-02,12:58:04,Delivered to Customer,Matthew Parker,"T5L, Edmonton, AB, Canada",2,CA$85.80,Debit
PN-01571,2026-06-28,18:41:41,2026-06-30,19:13:21,Delivered to Customer,Michael Edwards,"T6B, Edmonton, AB, Canada",1,CA$33.82,E-transfer
PN-01572,2026-06-28,20:22:37,2026-07-03,11:39:26,Picked up at Shop,Ella Morrison,"T6B, Edmonton, AB, Canada",1,CA$27.18,Credit Card
PN-01573,2026-06-28,20:38:16,2026-06-30,17:10:47,Delivered to Customer,Alexander Turner,"T5T, Edmonton, AB, Canada",1,CA$25.63,Credit Card
PN-01574,2026-06-28,21:32:45,2026-06-28,21:47:56,Delivered to Customer,Sofia Anderson,"T6K, Edmonton, AB, Canada",1,CA$24.71,Credit Card
PN-01575,2026-06-29,08:14:54,2026-07-04,19:20:16,Picked up at Shop,Dang Quynh,"T5P, Edmonton, AB, Canada",1,CA$33.59,Debit
PN-01576,2026-06-29,10:44:48,2026-06-29,18:37:37,Delivered to Customer,Michael King,"T5N, Edmonton, AB, Canada",1,CA$25.45,Debit
PN-01577,2026-06-29,11:59:27,2026-07-03,13:49:42,Delivered to Customer,Do Quynh,"T5G, Edmonton, AB, Canada",1,CA$24.74,Credit Card
PN-01578,2026-06-29,13:26:41,2026-06-30,16:57:14,Delivered to Customer,Amelia Green,"T6J, Edmonton, AB, Canada",1,CA$41.25,Credit Card
PN-01579,2026-06-29,13:35:32,2026-07-02,13:11:09,Delivered to Customer,Harper Johnson,"T5P, Edmonton, AB, Canada",1,CA$26.91,Credit Card
PN-01580,2026-06-29,13:39:10,2026-07-02,15:14:22,Delivered to Customer,Sebastian Taylor,"T6G, Edmonton, AB, Canada",2,CA$50.91,Credit Card
PN-01581,2026-06-29,15:09:43,2026-06-30,12:34:54,Delivered to Customer,Michael Taylor,"T6E, Edmonton, AB, Canada",1,CA$34.12,Credit Card
PN-01582,2026-06-29,15:36:28,2026-07-04,16:25:19,Delivered to Customer,Mia Phillips,"T6C, Edmonton, AB, Canada",2,CA$35.40,Cash
PN-01583,2026-06-29,16:05:23,2026-06-29,20:30:59,Picked up at Shop,Le Van,"T6C, Edmonton, AB, Canada",2,CA$87.42,Credit Card
PN-01584,2026-06-29,17:04:21,2026-07-02,14:16:59,Picked up at Shop,Ly Lan,"T5T, Edmonton, AB, Canada",1,CA$42.15,E-transfer
PN-01585,2026-06-29,17:59:36,2026-07-05,11:27:51,Delivered to Customer,Isabella Green,"T5B, Edmonton, AB, Canada",1,CA$40.72,Credit Card
PN-01586,2026-06-30,11:58:42,2026-07-01,11:42:23,Picked up at Shop,Alexander Mitchell,"T6G, Edmonton, AB, Canada",2,CA$36.61,Credit Card
PN-01587,2026-06-30,12:12:14,2026-06-30,17:28:05,Delivered to Customer,Ho Thanh,"T6C, Edmonton, AB, Canada",1,CA$24.67,E-transfer
PN-01588,2026-06-30,13:20:10,2026-07-04,08:12:43,Delivered to Customer,Liam Cook,"T5J, Edmonton, AB, Canada",2,CA$34.26,E-transfer
PN-01589,2026-06-30,13:46:46,2026-07-06,13:46:13,Delivered to Customer,Grace Bell,"T5G, Edmonton, AB, Canada",1,CA$30.23,Cash
PN-01590,2026-06-30,14:45:55,2026-07-06,08:42:07,Delivered to Customer,Pham Kim,"T6V, Edmonton, AB, Canada",1,CA$32.11,Debit
PN-01591,2026-06-30,15:26:53,2026-07-05,20:02:22,Picked up at Shop,Elizabeth Roberts,"T6X, Edmonton, AB, Canada",2,CA$62.96,Credit Card
PN-01592,2026-06-30,16:34:43,2026-06-30,16:41:18,Delivered to Customer,Ly Phuong,"T6C, Edmonton, AB, Canada",2,CA$108.67,Debit
PN-01593,2026-06-30,16:49:35,2026-07-04,11:28:09,Picked up at Shop,Emily Parker,"T6E, Edmonton, AB, Canada",1,CA$26.35,Cash
PN-01594,2026-06-30,16:59:27,2026-07-03,17:28:56,Delivered to Customer,Victoria Phillips,"T6G, Edmonton, AB, Canada",1,CA$56.65,Credit Card
PN-01595,2026-06-30,17:01:22,2026-07-07,15:57:05,Delivered to Customer,Victoria Brown,"T6S, Edmonton, AB, Canada",1,CA$32.51,Credit Card
PN-01596,2026-06-30,18:43:57,2026-07-05,15:05:27,Delivered to Customer,Emily Phillips,"T6C, Edmonton, AB, Canada",1,CA$27.56,Credit Card
PN-01597,2026-06-30,19:01:35,2026-06-30,23:01:17,Delivered to Customer,Liam Brown,"T6G, Edmonton, AB, Canada",1,CA$55.57,Cash
PN-01598,2026-07-01,08:13:37,2026-07-04,08:15:49,Delivered to Customer,Alexander Johnson,"T5S, Edmonton, AB, Canada",1,CA$33.34,Credit Card
PN-01599,2026-07-01,09:12:37,2026-07-03,15:18:35,Delivered to Customer,Pham Ngoc,"T6E, Edmonton, AB, Canada",1,CA$58.73,Credit Card
PN-01600,2026-07-01,10:25:24,2026-07-06,13:01:42,Delivered to Customer,Tran Thanh,"T6X, Edmonton, AB, Canada",2,CA$65.52,Debit
PN-01601,2026-07-01,10:30:51,2026-07-04,10:40:29,Delivered to Customer,Isabella Campbell,"T5A, Edmonton, AB, Canada",1,CA$20.79,Cash
PN-01602,2026-07-01,11:19:52,2026-07-04,12:33:14,Picked up at Shop,Nguyen Xuan,"T5J, Edmonton, AB, Canada",1,CA$23.84,E-transfer
PN-01603,2026-07-01,12:04:34,2026-07-01,21:01:40,Picked up at Shop,Sophia Edwards,"T6X, Edmonton, AB, Canada",1,CA$31.88,Credit Card
PN-01604,2026-07-01,12:34:05,2026-07-07,17:44:12,Delivered to Customer,Elizabeth Clark,"T6G, Edmonton, AB, Canada",1,CA$43.79,Credit Card
PN-01605,2026-07-01,12:36:00,2026-07-03,18:08:15,Delivered to Customer,Dang Chi,"T6J, Edmonton, AB, Canada",2,CA$67.09,E-transfer
PN-01606,2026-07-01,13:21:27,2026-07-03,11:33:36,Picked up at Shop,Sophia Bell,"T6K, Edmonton, AB, Canada",1,CA$45.30,Credit Card
PN-01607,2026-07-01,14:50:51,2026-07-02,18:26:25,Delivered to Customer,James Lewis,"T5K, Edmonton, AB, Canada",1,CA$31.76,Credit Card
PN-01608,2026-07-01,16:37:40,2026-07-01,21:56:27,Delivered to Customer,Sofia Wilson,"T5T, Edmonton, AB, Canada",1,CA$34.97,Cash
PN-01609,2026-07-01,17:03:21,2026-07-05,13:09:10,Picked up at Shop,Hoang Yen,"T5H, Edmonton, AB, Canada",2,CA$46.42,E-transfer
PN-01610,2026-07-01,18:12:57,2026-07-04,16:29:04,Delivered to Customer,Le Lan,"T6P, Edmonton, AB, Canada",1,CA$26.07,Debit
PN-01611,2026-07-01,18:27:42,2026-07-02,19:38:48,Delivered to Customer,Emma Evans,"T5J, Edmonton, AB, Canada",1,CA$57.73,E-transfer
PN-01612,2026-07-01,20:36:32,2026-07-02,11:53:06,Picked up at Shop,David White,"T5X, Edmonton, AB, Canada",2,CA$49.95,Debit
PN-01613,2026-07-02,09:20:41,2026-07-06,13:35:42,Picked up at Shop,Tran Tuan,"T6E, Edmonton, AB, Canada",1,CA$22.42,Credit Card
PN-01614,2026-07-02,10:41:36,2026-07-03,10:19:00,Picked up at Shop,Le Tuan,"T6G, Edmonton, AB, Canada",1,CA$25.52,Credit Card
PN-01615,2026-07-02,11:21:34,2026-07-06,10:26:00,Delivered to Customer,Tran Hanh,"T5C, Edmonton, AB, Canada",1,CA$42.75,Credit Card
PN-01616,2026-07-02,11:44:19,2026-07-02,15:20:31,Delivered to Customer,Emily Evans,"T6E, Edmonton, AB, Canada",1,CA$53.91,Credit Card
PN-01617,2026-07-02,12:51:55,2026-07-09,15:38:17,Picked up at Shop,Michael Johnson,"T5K, Edmonton, AB, Canada",2,CA$109.59,Debit
PN-01618,2026-07-02,13:00:34,2026-07-09,20:15:38,Delivered to Customer,Dang Hoa,"T5K, Edmonton, AB, Canada",1,CA$53.42,E-transfer
PN-01619,2026-07-02,13:30:31,2026-07-02,17:35:21,Delivered to Customer,Avery Carter,"T6E, Edmonton, AB, Canada",1,CA$30.27,Credit Card
PN-01620,2026-07-02,13:55:23,2026-07-08,14:15:05,Picked up at Shop,Nguyen Trung,"T5N, Edmonton, AB, Canada",1,CA$26.72,Credit Card
PN-01621,2026-07-02,14:43:13,2026-07-05,11:18:01,Delivered to Customer,Nathan Turner,"T5C, Edmonton, AB, Canada",1,CA$34.65,Debit
PN-01622,2026-07-02,14:47:08,2026-07-06,16:32:16,Delivered to Customer,Alexander Turner,"T6C, Edmonton, AB, Canada",1,CA$21.35,Cash
PN-01623,2026-07-02,15:13:19,2026-07-02,22:04:50,Delivered to Customer,Amelia Morrison,"T5T, Edmonton, AB, Canada",3,CA$98.85,Cash
PN-01624,2026-07-02,15:32:18,2026-07-02,19:34:52,Delivered to Customer,Le Nga,"T6G, Edmonton, AB, Canada",2,CA$46.31,Credit Card
PN-01625,2026-07-02,16:13:19,2026-07-02,17:46:17,Picked up at Shop,Dang Hoa,"T6S, Edmonton, AB, Canada",2,CA$49.55,Credit Card
PN-01626,2026-07-02,16:31:01,2026-07-05,15:33:19,Picked up at Shop,Matthew Phillips,"T6S, Edmonton, AB, Canada",1,CA$55.88,Debit
PN-01627,2026-07-02,16:48:13,2026-07-05,19:46:14,Delivered to Customer,Noah Campbell,"T5N, Edmonton, AB, Canada",2,CA$64.31,Credit Card
PN-01628,2026-07-02,17:15:10,2026-07-07,15:07:47,Delivered to Customer,Owen Wright,"T6G, Edmonton, AB, Canada",1,CA$58.21,Cash
PN-01629,2026-07-02,17:40:27,2026-07-04,17:17:32,Delivered to Customer,Charlotte Carter,"T6H, Edmonton, AB, Canada",1,CA$25.97,E-transfer
PN-01630,2026-07-02,18:29:23,2026-07-04,17:24:35,Delivered to Customer,Le Van,"T6E, Edmonton, AB, Canada",1,CA$20.59,E-transfer
PN-01631,2026-07-02,19:08:42,2026-07-08,10:28:59,Delivered to Customer,Do Viet,"T5P, Edmonton, AB, Canada",1,CA$23.92,Debit
PN-01632,2026-07-02,19:45:46,2026-07-03,15:08:21,Delivered to Customer,Samuel Walker,"T6S, Edmonton, AB, Canada",1,CA$23.81,Credit Card
PN-01633,2026-07-03,08:05:40,2026-07-10,13:00:06,Picked up at Shop,Abigail Phillips,"T5E, Edmonton, AB, Canada",2,CA$50.30,Credit Card
PN-01634,2026-07-03,08:23:43,2026-07-05,08:06:46,Delivered to Customer,Samuel Harris,"T6J, Edmonton, AB, Canada",1,CA$43.89,Credit Card
PN-01635,2026-07-03,08:31:32,2026-07-05,15:24:03,Delivered to Customer,James Taylor,"T5J, Edmonton, AB, Canada",1,CA$16.42,Debit
PN-01636,2026-07-03,11:59:01,2026-07-06,08:49:47,Picked up at Shop,Isabella Wilson,"T6K, Edmonton, AB, Canada",1,CA$33.34,Credit Card
PN-01637,2026-07-03,13:03:40,2026-07-06,12:33:54,Delivered to Customer,Victoria Taylor,"T5Z, Edmonton, AB, Canada",2,CA$86.25,Debit
PN-01638,2026-07-03,14:00:57,2026-07-09,12:59:13,Delivered to Customer,Vo Thu,"T6G, Edmonton, AB, Canada",1,CA$55.80,Debit
PN-01639,2026-07-03,14:22:27,2026-07-09,14:54:57,Picked up at Shop,Sofia Anderson,"T5N, Edmonton, AB, Canada",1,CA$21.95,Debit
PN-01640,2026-07-03,14:24:21,2026-07-05,16:05:33,Picked up at Shop,Evelyn Thompson,"T5E, Edmonton, AB, Canada",1,CA$35.85,Credit Card
PN-01641,2026-07-03,14:27:43,2026-07-03,17:17:37,Delivered to Customer,Pham Mai,"T5N, Edmonton, AB, Canada",1,CA$27.48,Debit
PN-01642,2026-07-03,14:36:56,2026-07-04,14:26:54,Delivered to Customer,Vu Ngoc,"T5K, Edmonton, AB, Canada",1,CA$19.43,Credit Card
PN-01643,2026-07-03,14:46:53,2026-07-05,16:57:34,Delivered to Customer,Sebastian Stewart,"T6P, Edmonton, AB, Canada",1,CA$41.44,Debit
PN-01644,2026-07-03,16:29:17,2026-07-08,14:54:55,Delivered to Customer,Huynh Kim,"T5Z, Edmonton, AB, Canada",1,CA$31.67,E-transfer
PN-01645,2026-07-03,17:17:28,2026-07-09,15:27:32,Delivered to Customer,James Anderson,"T5T, Edmonton, AB, Canada",4,CA$96.56,Credit Card
PN-01646,2026-07-04,08:54:46,2026-07-04,14:44:49,Delivered to Customer,Matthew Mitchell,"T5V, Edmonton, AB, Canada",1,CA$34.17,Cash
PN-01647,2026-07-04,10:00:02,2026-07-10,08:44:56,Delivered to Customer,Ella Taylor,"T6G, Edmonton, AB, Canada",1,CA$16.91,Debit
PN-01648,2026-07-04,11:25:52,2026-07-08,20:29:10,Delivered to Customer,Ho Huong,"T5W, Edmonton, AB, Canada",1,CA$25.05,Credit Card
PN-01649,2026-07-04,12:26:32,2026-07-04,15:37:55,Picked up at Shop,Ly Phong,"T6A, Edmonton, AB, Canada",2,CA$112.78,Credit Card
PN-01650,2026-07-04,14:01:15,2026-07-09,12:31:54,Delivered to Customer,Ava Harris,"T6E, Edmonton, AB, Canada",1,CA$30.44,Credit Card
PN-01651,2026-07-04,14:19:20,2026-07-07,20:29:00,Delivered to Customer,Benjamin Carter,"T5A, Edmonton, AB, Canada",1,CA$40.62,Credit Card
PN-01652,2026-07-04,14:25:31,2026-07-08,13:46:54,Delivered to Customer,Nguyen Trung,"T5J, Edmonton, AB, Canada",1,CA$26.46,Credit Card
PN-01653,2026-07-04,14:54:08,2026-07-06,12:16:40,Delivered to Customer,Amelia Clark,"T6B, Edmonton, AB, Canada",1,CA$34.30,Debit
PN-01654,2026-07-04,14:55:42,2026-07-05,13:10:40,Delivered to Customer,Emily Baker,"T5H, Edmonton, AB, Canada",1,CA$16.80,Credit Card
PN-01655,2026-07-04,16:01:14,2026-07-11,16:08:34,Delivered to Customer,Ava Collins,"T5S, Edmonton, AB, Canada",1,CA$32.58,E-transfer
PN-01656,2026-07-04,17:40:11,2026-07-10,10:20:04,Delivered to Customer,Abigail Carter,"T5T, Edmonton, AB, Canada",2,CA$39.74,E-transfer
PN-01657,2026-07-04,17:51:39,2026-07-04,22:31:58,Delivered to Customer,Vo Minh,"T6G, Edmonton, AB, Canada",2,CA$46.29,Credit Card
PN-01658,2026-07-04,19:29:59,2026-07-04,21:33:22,Delivered to Customer,Tran Ngoc,"T5Y, Edmonton, AB, Canada",1,CA$21.43,Debit
PN-01659,2026-07-05,08:06:55,2026-07-07,18:12:29,Delivered to Customer,Pham Mai,"T6A, Edmonton, AB, Canada",1,CA$53.18,Debit
PN-01660,2026-07-05,08:32:13,2026-07-11,11:45:25,Delivered to Customer,Jack Evans,"T6H, Edmonton, AB, Canada",1,CA$30.06,Credit Card
PN-01661,2026-07-05,10:32:01,2026-07-05,15:09:43,Delivered to Customer,Ava Johnson,"T5A, Edmonton, AB, Canada",1,CA$24.79,Credit Card
PN-01662,2026-07-05,11:05:14,2026-07-09,13:35:01,Delivered to Customer,Sophia Murphy,"T5B, Edmonton, AB, Canada",1,CA$57.98,Credit Card
PN-01663,2026-07-05,13:12:06,2026-07-05,23:52:33,Delivered to Customer,Do An,"T5T, Edmonton, AB, Canada",1,CA$34.84,Debit
PN-01664,2026-07-05,13:20:11,2026-07-11,20:06:46,Picked up at Shop,Bui Phuong,"T5W, Edmonton, AB, Canada",1,CA$34.18,Credit Card
PN-01665,2026-07-05,13:47:31,2026-07-05,19:41:50,Delivered to Customer,Owen Edwards,"T5P, Edmonton, AB, Canada",1,CA$57.44,E-transfer
PN-01666,2026-07-05,14:06:16,2026-07-09,10:21:47,Picked up at Shop,Do Chi,"T6A, Edmonton, AB, Canada",1,CA$57.66,Cash
PN-01667,2026-07-05,17:49:21,2026-07-10,14:32:43,Delivered to Customer,Duong Trung,"T5L, Edmonton, AB, Canada",1,CA$16.49,Credit Card
PN-01668,2026-07-05,19:28:05,2026-07-05,23:52:48,Delivered to Customer,Do Trung,"T6M, Edmonton, AB, Canada",1,CA$33.56,Credit Card
PN-01669,2026-07-06,08:01:11,2026-07-12,20:53:19,Picked up at Shop,Vu Duy,"T6T, Edmonton, AB, Canada",1,CA$31.77,Debit
PN-01670,2026-07-06,08:08:34,2026-07-08,17:02:20,Picked up at Shop,Sofia Edwards,"T5T, Edmonton, AB, Canada",1,CA$35.12,Credit Card
PN-01671,2026-07-06,08:16:24,2026-07-09,16:51:35,Delivered to Customer,Matthew Stewart,"T5B, Edmonton, AB, Canada",1,CA$41.95,E-transfer
PN-01672,2026-07-06,08:19:28,2026-07-07,08:05:24,Delivered to Customer,Emily Bell,"T5L, Edmonton, AB, Canada",3,CA$56.54,E-transfer
PN-01673,2026-07-06,08:24:49,2026-07-08,17:12:24,Picked up at Shop,Elizabeth Taylor,"T5J, Edmonton, AB, Canada",1,CA$24.60,Cash
PN-01674,2026-07-06,09:31:48,2026-07-08,20:42:32,Picked up at Shop,Samuel King,"T5J, Edmonton, AB, Canada",4,CA$128.34,Credit Card
PN-01675,2026-07-06,10:11:23,2026-07-07,14:36:38,Picked up at Shop,Zoey White,"T5C, Edmonton, AB, Canada",1,CA$57.18,E-transfer
PN-01676,2026-07-06,11:05:31,2026-07-09,08:13:33,Picked up at Shop,Nathan Carter,"T6M, Edmonton, AB, Canada",1,CA$25.86,E-transfer
PN-01677,2026-07-06,12:02:21,2026-07-12,12:49:49,Delivered to Customer,Duong Huong,"T5V, Edmonton, AB, Canada",1,CA$56.41,Debit
PN-01678,2026-07-06,13:38:44,2026-07-13,14:15:31,Delivered to Customer,David Campbell,"T6A, Edmonton, AB, Canada",1,CA$33.86,Credit Card
PN-01679,2026-07-06,14:10:16,2026-07-10,13:02:28,Delivered to Customer,Mia Collins,"T6G, Edmonton, AB, Canada",1,CA$54.71,Credit Card
PN-01680,2026-07-06,14:10:30,2026-07-13,20:53:22,Picked up at Shop,Ho Binh,"T6S, Edmonton, AB, Canada",2,CA$49.48,E-transfer
PN-01681,2026-07-06,14:28:46,2026-07-09,18:40:40,Picked up at Shop,Noah Stewart,"T6C, Edmonton, AB, Canada",2,CA$64.58,Credit Card
PN-01682,2026-07-06,14:29:37,2026-07-11,12:28:32,Picked up at Shop,Ryan Roberts,"T5B, Edmonton, AB, Canada",4,CA$128.27,Debit
PN-01683,2026-07-06,14:55:05,2026-07-09,19:31:53,Picked up at Shop,Duong Khanh,"T6B, Edmonton, AB, Canada",2,CA$64.33,E-transfer
PN-01684,2026-07-06,14:58:03,2026-07-09,14:20:42,Delivered to Customer,Ryan Cook,"T5H, Edmonton, AB, Canada",1,CA$23.14,Debit
PN-01685,2026-07-06,15:22:03,2026-07-11,13:12:26,Delivered to Customer,Isabella Roberts,"T5S, Edmonton, AB, Canada",1,CA$22.52,E-transfer
PN-01686,2026-07-06,16:14:04,2026-07-08,17:59:52,Picked up at Shop,Charlotte Clark,"T5C, Edmonton, AB, Canada",1,CA$31.99,Credit Card
PN-01687,2026-07-06,17:04:45,2026-07-13,17:03:12,Delivered to Customer,Vo Quan,"T5E, Edmonton, AB, Canada",1,CA$41.98,Credit Card
PN-01688,2026-07-06,17:08:46,2026-07-09,18:45:22,Delivered to Customer,Duong Chi,"T6P, Edmonton, AB, Canada",1,CA$16.68,Credit Card
PN-01689,2026-07-06,17:27:56,2026-07-09,11:59:59,Picked up at Shop,Ella Turner,"T6G, Edmonton, AB, Canada",1,CA$31.50,Debit
PN-01690,2026-07-06,18:23:04,2026-07-07,15:40:09,Delivered to Customer,Emma Parker,"T5T, Edmonton, AB, Canada",1,CA$27.44,Credit Card
PN-01691,2026-07-06,18:31:56,2026-07-08,18:15:41,Picked up at Shop,Ho Linh,"T6E, Edmonton, AB, Canada",1,CA$26.03,E-transfer
PN-01692,2026-07-06,20:45:58,2026-07-11,12:23:20,Picked up at Shop,Bui Dung,"T6G, Edmonton, AB, Canada",1,CA$32.57,Credit Card
PN-01693,2026-07-07,09:14:49,2026-07-14,15:43:19,Picked up at Shop,Hoang Son,"T5B, Edmonton, AB, Canada",4,CA$129.60,Credit Card
PN-01694,2026-07-07,09:29:58,2026-07-13,09:02:01,Delivered to Customer,Alexander Turner,"T5L, Edmonton, AB, Canada",2,CA$113.01,E-transfer
PN-01695,2026-07-07,09:41:52,2026-07-13,17:11:43,Delivered to Customer,Duong Duy,"T6T, Edmonton, AB, Canada",1,CA$24.75,Debit
PN-01696,2026-07-07,09:46:27,2026-07-13,11:41:58,Delivered to Customer,Ava Roberts,"T5S, Edmonton, AB, Canada",1,CA$19.50,Credit Card
PN-01697,2026-07-07,10:58:46,2026-07-11,11:38:30,Picked up at Shop,Elizabeth Lewis,"T5X, Edmonton, AB, Canada",1,CA$23.43,Debit
PN-01698,2026-07-07,11:02:02,2026-07-10,12:37:47,Picked up at Shop,Zoey Clark,"T5M, Edmonton, AB, Canada",1,CA$30.88,Credit Card
PN-01699,2026-07-07,12:18:07,2026-07-12,15:10:11,Picked up at Shop,Tran Viet,"T6G, Edmonton, AB, Canada",1,CA$24.78,Cash
PN-01700,2026-07-07,12:24:53,2026-07-09,18:29:49,Delivered to Customer,Bui Son,"T5X, Edmonton, AB, Canada",1,CA$23.00,Debit
PN-01701,2026-07-07,13:28:13,2026-07-09,16:10:44,Picked up at Shop,Liam Wilson,"T6W, Edmonton, AB, Canada",1,CA$56.32,E-transfer
PN-01702,2026-07-07,15:44:35,2026-07-11,15:26:45,Delivered to Customer,Abigail White,"T5Y, Edmonton, AB, Canada",1,CA$27.07,Credit Card
PN-01703,2026-07-07,16:10:28,2026-07-07,22:03:41,Delivered to Customer,Harper Edwards,"T6G, Edmonton, AB, Canada",1,CA$59.00,Credit Card
PN-01704,2026-07-07,16:11:35,2026-07-14,15:44:16,Delivered to Customer,Chloe Scott,"T5J, Edmonton, AB, Canada",1,CA$33.64,Credit Card
PN-01705,2026-07-07,16:18:39,2026-07-14,18:29:29,Picked up at Shop,Ngo Hoa,"T6G, Edmonton, AB, Canada",1,CA$32.72,E-transfer
PN-01706,2026-07-07,16:23:40,2026-07-11,16:50:38,Delivered to Customer,Benjamin Turner,"T5V, Edmonton, AB, Canada",1,CA$32.27,Credit Card
PN-01707,2026-07-07,16:33:23,2026-07-07,16:34:06,Delivered to Customer,Ava Bell,"T6S, Edmonton, AB, Canada",1,CA$26.30,Debit
PN-01708,2026-07-07,18:24:16,2026-07-07,20:14:12,Delivered to Customer,Sebastian Evans,"T5T, Edmonton, AB, Canada",1,CA$45.03,Debit
PN-01709,2026-07-07,22:23:24,2026-07-09,18:29:37,Delivered to Customer,Lucas Scott,"T6G, Edmonton, AB, Canada",2,CA$48.24,Debit
PN-01710,2026-07-08,08:27:43,2026-07-09,17:05:36,Delivered to Customer,Ethan Scott,"T5L, Edmonton, AB, Canada",1,CA$20.21,Credit Card
PN-01711,2026-07-08,09:07:26,2026-07-14,09:31:55,Picked up at Shop,Olivia Morrison,"T5E, Edmonton, AB, Canada",1,CA$55.83,Credit Card
PN-01712,2026-07-08,09:18:12,2026-07-12,15:35:37,Delivered to Customer,Elizabeth Edwards,"T5V, Edmonton, AB, Canada",1,CA$22.50,Credit Card
PN-01713,2026-07-08,09:25:24,2026-07-09,18:05:02,Picked up at Shop,Emma Taylor,"T5S, Edmonton, AB, Canada",1,CA$19.33,Credit Card
PN-01714,2026-07-08,09:28:55,2026-07-10,15:22:42,Delivered to Customer,Amelia Lewis,"T5J, Edmonton, AB, Canada",1,CA$33.72,E-transfer
PN-01715,2026-07-08,11:17:01,2026-07-13,14:57:39,Picked up at Shop,Owen Roberts,"T5P, Edmonton, AB, Canada",2,CA$49.57,Cash
PN-01716,2026-07-08,11:25:12,2026-07-15,14:48:10,Delivered to Customer,David Scott,"T5S, Edmonton, AB, Canada",1,CA$24.43,Credit Card
PN-01717,2026-07-08,12:19:19,2026-07-11,11:28:18,Delivered to Customer,Jackson Wilson,"T6N, Edmonton, AB, Canada",4,CA$99.62,E-transfer
PN-01718,2026-07-08,13:24:57,2026-07-11,18:50:48,Delivered to Customer,Zoey Edwards,"T5A, Edmonton, AB, Canada",1,CA$32.26,E-transfer
PN-01719,2026-07-08,13:34:47,2026-07-13,09:21:31,Picked up at Shop,Owen Campbell,"T5M, Edmonton, AB, Canada",1,CA$23.79,Debit
PN-01720,2026-07-08,14:01:47,2026-07-09,13:02:32,Delivered to Customer,Matthew Cook,"T5A, Edmonton, AB, Canada",1,CA$18.13,Credit Card
PN-01721,2026-07-08,15:51:55,2026-07-13,19:01:36,Delivered to Customer,Henry Lewis,"T6E, Edmonton, AB, Canada",2,CA$51.84,Debit
PN-01722,2026-07-08,16:33:15,2026-07-09,15:44:03,Picked up at Shop,Ava Murray,"T6E, Edmonton, AB, Canada",1,CA$43.66,Debit
PN-01723,2026-07-08,21:30:47,2026-07-13,15:38:14,Picked up at Shop,Do Vy,"T5B, Edmonton, AB, Canada",1,CA$26.91,Credit Card
PN-01724,2026-07-09,08:04:58,2026-07-12,11:54:34,Delivered to Customer,Benjamin Harris,"T5R, Edmonton, AB, Canada",1,CA$25.70,E-transfer
PN-01725,2026-07-09,08:48:09,2026-07-11,10:00:21,Picked up at Shop,Huynh Vy,"T5G, Edmonton, AB, Canada",3,CA$98.75,E-transfer
PN-01726,2026-07-09,09:53:06,2026-07-11,20:51:18,Delivered to Customer,Zoey Murray,"T6E, Edmonton, AB, Canada",1,CA$17.05,Credit Card
PN-01727,2026-07-09,11:05:48,2026-07-16,13:06:30,Picked up at Shop,Ella Lewis,"T5J, Edmonton, AB, Canada",1,CA$32.99,Debit
PN-01728,2026-07-09,11:27:35,2026-07-13,13:53:57,Delivered to Customer,Jack Cook,"T5G, Edmonton, AB, Canada",1,CA$33.25,Credit Card
PN-01729,2026-07-09,12:30:34,2026-07-16,16:21:18,Delivered to Customer,Avery Baker,"T6V, Edmonton, AB, Canada",1,CA$21.51,E-transfer
PN-01730,2026-07-09,13:03:59,2026-07-11,13:44:13,Delivered to Customer,Emma Roberts,"T6V, Edmonton, AB, Canada",1,CA$32.00,E-transfer
PN-01731,2026-07-09,14:31:38,2026-07-12,09:16:24,Picked up at Shop,Liam Thompson,"T6G, Edmonton, AB, Canada",1,CA$54.72,Credit Card
PN-01732,2026-07-09,14:44:08,2026-07-12,09:22:26,Delivered to Customer,Jackson Parker,"T5L, Edmonton, AB, Canada",1,CA$34.21,Credit Card
PN-01733,2026-07-09,14:53:37,2026-07-09,23:21:54,Delivered to Customer,David Scott,"T5G, Edmonton, AB, Canada",2,CA$108.61,Credit Card
PN-01734,2026-07-09,15:03:27,2026-07-11,17:28:40,Picked up at Shop,Tran Trang,"T6H, Edmonton, AB, Canada",3,CA$75.31,Debit
PN-01735,2026-07-09,16:01:24,2026-07-16,17:41:10,Delivered to Customer,Emily Parker,"T5K, Edmonton, AB, Canada",1,CA$40.78,Credit Card
PN-01736,2026-07-09,16:27:40,2026-07-09,20:56:07,Delivered to Customer,Ly Trung,"T5Z, Edmonton, AB, Canada",1,CA$22.47,Debit
PN-01737,2026-07-09,16:40:15,2026-07-13,15:22:39,Picked up at Shop,Ho Hanh,"T5K, Edmonton, AB, Canada",1,CA$31.78,Debit
PN-01738,2026-07-09,16:44:58,2026-07-09,18:15:13,Picked up at Shop,Nathan Lewis,"T6J, Edmonton, AB, Canada",1,CA$25.98,Debit
PN-01739,2026-07-09,17:50:24,2026-07-15,13:59:20,Picked up at Shop,Elizabeth Bell,"T5Z, Edmonton, AB, Canada",1,CA$30.94,Debit
PN-01740,2026-07-09,17:59:53,2026-07-13,14:28:56,Delivered to Customer,Vu Hoa,"T5S, Edmonton, AB, Canada",2,CA$49.70,Debit
PN-01741,2026-07-09,19:12:52,2026-07-16,19:55:10,Delivered to Customer,Nguyen Trang,"T6L, Edmonton, AB, Canada",3,CA$99.88,Credit Card
PN-01742,2026-07-09,19:29:16,2026-07-16,17:59:55,Picked up at Shop,Isabella Collins,"T6S, Edmonton, AB, Canada",2,CA$83.12,Credit Card
PN-01743,2026-07-09,20:30:43,2026-07-16,13:46:15,Delivered to Customer,Ella Edwards,"T5L, Edmonton, AB, Canada",2,CA$46.48,Cash
PN-01744,2026-07-09,21:17:03,2026-07-15,08:11:42,Delivered to Customer,Michael Carter,"T6C, Edmonton, AB, Canada",2,CA$111.82,Credit Card
PN-01745,2026-07-10,08:10:39,2026-07-13,12:12:41,Delivered to Customer,Avery Murphy,"T5P, Edmonton, AB, Canada",2,CA$35.98,Credit Card
PN-01746,2026-07-10,10:05:02,2026-07-15,17:45:37,Delivered to Customer,Hoang Phong,"T5K, Edmonton, AB, Canada",1,CA$41.02,Credit Card
PN-01747,2026-07-10,10:16:44,2026-07-17,15:45:10,Picked up at Shop,Hoang Bao,"T6J, Edmonton, AB, Canada",1,CA$25.62,Cash
PN-01748,2026-07-10,11:29:54,2026-07-13,14:37:50,Delivered to Customer,Owen Brown,"T5T, Edmonton, AB, Canada",1,CA$33.35,E-transfer
PN-01749,2026-07-10,11:32:20,2026-07-11,11:40:50,Picked up at Shop,Owen King,"T5H, Edmonton, AB, Canada",2,CA$110.06,Debit
PN-01750,2026-07-10,12:05:18,2026-07-14,18:17:32,Picked up at Shop,Jack Murphy,"T5Y, Edmonton, AB, Canada",1,CA$33.74,Credit Card
PN-01751,2026-07-10,12:21:51,2026-07-12,13:22:34,Delivered to Customer,Liam Smith,"T5R, Edmonton, AB, Canada",1,CA$26.06,Credit Card
PN-01752,2026-07-10,12:38:16,2026-07-15,19:37:53,Delivered to Customer,Mia Parker,"T6E, Edmonton, AB, Canada",1,CA$19.33,Credit Card
PN-01753,2026-07-10,13:22:41,2026-07-10,14:55:41,Delivered to Customer,Amelia Wright,"T5M, Edmonton, AB, Canada",1,CA$20.33,Credit Card
PN-01754,2026-07-10,13:41:21,2026-07-11,16:34:14,Delivered to Customer,David Taylor,"T5T, Edmonton, AB, Canada",3,CA$124.45,Debit
PN-01755,2026-07-10,14:20:27,2026-07-10,16:28:13,Delivered to Customer,Duong Hai,"T6H, Edmonton, AB, Canada",1,CA$22.13,Debit
PN-01756,2026-07-10,15:30:08,2026-07-17,11:31:10,Delivered to Customer,Abigail Evans,"T6J, Edmonton, AB, Canada",1,CA$32.78,E-transfer
PN-01757,2026-07-10,15:50:49,2026-07-14,12:36:21,Delivered to Customer,Jackson Johnson,"T6M, Edmonton, AB, Canada",1,CA$34.13,Credit Card
PN-01758,2026-07-10,16:20:53,2026-07-11,17:28:07,Delivered to Customer,Evelyn Anderson,"T5L, Edmonton, AB, Canada",1,CA$57.14,Credit Card
PN-01759,2026-07-10,17:10:44,2026-07-15,19:29:57,Picked up at Shop,Grace Clark,"T6A, Edmonton, AB, Canada",1,CA$30.58,Credit Card
PN-01760,2026-07-10,19:52:39,2026-07-12,20:05:19,Picked up at Shop,Evelyn Baker,"T5T, Edmonton, AB, Canada",1,CA$26.74,Debit
PN-01761,2026-07-11,09:18:57,2026-07-18,10:56:16,Delivered to Customer,Hoang Nam,"T6T, Edmonton, AB, Canada",1,CA$34.10,Credit Card
PN-01762,2026-07-11,10:05:07,2026-07-12,10:50:10,Picked up at Shop,Dang An,"T5X, Edmonton, AB, Canada",1,CA$26.64,Credit Card
PN-01763,2026-07-11,12:28:35,2026-07-11,22:57:36,Delivered to Customer,Le Viet,"T6N, Edmonton, AB, Canada",1,CA$40.99,Credit Card
PN-01764,2026-07-11,14:53:37,2026-07-16,13:01:18,Picked up at Shop,Harper Wilson,"T6G, Edmonton, AB, Canada",3,CA$70.92,Credit Card
PN-01765,2026-07-11,16:11:08,2026-07-11,16:58:18,Delivered to Customer,James Young,"T6B, Edmonton, AB, Canada",2,CA$63.40,Cash
PN-01766,2026-07-11,16:44:37,2026-07-16,13:30:04,Delivered to Customer,David Collins,"T5V, Edmonton, AB, Canada",3,CA$72.50,Credit Card
PN-01767,2026-07-11,17:38:08,2026-07-14,14:49:07,Delivered to Customer,David Wilson,"T6M, Edmonton, AB, Canada",2,CA$67.96,Credit Card
PN-01768,2026-07-12,08:40:27,2026-07-16,16:37:54,Delivered to Customer,Tran Viet,"T5H, Edmonton, AB, Canada",1,CA$18.28,Credit Card
PN-01769,2026-07-12,10:00:18,2026-07-17,15:36:06,Picked up at Shop,Olivia Cook,"T6G, Edmonton, AB, Canada",1,CA$24.36,Debit
PN-01770,2026-07-12,10:34:13,2026-07-15,15:06:28,Picked up at Shop,Ngo Huong,"T5E, Edmonton, AB, Canada",4,CA$222.27,Debit
PN-01771,2026-07-12,13:26:59,2026-07-13,15:54:41,Delivered to Customer,Victoria Wilson,"T5N, Edmonton, AB, Canada",3,CA$126.87,Credit Card
PN-01772,2026-07-12,13:41:52,2026-07-12,15:44:13,Delivered to Customer,Huynh Binh,"T5Z, Edmonton, AB, Canada",4,CA$98.79,Debit
PN-01773,2026-07-12,13:49:44,2026-07-18,13:01:31,Delivered to Customer,Ella Turner,"T6J, Edmonton, AB, Canada",2,CA$64.08,Debit
PN-01774,2026-07-12,14:41:50,2026-07-17,13:09:14,Delivered to Customer,Henry Thompson,"T5A, Edmonton, AB, Canada",2,CA$67.76,Credit Card
PN-01775,2026-07-12,14:50:04,2026-07-13,09:05:41,Picked up at Shop,Noah Mitchell,"T6A, Edmonton, AB, Canada",2,CA$51.08,Credit Card
PN-01776,2026-07-12,15:52:43,2026-07-15,14:24:55,Picked up at Shop,Ho Phong,"T5J, Edmonton, AB, Canada",1,CA$32.42,Debit
PN-01777,2026-07-12,16:41:17,2026-07-18,09:25:43,Delivered to Customer,Isabella Wright,"T5K, Edmonton, AB, Canada",1,CA$16.65,Debit
PN-01778,2026-07-12,19:59:36,2026-07-12,23:32:58,Delivered to Customer,Ava Green,"T5R, Edmonton, AB, Canada",1,CA$23.10,Credit Card
PN-01779,2026-07-12,20:45:58,2026-07-12,22:36:54,Delivered to Customer,Ryan Baker,"T6E, Edmonton, AB, Canada",2,CA$65.31,Debit
PN-01780,2026-07-13,08:02:26,2026-07-15,14:46:00,Picked up at Shop,Benjamin Bell,"T6K, Edmonton, AB, Canada",1,CA$34.15,Debit
PN-01781,2026-07-13,08:25:56,2026-07-18,17:47:17,Delivered to Customer,James Young,"T5N, Edmonton, AB, Canada",1,CA$32.52,Credit Card
PN-01782,2026-07-13,10:07:29,2026-07-16,18:10:49,Picked up at Shop,Chloe Young,"T5L, Edmonton, AB, Canada",1,CA$25.38,Debit
PN-01783,2026-07-13,10:31:12,2026-07-15,12:15:34,Delivered to Customer,Vu Kim,"T6E, Edmonton, AB, Canada",1,CA$24.53,Cash
PN-01784,2026-07-13,11:44:59,2026-07-19,13:17:06,Delivered to Customer,William White,"T5J, Edmonton, AB, Canada",1,CA$32.07,Credit Card
PN-01785,2026-07-13,12:39:17,2026-07-20,08:30:25,Delivered to Customer,Dang An,"T5G, Edmonton, AB, Canada",1,CA$41.52,Credit Card
PN-01786,2026-07-13,13:33:33,2026-07-20,15:19:45,Delivered to Customer,Ava Anderson,"T5B, Edmonton, AB, Canada",1,CA$18.32,Credit Card
PN-01787,2026-07-13,13:46:12,2026-07-16,16:56:24,Delivered to Customer,Mia Turner,"T5Y, Edmonton, AB, Canada",1,CA$24.04,Debit
PN-01788,2026-07-13,14:33:42,2026-07-19,20:11:47,Delivered to Customer,Elizabeth Cook,"T5Y, Edmonton, AB, Canada",3,CA$168.83,E-transfer
PN-01789,2026-07-13,15:24:25,2026-07-20,13:28:05,Picked up at Shop,Charlotte Baker,"T6L, Edmonton, AB, Canada",1,CA$31.89,E-transfer
PN-01790,2026-07-13,15:51:18,2026-07-18,11:01:00,Delivered to Customer,Le Hoa,"T5N, Edmonton, AB, Canada",1,CA$53.91,Cash
PN-01791,2026-07-13,17:12:40,2026-07-16,09:33:24,Picked up at Shop,Michael White,"T5V, Edmonton, AB, Canada",1,CA$34.60,Cash
PN-01792,2026-07-13,17:39:51,2026-07-16,11:34:23,Picked up at Shop,Samuel Mitchell,"T6H, Edmonton, AB, Canada",1,CA$20.74,Credit Card
PN-01793,2026-07-13,18:28:54,2026-07-13,23:59:05,Delivered to Customer,Jackson Brown,"T5H, Edmonton, AB, Canada",1,CA$26.16,Credit Card
PN-01794,2026-07-13,20:00:15,2026-07-13,21:05:57,Delivered to Customer,Harper Green,"T5K, Edmonton, AB, Canada",2,CA$64.78,Credit Card
PN-01795,2026-07-13,21:40:20,2026-07-19,17:11:51,Delivered to Customer,Victoria Roberts,"T6L, Edmonton, AB, Canada",1,CA$43.56,Credit Card
PN-01796,2026-07-13,21:59:51,2026-07-17,11:36:21,Delivered to Customer,Ella Carter,"T6H, Edmonton, AB, Canada",1,CA$25.00,E-transfer
PN-01797,2026-07-13,22:04:30,2026-07-14,12:26:59,Picked up at Shop,Ava Edwards,"T5K, Edmonton, AB, Canada",1,CA$34.70,Debit
PN-01798,2026-07-14,09:21:44,2026-07-19,12:43:07,Picked up at Shop,Ethan King,"T6C, Edmonton, AB, Canada",1,CA$56.09,Credit Card
PN-01799,2026-07-14,10:32:27,2026-07-15,13:43:43,Picked up at Shop,Duong An,"T5C, Edmonton, AB, Canada",3,CA$56.10,Debit
PN-01800,2026-07-14,10:37:03,2026-07-19,08:47:47,Delivered to Customer,Victoria Campbell,"T5L, Edmonton, AB, Canada",1,CA$54.73,Debit
PN-01801,2026-07-14,10:57:50,2026-07-17,17:20:45,Delivered to Customer,Phan Trang,"T5E, Edmonton, AB, Canada",1,CA$44.28,E-transfer
PN-01802,2026-07-14,11:22:37,2026-07-21,10:42:13,Delivered to Customer,Bui Hanh,"T6E, Edmonton, AB, Canada",1,CA$30.58,Credit Card
PN-01803,2026-07-14,12:32:07,2026-07-16,12:56:46,Picked up at Shop,Duong Chi,"T5S, Edmonton, AB, Canada",1,CA$30.44,Debit
PN-01804,2026-07-14,12:40:00,2026-07-14,21:32:39,Picked up at Shop,Ngo Lan,"T5J, Edmonton, AB, Canada",3,CA$72.29,Debit
PN-01805,2026-07-14,13:27:19,2026-07-15,20:15:03,Picked up at Shop,Daniel Lewis,"T5X, Edmonton, AB, Canada",1,CA$54.28,Debit
PN-01806,2026-07-14,13:55:58,2026-07-19,14:45:11,Delivered to Customer,Ella Baker,"T5L, Edmonton, AB, Canada",2,CA$64.75,Credit Card
PN-01807,2026-07-14,14:28:18,2026-07-15,12:11:21,Picked up at Shop,Nguyen Viet,"T6V, Edmonton, AB, Canada",2,CA$49.43,Debit
PN-01808,2026-07-14,14:31:10,2026-07-20,12:42:25,Delivered to Customer,Ngo Duy,"T6P, Edmonton, AB, Canada",2,CA$63.29,Debit
PN-01809,2026-07-14,14:33:23,2026-07-19,11:25:48,Picked up at Shop,Sophia Smith,"T6H, Edmonton, AB, Canada",1,CA$55.83,E-transfer
PN-01810,2026-07-14,14:53:14,2026-07-14,23:01:30,Delivered to Customer,Tran Thu,"T5P, Edmonton, AB, Canada",2,CA$50.28,Cash
PN-01811,2026-07-14,15:03:19,2026-07-17,15:10:02,Delivered to Customer,Olivia Cook,"T6E, Edmonton, AB, Canada",1,CA$34.03,Debit
PN-01812,2026-07-14,16:03:08,2026-07-21,13:55:26,Picked up at Shop,Ngo Cuong,"T5J, Edmonton, AB, Canada",1,CA$27.18,Cash
PN-01813,2026-07-14,18:15:47,2026-07-20,10:20:28,Delivered to Customer,Jackson Green,"T5J, Edmonton, AB, Canada",1,CA$22.62,E-transfer
PN-01814,2026-07-14,19:44:30,2026-07-18,09:00:54,Picked up at Shop,Dang Bao,"T5Z, Edmonton, AB, Canada",2,CA$36.62,Credit Card
PN-01815,2026-07-14,21:06:43,2026-07-17,14:03:13,Delivered to Customer,Harper Carter,"T6G, Edmonton, AB, Canada",3,CA$164.34,Credit Card
PN-01816,2026-07-15,11:41:12,2026-07-15,20:05:14,Picked up at Shop,Olivia Evans,"T5K, Edmonton, AB, Canada",1,CA$30.88,Credit Card
PN-01817,2026-07-15,12:11:55,2026-07-22,11:07:08,Delivered to Customer,Ella Johnson,"T5J, Edmonton, AB, Canada",2,CA$87.28,Credit Card
PN-01818,2026-07-15,12:33:43,2026-07-21,16:38:59,Delivered to Customer,Ngo Tuan,"T5K, Edmonton, AB, Canada",1,CA$21.66,Debit
PN-01819,2026-07-15,13:57:08,2026-07-17,15:14:29,Delivered to Customer,Amelia Murphy,"T5S, Edmonton, AB, Canada",1,CA$41.25,Credit Card
PN-01820,2026-07-15,14:22:14,2026-07-18,08:45:30,Picked up at Shop,Noah Smith,"T5H, Edmonton, AB, Canada",1,CA$17.25,E-transfer
PN-01821,2026-07-15,14:51:50,2026-07-15,18:35:07,Picked up at Shop,Phan Thao,"T5K, Edmonton, AB, Canada",2,CA$65.79,Debit
PN-01822,2026-07-15,15:39:39,2026-07-18,11:40:49,Picked up at Shop,Ly Viet,"T5N, Edmonton, AB, Canada",1,CA$32.64,Debit
PN-01823,2026-07-15,17:36:38,2026-07-20,13:48:59,Picked up at Shop,Ngo Vy,"T5R, Edmonton, AB, Canada",1,CA$43.92,Credit Card
PN-01824,2026-07-15,18:34:15,2026-07-20,16:19:46,Picked up at Shop,Do Son,"T5R, Edmonton, AB, Canada",1,CA$25.72,Credit Card
PN-01825,2026-07-15,19:13:51,2026-07-19,11:01:20,Delivered to Customer,Duong Thao,"T5R, Edmonton, AB, Canada",4,CA$129.13,Credit Card
PN-01826,2026-07-15,19:25:37,2026-07-18,13:33:35,Delivered to Customer,Olivia King,"T5N, Edmonton, AB, Canada",1,CA$35.48,Debit
PN-01827,2026-07-16,10:29:52,2026-07-19,20:43:13,Delivered to Customer,Alexander Clark,"T6G, Edmonton, AB, Canada",1,CA$44.95,Credit Card
PN-01828,2026-07-16,11:24:22,2026-07-21,16:43:43,Picked up at Shop,Nguyen Huong,"T5B, Edmonton, AB, Canada",2,CA$85.14,Debit
PN-01829,2026-07-16,11:36:28,2026-07-16,18:56:57,Picked up at Shop,Dang Son,"T5B, Edmonton, AB, Canada",1,CA$25.41,Debit
PN-01830,2026-07-16,11:45:13,2026-07-22,08:15:09,Delivered to Customer,David Wilson,"T6M, Edmonton, AB, Canada",1,CA$31.11,Credit Card
PN-01831,2026-07-16,13:02:14,2026-07-23,13:20:22,Delivered to Customer,Avery Baker,"T5K, Edmonton, AB, Canada",1,CA$25.58,Credit Card
PN-01832,2026-07-16,14:20:54,2026-07-21,15:58:38,Delivered to Customer,Do Anh,"T6B, Edmonton, AB, Canada",1,CA$26.67,Debit
PN-01833,2026-07-16,14:23:23,2026-07-19,15:31:13,Delivered to Customer,Le Binh,"T5R, Edmonton, AB, Canada",2,CA$113.64,Credit Card
PN-01834,2026-07-16,14:30:01,2026-07-22,15:14:43,Picked up at Shop,Ho Phong,"T5K, Edmonton, AB, Canada",2,CA$51.68,Credit Card
PN-01835,2026-07-16,15:21:03,2026-07-23,14:04:27,Picked up at Shop,Pham Xuan,"T6G, Edmonton, AB, Canada",1,CA$25.12,Credit Card
PN-01836,2026-07-16,15:32:14,2026-07-16,22:20:38,Delivered to Customer,Benjamin Parker,"T5T, Edmonton, AB, Canada",3,CA$74.61,E-transfer
PN-01837,2026-07-16,17:39:03,2026-07-19,16:42:30,Delivered to Customer,Michael Wilson,"T5E, Edmonton, AB, Canada",1,CA$20.90,Debit
PN-01838,2026-07-16,17:54:23,2026-07-19,08:18:58,Picked up at Shop,Jackson Martin,"T5J, Edmonton, AB, Canada",1,CA$31.48,Credit Card
PN-01839,2026-07-16,17:56:22,2026-07-22,14:36:53,Delivered to Customer,Henry King,"T5H, Edmonton, AB, Canada",2,CA$86.47,Cash
PN-01840,2026-07-16,18:14:00,2026-07-21,20:01:42,Delivered to Customer,William Walker,"T5C, Edmonton, AB, Canada",2,CA$48.70,Credit Card
PN-01841,2026-07-16,20:47:35,2026-07-19,20:28:17,Delivered to Customer,Tran Huong,"T5G, Edmonton, AB, Canada",1,CA$32.37,Cash
PN-01842,2026-07-16,22:35:47,2026-07-16,22:56:15,Delivered to Customer,Victoria Evans,"T6E, Edmonton, AB, Canada",2,CA$108.99,E-transfer
PN-01843,2026-07-17,09:43:09,2026-07-21,14:16:33,Delivered to Customer,Pham Quynh,"T6C, Edmonton, AB, Canada",2,CA$50.94,Credit Card
PN-01844,2026-07-17,11:00:23,2026-07-18,11:00:33,Delivered to Customer,Dang Kim,"T5N, Edmonton, AB, Canada",1,CA$17.80,Cash
PN-01845,2026-07-17,11:00:46,2026-07-20,11:17:29,Delivered to Customer,James Wilson,"T5B, Edmonton, AB, Canada",1,CA$18.03,E-transfer
PN-01846,2026-07-17,11:36:27,2026-07-20,14:46:36,Picked up at Shop,Abigail Carter,"T5L, Edmonton, AB, Canada",1,CA$35.56,Credit Card
PN-01847,2026-07-17,11:38:30,2026-07-17,12:24:50,Picked up at Shop,Bui Thu,"T5N, Edmonton, AB, Canada",1,CA$27.07,Credit Card
PN-01848,2026-07-17,12:23:22,2026-07-23,20:32:20,Delivered to Customer,Nguyen Phuong,"T5M, Edmonton, AB, Canada",2,CA$66.74,Credit Card
PN-01849,2026-07-17,12:41:41,2026-07-17,13:56:36,Delivered to Customer,Do Phong,"T6G, Edmonton, AB, Canada",1,CA$56.35,Credit Card
PN-01850,2026-07-17,13:11:24,2026-07-18,14:38:18,Delivered to Customer,James Walker,"T6P, Edmonton, AB, Canada",1,CA$30.22,Credit Card
PN-01851,2026-07-17,13:21:27,2026-07-18,09:47:51,Delivered to Customer,Victoria Parker,"T5H, Edmonton, AB, Canada",1,CA$25.96,Credit Card
PN-01852,2026-07-17,13:24:24,2026-07-17,23:10:09,Delivered to Customer,Hoang Trang,"T5W, Edmonton, AB, Canada",2,CA$113.10,E-transfer
PN-01853,2026-07-17,13:56:02,2026-07-22,12:01:31,Picked up at Shop,Zoey Collins,"T5J, Edmonton, AB, Canada",3,CA$74.88,Credit Card
PN-01854,2026-07-17,14:22:44,2026-07-20,13:08:02,Delivered to Customer,Harper Brown,"T5R, Edmonton, AB, Canada",3,CA$126.87,Debit
PN-01855,2026-07-17,15:28:26,2026-07-24,17:31:23,Delivered to Customer,Hoang Nga,"T6E, Edmonton, AB, Canada",1,CA$22.41,E-transfer
PN-01856,2026-07-17,16:47:42,2026-07-19,19:47:08,Picked up at Shop,Noah Evans,"T5M, Edmonton, AB, Canada",2,CA$110.58,Credit Card
PN-01857,2026-07-17,17:02:06,2026-07-18,11:10:07,Delivered to Customer,Ava Murray,"T5J, Edmonton, AB, Canada",1,CA$35.18,Debit
PN-01858,2026-07-17,17:05:42,2026-07-20,17:38:59,Delivered to Customer,Bui Cuong,"T5M, Edmonton, AB, Canada",2,CA$85.48,E-transfer
PN-01859,2026-07-17,17:25:26,2026-07-17,21:19:50,Picked up at Shop,Dang Bao,"T5N, Edmonton, AB, Canada",1,CA$34.21,E-transfer
PN-01860,2026-07-17,17:41:58,2026-07-18,11:54:01,Picked up at Shop,Sophia Turner,"T6K, Edmonton, AB, Canada",1,CA$22.19,Credit Card
PN-01861,2026-07-17,19:24:46,2026-07-18,15:13:50,Delivered to Customer,Sebastian Green,"T6A, Edmonton, AB, Canada",3,CA$128.61,Credit Card
PN-01862,2026-07-18,08:53:48,2026-07-24,15:53:02,Picked up at Shop,David Murphy,"T6P, Edmonton, AB, Canada",1,CA$43.31,Credit Card
PN-01863,2026-07-18,09:02:18,2026-07-24,11:36:56,Delivered to Customer,Emma Roberts,"T6H, Edmonton, AB, Canada",3,CA$56.97,Debit
PN-01864,2026-07-18,09:14:56,2026-07-25,13:16:21,Delivered to Customer,Amelia Murray,"T6P, Edmonton, AB, Canada",1,CA$32.92,Credit Card
PN-01865,2026-07-18,09:45:51,2026-07-22,16:39:42,Delivered to Customer,Owen Edwards,"T6P, Edmonton, AB, Canada",1,CA$44.05,Debit
PN-01866,2026-07-18,10:55:14,2026-07-22,15:29:25,Picked up at Shop,Zoey Carter,"T5K, Edmonton, AB, Canada",1,CA$58.80,Credit Card
PN-01867,2026-07-18,11:18:53,2026-07-24,20:43:45,Delivered to Customer,Samuel Smith,"T6G, Edmonton, AB, Canada",2,CA$62.78,Cash
PN-01868,2026-07-18,11:28:51,2026-07-24,20:05:07,Picked up at Shop,Chloe Turner,"T5B, Edmonton, AB, Canada",2,CA$49.13,Credit Card
PN-01869,2026-07-18,12:32:57,2026-07-24,17:40:50,Picked up at Shop,Olivia Thompson,"T5A, Edmonton, AB, Canada",1,CA$44.48,E-transfer
PN-01870,2026-07-18,14:09:55,2026-07-22,11:02:10,Delivered to Customer,Ryan White,"T5K, Edmonton, AB, Canada",2,CA$34.89,Credit Card
PN-01871,2026-07-18,14:53:44,2026-07-21,12:47:24,Picked up at Shop,Bui Thu,"T6H, Edmonton, AB, Canada",1,CA$22.38,Credit Card
PN-01872,2026-07-18,15:54:36,2026-07-23,17:54:03,Delivered to Customer,Do Tuan,"T5T, Edmonton, AB, Canada",2,CA$46.71,Credit Card
PN-01873,2026-07-18,16:48:49,2026-07-24,19:53:39,Delivered to Customer,Alexander Harris,"T6G, Edmonton, AB, Canada",2,CA$37.63,E-transfer
PN-01874,2026-07-18,16:58:55,2026-07-22,15:58:16,Picked up at Shop,Pham Hai,"T6P, Edmonton, AB, Canada",1,CA$21.17,Cash
PN-01875,2026-07-18,17:11:18,2026-07-25,11:58:51,Picked up at Shop,Owen Morrison,"T5M, Edmonton, AB, Canada",1,CA$31.82,Cash
PN-01876,2026-07-18,17:58:04,2026-07-19,14:59:07,Delivered to Customer,Amelia Wilson,"T5K, Edmonton, AB, Canada",1,CA$34.09,Cash
PN-01877,2026-07-18,19:45:09,2026-07-19,09:02:51,Picked up at Shop,Daniel Clark,"T6W, Edmonton, AB, Canada",1,CA$34.63,Cash
PN-01878,2026-07-18,20:41:16,2026-07-24,14:51:13,Picked up at Shop,Ella Edwards,"T6V, Edmonton, AB, Canada",2,CA$87.20,Credit Card
PN-01879,2026-07-19,08:31:35,2026-07-23,08:09:12,Picked up at Shop,Benjamin Mitchell,"T5T, Edmonton, AB, Canada",2,CA$35.93,Credit Card
PN-01880,2026-07-19,12:47:48,2026-07-20,14:57:29,Picked up at Shop,Lucas Johnson,"T5T, Edmonton, AB, Canada",4,CA$96.19,Debit
PN-01881,2026-07-19,13:08:12,2026-07-21,10:00:16,Delivered to Customer,Elizabeth Evans,"T5W, Edmonton, AB, Canada",1,CA$35.82,Credit Card
PN-01882,2026-07-19,13:35:42,2026-07-26,14:05:46,Picked up at Shop,Ly Anh,"T5K, Edmonton, AB, Canada",2,CA$86.30,Credit Card
PN-01883,2026-07-19,14:15:55,2026-07-24,13:49:48,Picked up at Shop,Sophia Brown,"T5E, Edmonton, AB, Canada",1,CA$40.49,Cash
PN-01884,2026-07-19,14:25:37,2026-07-23,13:14:00,Picked up at Shop,Ho Hoa,"T6E, Edmonton, AB, Canada",1,CA$20.73,Debit
PN-01885,2026-07-19,15:17:00,2026-07-23,12:17:59,Delivered to Customer,Ly Khanh,"T6C, Edmonton, AB, Canada",2,CA$47.36,Credit Card
PN-01886,2026-07-19,15:25:02,2026-07-23,17:50:37,Picked up at Shop,Ngo Phong,"T5J, Edmonton, AB, Canada",1,CA$17.24,Debit
PN-01887,2026-07-19,15:35:26,2026-07-22,13:31:23,Picked up at Shop,Emily Parker,"T5P, Edmonton, AB, Canada",2,CA$62.55,E-transfer
PN-01888,2026-07-19,15:47:03,2026-07-25,19:03:45,Picked up at Shop,Isabella Thompson,"T6J, Edmonton, AB, Canada",1,CA$31.53,Credit Card
PN-01889,2026-07-19,17:17:40,2026-07-22,10:18:37,Picked up at Shop,Henry Young,"T6G, Edmonton, AB, Canada",1,CA$25.61,Credit Card
PN-01890,2026-07-19,18:26:35,2026-07-19,22:26:20,Delivered to Customer,James Campbell,"T5X, Edmonton, AB, Canada",2,CA$85.15,Cash
PN-01891,2026-07-19,22:27:52,2026-07-26,14:19:29,Delivered to Customer,Harper Smith,"T5C, Edmonton, AB, Canada",1,CA$27.16,E-transfer
PN-01892,2026-07-20,08:51:40,2026-07-25,14:28:24,Picked up at Shop,Hoang Lan,"T6K, Edmonton, AB, Canada",1,CA$33.23,Credit Card
PN-01893,2026-07-20,12:10:38,2026-07-23,14:54:54,Delivered to Customer,Chloe Clark,"T5E, Edmonton, AB, Canada",2,CA$82.80,Credit Card
PN-01894,2026-07-20,13:21:10,2026-07-23,12:00:58,Delivered to Customer,Samuel Collins,"T5L, Edmonton, AB, Canada",1,CA$18.41,Debit
PN-01895,2026-07-20,13:27:05,2026-07-26,13:02:56,Delivered to Customer,Amelia Martin,"T5K, Edmonton, AB, Canada",1,CA$54.23,Credit Card
PN-01896,2026-07-20,13:32:59,2026-07-24,08:05:07,Picked up at Shop,Jack Carter,"T6G, Edmonton, AB, Canada",3,CA$70.17,Credit Card
PN-01897,2026-07-20,13:33:05,2026-07-23,08:29:35,Picked up at Shop,Liam Campbell,"T5L, Edmonton, AB, Canada",2,CA$48.26,Debit
PN-01898,2026-07-20,13:51:39,2026-07-21,17:21:37,Delivered to Customer,Ethan Phillips,"T5L, Edmonton, AB, Canada",1,CA$17.48,Debit
PN-01899,2026-07-20,15:27:26,2026-07-23,16:58:06,Delivered to Customer,Charlotte Turner,"T6J, Edmonton, AB, Canada",1,CA$32.77,Credit Card
PN-01900,2026-07-20,18:08:05,2026-07-27,09:23:50,Delivered to Customer,Dang Hoa,"T5E, Edmonton, AB, Canada",4,CA$72.08,Cash
PN-01901,2026-07-20,18:10:04,2026-07-20,23:09:12,Picked up at Shop,Lucas Collins,"T6A, Edmonton, AB, Canada",2,CA$49.65,Credit Card
PN-01902,2026-07-20,18:38:44,2026-07-27,14:54:25,Delivered to Customer,Olivia Martin,"T5J, Edmonton, AB, Canada",1,CA$17.85,E-transfer
PN-01903,2026-07-20,19:10:57,2026-07-24,13:26:16,Delivered to Customer,Le Yen,"T6X, Edmonton, AB, Canada",1,CA$21.18,Debit
PN-01904,2026-07-20,20:55:34,2026-07-26,20:06:51,Picked up at Shop,Harper Stewart,"T5V, Edmonton, AB, Canada",1,CA$45.88,Debit
PN-01905,2026-07-21,09:11:59,2026-07-22,10:14:33,Picked up at Shop,Duong Vy,"T5A, Edmonton, AB, Canada",1,CA$23.09,Credit Card
PN-01906,2026-07-21,10:02:40,2026-07-27,20:07:02,Picked up at Shop,Owen Lewis,"T5B, Edmonton, AB, Canada",1,CA$24.18,Cash
PN-01907,2026-07-21,10:36:46,2026-07-28,20:58:23,Picked up at Shop,Jackson Phillips,"T6P, Edmonton, AB, Canada",1,CA$26.61,Credit Card
PN-01908,2026-07-21,12:12:09,2026-07-21,14:21:38,Delivered to Customer,Pham Phong,"T5S, Edmonton, AB, Canada",1,CA$44.38,E-transfer
PN-01909,2026-07-21,12:37:31,2026-07-21,23:17:51,Delivered to Customer,Ngo Giang,"T5J, Edmonton, AB, Canada",2,CA$49.63,Credit Card
PN-01910,2026-07-21,14:15:29,2026-07-26,13:32:24,Picked up at Shop,Samuel Baker,"T6H, Edmonton, AB, Canada",3,CA$168.96,Credit Card
PN-01911,2026-07-21,14:18:34,2026-07-25,15:24:12,Delivered to Customer,Ryan Collins,"T6M, Edmonton, AB, Canada",2,CA$48.36,E-transfer
PN-01912,2026-07-21,14:27:33,2026-07-25,13:47:21,Delivered to Customer,Elizabeth Evans,"T5N, Edmonton, AB, Canada",2,CA$67.83,Cash
PN-01913,2026-07-21,14:52:13,2026-07-26,11:47:15,Delivered to Customer,Harper Mitchell,"T5R, Edmonton, AB, Canada",2,CA$34.14,Credit Card
PN-01914,2026-07-21,14:55:57,2026-07-28,18:31:10,Delivered to Customer,Vo Thu,"T5N, Edmonton, AB, Canada",1,CA$25.74,Credit Card
PN-01915,2026-07-21,15:22:28,2026-07-21,17:31:55,Delivered to Customer,Michael Brown,"T6A, Edmonton, AB, Canada",1,CA$17.38,Credit Card
PN-01916,2026-07-21,16:51:35,2026-07-26,18:11:46,Delivered to Customer,Ho Nam,"T6W, Edmonton, AB, Canada",1,CA$31.66,Cash
PN-01917,2026-07-21,17:04:16,2026-07-28,12:14:29,Delivered to Customer,Michael Wilson,"T6J, Edmonton, AB, Canada",2,CA$47.06,E-transfer
PN-01918,2026-07-21,17:50:16,2026-07-25,16:02:51,Picked up at Shop,Do Thu,"T5K, Edmonton, AB, Canada",1,CA$32.59,Credit Card
PN-01919,2026-07-21,17:57:53,2026-07-25,11:59:25,Delivered to Customer,Michael Turner,"T6K, Edmonton, AB, Canada",2,CA$51.10,E-transfer
PN-01920,2026-07-22,08:11:03,2026-07-29,16:39:30,Delivered to Customer,Hoang Dung,"T5W, Edmonton, AB, Canada",2,CA$50.89,Credit Card
PN-01921,2026-07-22,08:42:54,2026-07-23,20:01:11,Picked up at Shop,Ella Murray,"T6G, Edmonton, AB, Canada",2,CA$48.35,E-transfer
PN-01922,2026-07-22,10:23:44,2026-07-26,11:36:40,Delivered to Customer,Alexander Johnson,"T5B, Edmonton, AB, Canada",1,CA$23.93,E-transfer
PN-01923,2026-07-22,11:10:53,2026-07-27,12:17:45,Picked up at Shop,Henry Roberts,"T5J, Edmonton, AB, Canada",2,CA$50.54,Debit
PN-01924,2026-07-22,11:36:56,2026-07-24,12:29:01,Picked up at Shop,Ella Roberts,"T5B, Edmonton, AB, Canada",1,CA$33.82,E-transfer
PN-01925,2026-07-22,11:37:06,2026-07-23,15:10:38,Delivered to Customer,Sebastian Martin,"T6K, Edmonton, AB, Canada",1,CA$18.95,Credit Card
PN-01926,2026-07-22,12:36:47,2026-07-26,16:47:13,Picked up at Shop,Ngo Thanh,"T5C, Edmonton, AB, Canada",1,CA$34.67,Credit Card
PN-01927,2026-07-22,12:39:54,2026-07-23,14:48:02,Picked up at Shop,Jackson Thompson,"T6M, Edmonton, AB, Canada",2,CA$48.98,E-transfer
PN-01928,2026-07-22,12:44:08,2026-07-25,14:19:28,Delivered to Customer,Phan An,"T5K, Edmonton, AB, Canada",1,CA$42.77,Credit Card
PN-01929,2026-07-22,12:59:02,2026-07-27,09:42:18,Picked up at Shop,Dang Yen,"T5N, Edmonton, AB, Canada",1,CA$33.69,Credit Card
PN-01930,2026-07-22,13:21:18,2026-07-29,08:15:50,Picked up at Shop,Harper Wright,"T5X, Edmonton, AB, Canada",1,CA$33.12,Cash
PN-01931,2026-07-22,13:25:33,2026-07-26,12:16:17,Picked up at Shop,Victoria Mitchell,"T6X, Edmonton, AB, Canada",1,CA$21.98,E-transfer
PN-01932,2026-07-22,13:43:40,2026-07-22,22:07:24,Picked up at Shop,Emma Roberts,"T6G, Edmonton, AB, Canada",1,CA$40.75,Credit Card
PN-01933,2026-07-22,13:53:40,2026-07-25,17:57:08,Delivered to Customer,David Turner,"T5A, Edmonton, AB, Canada",1,CA$57.94,Credit Card
PN-01934,2026-07-22,14:57:18,2026-07-25,10:22:54,Picked up at Shop,Emma Wright,"T5J, Edmonton, AB, Canada",1,CA$34.82,Credit Card
PN-01935,2026-07-22,16:47:10,2026-07-22,18:25:29,Picked up at Shop,Huynh Binh,"T6G, Edmonton, AB, Canada",2,CA$64.14,Credit Card
PN-01936,2026-07-22,17:08:48,2026-07-27,17:12:05,Picked up at Shop,Olivia Evans,"T6R, Edmonton, AB, Canada",1,CA$54.81,E-transfer
PN-01937,2026-07-22,18:32:26,2026-07-22,23:41:53,Delivered to Customer,Emily Campbell,"T5H, Edmonton, AB, Canada",2,CA$49.10,Credit Card
PN-01938,2026-07-22,20:05:27,2026-07-29,14:38:28,Picked up at Shop,Nathan Harris,"T6E, Edmonton, AB, Canada",2,CA$63.96,Debit
PN-01939,2026-07-22,20:23:32,2026-07-23,13:10:31,Delivered to Customer,Grace White,"T5B, Edmonton, AB, Canada",1,CA$18.13,E-transfer
PN-01940,2026-07-22,21:17:02,2026-07-27,15:11:55,Delivered to Customer,Sofia Bell,"T6A, Edmonton, AB, Canada",1,CA$21.43,Debit
PN-01941,2026-07-23,08:00:03,2026-07-26,18:36:27,Picked up at Shop,David Roberts,"T6H, Edmonton, AB, Canada",1,CA$32.33,Debit
PN-01942,2026-07-23,08:52:36,2026-07-28,15:00:52,Picked up at Shop,Dang Xuan,"T5X, Edmonton, AB, Canada",3,CA$128.42,Credit Card
PN-01943,2026-07-23,08:55:47,2026-07-25,12:45:18,Delivered to Customer,Liam Edwards,"T6R, Edmonton, AB, Canada",1,CA$55.08,Credit Card
PN-01944,2026-07-23,10:04:45,2026-07-26,12:23:55,Delivered to Customer,Noah Cook,"T5Z, Edmonton, AB, Canada",1,CA$24.63,Credit Card
PN-01945,2026-07-23,11:43:57,2026-07-30,14:31:59,Delivered to Customer,Lucas Phillips,"T6E, Edmonton, AB, Canada",2,CA$37.09,Credit Card
PN-01946,2026-07-23,11:58:15,2026-07-27,10:47:37,Picked up at Shop,Ly Chi,"T5J, Edmonton, AB, Canada",1,CA$23.99,Credit Card
PN-01947,2026-07-23,13:51:40,2026-07-27,11:44:47,Delivered to Customer,Sophia Collins,"T5B, Edmonton, AB, Canada",1,CA$34.73,Debit
PN-01948,2026-07-23,15:29:40,2026-07-30,13:07:09,Delivered to Customer,Matthew Johnson,"T6R, Edmonton, AB, Canada",2,CA$47.58,Debit
PN-01949,2026-07-23,15:31:04,2026-07-23,18:56:12,Delivered to Customer,Benjamin Murphy,"T6G, Edmonton, AB, Canada",1,CA$26.83,E-transfer
PN-01950,2026-07-23,15:32:58,2026-07-28,19:12:17,Delivered to Customer,Noah Taylor,"T6J, Edmonton, AB, Canada",3,CA$71.44,Credit Card
PN-01951,2026-07-23,17:46:51,2026-07-28,12:39:21,Picked up at Shop,Jack Lewis,"T6T, Edmonton, AB, Canada",1,CA$35.82,Credit Card
PN-01952,2026-07-23,19:41:12,2026-07-28,16:30:44,Picked up at Shop,Sofia Cook,"T5J, Edmonton, AB, Canada",2,CA$66.55,Credit Card
PN-01953,2026-07-23,20:58:30,2026-07-24,08:01:32,Delivered to Customer,Evelyn Walker,"T5J, Edmonton, AB, Canada",1,CA$57.08,Debit
PN-01954,2026-07-24,08:22:02,2026-07-26,19:29:37,Delivered to Customer,Elizabeth Brown,"T6A, Edmonton, AB, Canada",1,CA$58.22,Debit
PN-01955,2026-07-24,10:46:44,2026-07-30,17:02:33,Delivered to Customer,Nathan Cook,"T5H, Edmonton, AB, Canada",1,CA$16.53,Credit Card
PN-01956,2026-07-24,12:17:46,2026-07-27,13:23:53,Delivered to Customer,Ho Linh,"T5J, Edmonton, AB, Canada",1,CA$26.07,Credit Card
PN-01957,2026-07-24,13:41:10,2026-07-27,13:36:27,Delivered to Customer,Lucas Smith,"T5R, Edmonton, AB, Canada",3,CA$97.82,Credit Card
PN-01958,2026-07-24,14:01:48,2026-07-25,09:33:19,Delivered to Customer,Nathan Martin,"T5Y, Edmonton, AB, Canada",1,CA$32.43,Cash
PN-01959,2026-07-24,14:07:36,2026-07-28,12:56:53,Picked up at Shop,Chloe King,"T5T, Edmonton, AB, Canada",2,CA$47.12,Cash
PN-01960,2026-07-24,14:51:18,2026-07-30,13:46:52,Delivered to Customer,Nguyen Yen,"T5C, Edmonton, AB, Canada",1,CA$44.59,Cash
PN-01961,2026-07-24,15:03:10,2026-07-30,17:26:15,Delivered to Customer,Abigail Bell,"T5J, Edmonton, AB, Canada",2,CA$66.95,Credit Card
PN-01962,2026-07-24,15:29:13,2026-07-26,12:42:05,Delivered to Customer,Elizabeth Young,"T6W, Edmonton, AB, Canada",1,CA$31.50,Cash
PN-01963,2026-07-24,15:40:50,2026-07-29,18:51:27,Delivered to Customer,Charlotte Green,"T5J, Edmonton, AB, Canada",1,CA$26.76,Cash
PN-01964,2026-07-24,17:22:36,2026-07-30,13:24:24,Delivered to Customer,Nathan Anderson,"T6T, Edmonton, AB, Canada",1,CA$54.09,Credit Card
PN-01965,2026-07-24,17:38:09,2026-07-26,20:15:42,Picked up at Shop,Isabella Green,"T5A, Edmonton, AB, Canada",1,CA$22.31,Credit Card
PN-01966,2026-07-24,17:44:44,2026-07-27,10:17:03,Picked up at Shop,Ava Young,"T5G, Edmonton, AB, Canada",1,CA$27.30,Debit
PN-01967,2026-07-24,18:49:15,2026-07-29,14:31:32,Delivered to Customer,Matthew Mitchell,"T5M, Edmonton, AB, Canada",2,CA$109.95,Cash
PN-01968,2026-07-24,19:58:11,2026-07-30,11:50:23,Picked up at Shop,Elizabeth Smith,"T5J, Edmonton, AB, Canada",1,CA$20.41,E-transfer
PN-01969,2026-07-24,22:25:24,2026-07-31,10:41:27,Delivered to Customer,Vo Trang,"T6V, Edmonton, AB, Canada",3,CA$70.22,Credit Card
PN-01970,2026-07-25,08:10:06,2026-07-29,17:56:16,Picked up at Shop,Tran Linh,"T6G, Edmonton, AB, Canada",4,CA$128.66,Credit Card
PN-01971,2026-07-25,08:14:45,2026-07-26,13:55:23,Delivered to Customer,Le Vy,"T5J, Edmonton, AB, Canada",4,CA$99.66,Credit Card
PN-01972,2026-07-25,08:30:48,2026-07-30,10:15:14,Delivered to Customer,Abigail Taylor,"T5H, Edmonton, AB, Canada",1,CA$58.47,E-transfer
PN-01973,2026-07-25,08:52:04,2026-08-01,17:57:27,Delivered to Customer,Lucas Murphy,"T5S, Edmonton, AB, Canada",2,CA$35.67,Credit Card
PN-01974,2026-07-25,13:32:07,2026-07-26,15:47:51,Delivered to Customer,Ryan Brown,"T5J, Edmonton, AB, Canada",1,CA$33.17,Credit Card
PN-01975,2026-07-25,14:31:42,2026-07-29,14:37:53,Picked up at Shop,Zoey Johnson,"T6J, Edmonton, AB, Canada",1,CA$17.08,Debit
PN-01976,2026-07-25,15:05:56,2026-07-31,15:18:13,Delivered to Customer,Charlotte Brown,"T5T, Edmonton, AB, Canada",2,CA$64.87,E-transfer
PN-01977,2026-07-25,15:29:31,2026-07-30,15:07:14,Delivered to Customer,Hoang Minh,"T6G, Edmonton, AB, Canada",1,CA$32.03,E-transfer
PN-01978,2026-07-25,16:55:34,2026-08-01,20:15:53,Delivered to Customer,Le Minh,"T5C, Edmonton, AB, Canada",1,CA$18.48,Credit Card
PN-01979,2026-07-25,17:02:04,2026-07-31,20:54:02,Delivered to Customer,Le Kim,"T6V, Edmonton, AB, Canada",1,CA$20.58,Credit Card
PN-01980,2026-07-25,18:20:35,2026-07-30,13:29:08,Picked up at Shop,Sebastian Morrison,"T5Y, Edmonton, AB, Canada",1,CA$30.68,Credit Card
PN-01981,2026-07-26,09:09:36,2026-07-31,16:57:47,Picked up at Shop,Jack Murphy,"T5J, Edmonton, AB, Canada",1,CA$27.74,Cash
PN-01982,2026-07-26,10:29:10,2026-07-28,18:54:24,Delivered to Customer,Charlotte Lewis,"T6V, Edmonton, AB, Canada",1,CA$43.45,Credit Card
PN-01983,2026-07-26,10:29:29,2026-07-29,16:01:40,Picked up at Shop,Dang Xuan,"T5V, Edmonton, AB, Canada",3,CA$126.51,Credit Card
PN-01984,2026-07-26,11:19:41,2026-07-26,19:22:52,Delivered to Customer,Pham Thu,"T5K, Edmonton, AB, Canada",1,CA$26.10,Credit Card
PN-01985,2026-07-26,12:03:41,2026-07-31,10:47:07,Delivered to Customer,Tran Nam,"T5J, Edmonton, AB, Canada",2,CA$109.94,Credit Card
PN-01986,2026-07-26,12:03:58,2026-07-26,17:49:12,Delivered to Customer,Charlotte Baker,"T5A, Edmonton, AB, Canada",1,CA$27.88,Credit Card
PN-01987,2026-07-26,12:30:41,2026-07-29,10:00:20,Delivered to Customer,Daniel Walker,"T5C, Edmonton, AB, Canada",2,CA$38.92,E-transfer
PN-01988,2026-07-26,12:45:36,2026-07-27,08:14:28,Picked up at Shop,Hoang Khanh,"T6A, Edmonton, AB, Canada",1,CA$54.62,Credit Card
PN-01989,2026-07-26,12:58:39,2026-07-28,20:21:45,Picked up at Shop,Ethan King,"T6K, Edmonton, AB, Canada",3,CA$97.39,Credit Card
PN-01990,2026-07-26,13:58:58,2026-08-02,10:23:24,Delivered to Customer,Zoey Edwards,"T5A, Edmonton, AB, Canada",1,CA$21.71,Credit Card
PN-01991,2026-07-26,14:10:09,2026-07-29,09:01:48,Picked up at Shop,Emily Phillips,"T6M, Edmonton, AB, Canada",1,CA$43.64,Debit
PN-01992,2026-07-26,14:30:50,2026-07-29,14:37:13,Picked up at Shop,Ryan Johnson,"T5G, Edmonton, AB, Canada",2,CA$47.80,Credit Card
PN-01993,2026-07-26,15:05:50,2026-07-30,13:59:55,Delivered to Customer,Bui Vy,"T5K, Edmonton, AB, Canada",2,CA$65.98,E-transfer
PN-01994,2026-07-26,15:08:39,2026-08-01,14:16:25,Delivered to Customer,Bui Mai,"T6G, Edmonton, AB, Canada",3,CA$70.66,Debit
PN-01995,2026-07-26,15:30:47,2026-07-28,14:26:01,Picked up at Shop,Elizabeth Anderson,"T6G, Edmonton, AB, Canada",1,CA$40.12,Credit Card
PN-01996,2026-07-26,16:33:40,2026-07-29,14:41:04,Delivered to Customer,Emma Anderson,"T5R, Edmonton, AB, Canada",1,CA$45.97,Credit Card
PN-01997,2026-07-26,17:03:09,2026-08-01,14:42:10,Delivered to Customer,Duong Phong,"T6C, Edmonton, AB, Canada",2,CA$82.51,Debit
PN-01998,2026-07-26,17:48:30,2026-08-02,16:08:56,Picked up at Shop,Bui Mai,"T5R, Edmonton, AB, Canada",2,CA$64.41,Credit Card
PN-01999,2026-07-26,18:01:07,2026-08-02,17:28:12,Picked up at Shop,Jackson Evans,"T5V, Edmonton, AB, Canada",1,CA$19.56,Credit Card
PN-02000,2026-07-26,21:40:57,2026-07-26,23:17:39,Picked up at Shop,James Young,"T6J, Edmonton, AB, Canada",1,CA$58.00,E-transfer
PN-02001,2026-07-26,22:06:55,2026-08-02,16:50:42,Delivered to Customer,Noah Murphy,"T6J, Edmonton, AB, Canada",1,CA$45.28,Debit
PN-02002,2026-07-27,08:07:14,2026-08-02,09:40:30,Delivered to Customer,Ethan White,"T5X, Edmonton, AB, Canada",1,CA$33.06,E-transfer
PN-02003,2026-07-27,09:05:18,2026-07-31,09:23:55,Picked up at Shop,Matthew Campbell,"T5K, Edmonton, AB, Canada",1,CA$25.47,Credit Card
PN-02004,2026-07-27,09:24:07,2026-07-28,14:11:22,Delivered to Customer,Le Thao,"T5J, Edmonton, AB, Canada",1,CA$25.84,Credit Card
PN-02005,2026-07-27,09:40:58,2026-08-02,15:05:36,Delivered to Customer,Charlotte Young,"T6J, Edmonton, AB, Canada",1,CA$22.46,Cash
PN-02006,2026-07-27,10:56:46,2026-08-03,12:35:13,Delivered to Customer,Nathan White,"T5G, Edmonton, AB, Canada",2,CA$84.24,Credit Card
PN-02007,2026-07-27,11:13:38,2026-08-01,16:03:08,Delivered to Customer,Ly Yen,"T5E, Edmonton, AB, Canada",1,CA$22.95,Debit
PN-02008,2026-07-27,11:43:22,2026-07-30,19:18:47,Delivered to Customer,Victoria Clark,"T6B, Edmonton, AB, Canada",1,CA$24.64,Credit Card
PN-02009,2026-07-27,12:02:05,2026-08-02,10:50:15,Delivered to Customer,Duong Duy,"T6H, Edmonton, AB, Canada",1,CA$17.95,Credit Card
PN-02010,2026-07-27,12:55:10,2026-08-03,20:46:30,Picked up at Shop,Owen Campbell,"T5K, Edmonton, AB, Canada",3,CA$95.27,Debit
PN-02011,2026-07-27,14:11:59,2026-07-30,12:44:04,Delivered to Customer,Do Chi,"T6K, Edmonton, AB, Canada",1,CA$53.95,Debit
PN-02012,2026-07-27,14:30:29,2026-07-27,17:55:57,Delivered to Customer,Jackson Edwards,"T5P, Edmonton, AB, Canada",4,CA$97.67,Credit Card
PN-02013,2026-07-27,15:47:36,2026-07-28,17:26:34,Delivered to Customer,Owen Smith,"T6B, Edmonton, AB, Canada",1,CA$24.40,Cash
PN-02014,2026-07-27,15:50:51,2026-07-30,15:58:17,Delivered to Customer,Le Binh,"T5T, Edmonton, AB, Canada",2,CA$85.56,Credit Card
PN-02015,2026-07-27,17:45:35,2026-07-30,09:22:17,Picked up at Shop,Nguyen Khanh,"T6K, Edmonton, AB, Canada",2,CA$67.26,Debit
PN-02016,2026-07-27,18:14:58,2026-07-28,14:54:55,Picked up at Shop,Duong Anh,"T5K, Edmonton, AB, Canada",1,CA$33.80,Credit Card
PN-02017,2026-07-27,18:47:37,2026-08-01,16:45:31,Delivered to Customer,Duong Duy,"T5A, Edmonton, AB, Canada",1,CA$45.02,Credit Card
PN-02018,2026-07-27,20:35:32,2026-07-29,12:21:58,Delivered to Customer,Mia Smith,"T6P, Edmonton, AB, Canada",3,CA$126.05,Credit Card
PN-02019,2026-07-28,08:29:09,2026-08-03,16:39:45,Picked up at Shop,Vu Vy,"T6E, Edmonton, AB, Canada",1,CA$44.50,Credit Card
PN-02020,2026-07-28,08:46:30,2026-08-01,14:58:03,Picked up at Shop,Matthew Scott,"T5E, Edmonton, AB, Canada",1,CA$32.50,Cash
PN-02021,2026-07-28,09:31:51,2026-07-31,17:59:36,Delivered to Customer,Noah Edwards,"T5M, Edmonton, AB, Canada",2,CA$35.14,Credit Card
PN-02022,2026-07-28,09:46:55,2026-08-01,10:47:11,Delivered to Customer,Dang Khanh,"T5E, Edmonton, AB, Canada",1,CA$22.25,Debit
PN-02023,2026-07-28,10:03:05,2026-08-03,10:16:42,Picked up at Shop,Matthew Green,"T6G, Edmonton, AB, Canada",1,CA$24.35,Debit
PN-02024,2026-07-28,10:13:17,2026-07-28,12:46:44,Delivered to Customer,Zoey Anderson,"T5T, Edmonton, AB, Canada",1,CA$41.92,Credit Card
PN-02025,2026-07-28,10:17:51,2026-07-29,11:35:10,Delivered to Customer,Lucas Campbell,"T5M, Edmonton, AB, Canada",1,CA$45.18,Debit
PN-02026,2026-07-28,14:01:05,2026-07-29,09:41:18,Delivered to Customer,Zoey Green,"T5G, Edmonton, AB, Canada",1,CA$26.51,Credit Card
PN-02027,2026-07-28,14:59:45,2026-08-02,13:36:37,Delivered to Customer,Huynh Kim,"T5T, Edmonton, AB, Canada",1,CA$16.97,Debit
PN-02028,2026-07-28,16:21:14,2026-07-29,11:28:19,Picked up at Shop,Dang Nam,"T5B, Edmonton, AB, Canada",4,CA$129.12,Credit Card
PN-02029,2026-07-28,16:33:24,2026-08-01,09:09:29,Delivered to Customer,James Wright,"T5R, Edmonton, AB, Canada",1,CA$35.70,E-transfer
PN-02030,2026-07-28,16:54:36,2026-08-03,13:19:17,Picked up at Shop,Abigail Walker,"T6B, Edmonton, AB, Canada",2,CA$62.15,Credit Card
PN-02031,2026-07-28,18:15:22,2026-07-31,17:08:13,Delivered to Customer,Chloe Clark,"T6M, Edmonton, AB, Canada",1,CA$23.50,Debit
PN-02032,2026-07-28,18:23:29,2026-07-28,19:31:58,Delivered to Customer,Harper Turner,"T5K, Edmonton, AB, Canada",1,CA$43.78,E-transfer
PN-02033,2026-07-28,18:50:52,2026-07-30,15:00:08,Delivered to Customer,Harper Clark,"T6E, Edmonton, AB, Canada",1,CA$44.88,Credit Card
PN-02034,2026-07-28,18:56:19,2026-07-28,21:46:08,Picked up at Shop,Charlotte Murray,"T5G, Edmonton, AB, Canada",2,CA$86.25,E-transfer
PN-02035,2026-07-28,19:47:23,2026-08-01,18:56:57,Picked up at Shop,Isabella Anderson,"T5J, Edmonton, AB, Canada",1,CA$23.75,Debit
PN-02036,2026-07-28,20:35:59,2026-07-28,21:41:50,Picked up at Shop,Jackson Anderson,"T5J, Edmonton, AB, Canada",1,CA$43.59,E-transfer
PN-02037,2026-07-29,08:52:12,2026-07-31,15:18:51,Delivered to Customer,Emily Green,"T5K, Edmonton, AB, Canada",1,CA$42.62,Cash
PN-02038,2026-07-29,11:32:34,2026-08-01,11:54:27,Picked up at Shop,Amelia Mitchell,"T5V, Edmonton, AB, Canada",1,CA$34.83,Credit Card
PN-02039,2026-07-29,12:51:32,2026-08-01,12:58:24,Picked up at Shop,Mia Stewart,"T5L, Edmonton, AB, Canada",1,CA$21.31,Debit
PN-02040,2026-07-29,12:58:55,2026-07-29,17:58:25,Delivered to Customer,Emily Stewart,"T6A, Edmonton, AB, Canada",1,CA$33.61,Debit
PN-02041,2026-07-29,13:49:46,2026-07-30,16:43:37,Delivered to Customer,Charlotte Mitchell,"T6E, Edmonton, AB, Canada",2,CA$64.08,Cash
PN-02042,2026-07-29,13:57:01,2026-07-29,22:58:22,Delivered to Customer,Dang Vy,"T6E, Edmonton, AB, Canada",1,CA$35.48,Credit Card
PN-02043,2026-07-29,14:06:27,2026-08-03,09:29:24,Delivered to Customer,Sofia White,"T6A, Edmonton, AB, Canada",1,CA$57.87,E-transfer
PN-02044,2026-07-29,14:37:21,2026-08-03,19:16:35,Delivered to Customer,Mia Clark,"T6N, Edmonton, AB, Canada",1,CA$23.18,E-transfer
PN-02045,2026-07-29,15:06:51,2026-08-01,17:45:02,Picked up at Shop,Emily Baker,"T6G, Edmonton, AB, Canada",1,CA$32.13,E-transfer
PN-02046,2026-07-29,15:27:07,2026-07-30,18:19:21,Delivered to Customer,Ngo Tuan,"T5A, Edmonton, AB, Canada",1,CA$35.66,Credit Card
PN-02047,2026-07-29,15:43:57,2026-07-29,18:01:29,Delivered to Customer,Hoang Ngoc,"T6E, Edmonton, AB, Canada",1,CA$42.92,Credit Card
PN-02048,2026-07-29,16:06:18,2026-08-05,15:55:02,Picked up at Shop,Huynh Trang,"T5P, Edmonton, AB, Canada",1,CA$16.48,Credit Card
PN-02049,2026-07-29,16:10:39,2026-08-01,10:43:28,Picked up at Shop,Abigail White,"T6T, Edmonton, AB, Canada",1,CA$55.65,Credit Card
PN-02050,2026-07-29,18:45:01,2026-08-04,20:15:48,Picked up at Shop,Henry Anderson,"T5J, Edmonton, AB, Canada",1,CA$54.43,E-transfer
PN-02051,2026-07-29,18:53:37,2026-07-29,23:45:50,Delivered to Customer,Vu Dung,"T6C, Edmonton, AB, Canada",2,CA$51.83,E-transfer
PN-02052,2026-07-29,19:57:44,2026-07-29,20:05:03,Delivered to Customer,Sophia Cook,"T6B, Edmonton, AB, Canada",1,CA$25.28,Credit Card
PN-02053,2026-07-29,21:30:06,2026-07-30,11:08:04,Delivered to Customer,Vo Binh,"T5H, Edmonton, AB, Canada",1,CA$17.57,Credit Card
PN-02054,2026-07-30,08:17:52,2026-08-05,08:40:35,Delivered to Customer,Charlotte Lewis,"T5Z, Edmonton, AB, Canada",1,CA$32.87,E-transfer
PN-02055,2026-07-30,08:39:24,2026-07-30,12:28:22,Picked up at Shop,Michael Walker,"T5P, Edmonton, AB, Canada",1,CA$26.35,Credit Card
PN-02056,2026-07-30,10:08:31,2026-08-01,17:04:55,Delivered to Customer,Ho An,"T5J, Edmonton, AB, Canada",1,CA$16.73,Credit Card
PN-02057,2026-07-30,11:25:40,2026-08-04,16:47:29,Delivered to Customer,Ly Ngoc,"T5S, Edmonton, AB, Canada",1,CA$27.76,Credit Card
PN-02058,2026-07-30,13:03:20,2026-08-06,15:24:50,Picked up at Shop,Zoey Murphy,"T5W, Edmonton, AB, Canada",3,CA$126.95,Credit Card
PN-02059,2026-07-30,13:38:28,2026-08-06,15:58:23,Picked up at Shop,Ly Phong,"T5R, Edmonton, AB, Canada",1,CA$25.22,Debit
PN-02060,2026-07-30,13:40:42,2026-08-02,10:51:10,Delivered to Customer,Amelia Brown,"T6E, Edmonton, AB, Canada",1,CA$24.05,Credit Card
PN-02061,2026-07-30,13:45:28,2026-07-31,11:41:47,Picked up at Shop,Amelia Green,"T6G, Edmonton, AB, Canada",1,CA$32.99,E-transfer
PN-02062,2026-07-30,14:55:34,2026-08-05,15:02:15,Picked up at Shop,Emily Murphy,"T6B, Edmonton, AB, Canada",1,CA$35.44,Credit Card
PN-02063,2026-07-30,15:01:24,2026-08-04,08:15:42,Delivered to Customer,Do Hai,"T6H, Edmonton, AB, Canada",1,CA$43.50,Credit Card
PN-02064,2026-07-30,15:08:40,2026-08-04,14:14:33,Delivered to Customer,Owen Smith,"T6G, Edmonton, AB, Canada",1,CA$33.81,Cash
PN-02065,2026-07-30,15:34:20,2026-08-02,20:29:35,Picked up at Shop,Do Cuong,"T5S, Edmonton, AB, Canada",1,CA$23.31,Credit Card
PN-02066,2026-07-30,15:40:01,2026-08-03,20:28:48,Picked up at Shop,Samuel Parker,"T5C, Edmonton, AB, Canada",2,CA$65.15,E-transfer
PN-02067,2026-07-30,15:45:48,2026-08-01,11:41:45,Picked up at Shop,Pham Chi,"T5Y, Edmonton, AB, Canada",1,CA$20.00,E-transfer
PN-02068,2026-07-30,16:25:05,2026-07-30,23:25:05,Picked up at Shop,Le Lan,"T6A, Edmonton, AB, Canada",1,CA$18.66,Debit
PN-02069,2026-07-31,08:09:06,2026-07-31,13:14:23,Delivered to Customer,Daniel Collins,"T5B, Edmonton, AB, Canada",1,CA$27.71,Credit Card
PN-02070,2026-07-31,08:34:21,2026-08-06,16:52:31,Delivered to Customer,Ngo Quan,"T5J, Edmonton, AB, Canada",2,CA$111.01,Credit Card
PN-02071,2026-07-31,08:35:13,2026-07-31,12:47:28,Delivered to Customer,Tran Linh,"T5R, Edmonton, AB, Canada",1,CA$42.78,Credit Card
PN-02072,2026-07-31,11:17:25,2026-08-06,16:42:27,Picked up at Shop,David Morrison,"T5R, Edmonton, AB, Canada",1,CA$44.08,Cash
PN-02073,2026-07-31,11:35:39,2026-07-31,16:20:30,Picked up at Shop,Pham Phong,"T5C, Edmonton, AB, Canada",1,CA$45.60,Debit
PN-02074,2026-07-31,12:37:56,2026-08-04,10:18:29,Delivered to Customer,James Martin,"T6R, Edmonton, AB, Canada",2,CA$37.07,Cash
PN-02075,2026-07-31,13:35:19,2026-08-04,17:15:08,Delivered to Customer,Emily Evans,"T6C, Edmonton, AB, Canada",1,CA$41.00,Credit Card
PN-02076,2026-07-31,13:42:46,2026-08-01,17:01:15,Delivered to Customer,Owen Green,"T5K, Edmonton, AB, Canada",2,CA$48.29,Debit
PN-02077,2026-07-31,14:23:31,2026-08-04,12:01:52,Picked up at Shop,Matthew Young,"T5A, Edmonton, AB, Canada",1,CA$44.03,Credit Card
PN-02078,2026-07-31,15:40:47,2026-08-01,15:40:04,Delivered to Customer,Liam White,"T5J, Edmonton, AB, Canada",1,CA$20.42,Debit
PN-02079,2026-07-31,17:00:42,2026-08-03,12:03:50,Delivered to Customer,Lucas Anderson,"T6W, Edmonton, AB, Canada",1,CA$27.19,Cash
PN-02080,2026-08-01,10:35:29,2026-08-08,09:47:48,Delivered to Customer,Vo Minh,"T5T, Edmonton, AB, Canada",1,CA$18.46,E-transfer
PN-02081,2026-08-01,11:05:52,2026-08-06,08:42:48,Picked up at Shop,Daniel Green,"T5X, Edmonton, AB, Canada",1,CA$33.20,E-transfer
PN-02082,2026-08-01,12:14:41,2026-08-06,13:49:56,Delivered to Customer,Sebastian Bell,"T6G, Edmonton, AB, Canada",1,CA$25.20,Credit Card
PN-02083,2026-08-01,12:30:27,2026-08-05,17:02:11,Picked up at Shop,Do Viet,"T6J, Edmonton, AB, Canada",1,CA$22.34,Credit Card
PN-02084,2026-08-01,12:55:20,2026-08-06,16:33:01,Delivered to Customer,Ryan Mitchell,"T5J, Edmonton, AB, Canada",1,CA$30.53,Debit
PN-02085,2026-08-01,13:25:12,2026-08-08,12:51:13,Delivered to Customer,Evelyn White,"T6J, Edmonton, AB, Canada",1,CA$32.95,Credit Card
PN-02086,2026-08-01,15:06:13,2026-08-05,15:24:16,Picked up at Shop,Dang Mai,"T6E, Edmonton, AB, Canada",1,CA$24.32,Debit
PN-02087,2026-08-01,15:51:32,2026-08-03,11:24:19,Delivered to Customer,Duong Duy,"T6B, Edmonton, AB, Canada",2,CA$65.56,Cash
PN-02088,2026-08-01,16:38:42,2026-08-06,20:41:51,Delivered to Customer,Isabella Thompson,"T5J, Edmonton, AB, Canada",2,CA$34.94,Credit Card
PN-02089,2026-08-01,16:58:14,2026-08-06,10:46:12,Delivered to Customer,Ngo Dung,"T5M, Edmonton, AB, Canada",4,CA$170.89,Credit Card
PN-02090,2026-08-01,17:52:00,2026-08-05,10:09:25,Picked up at Shop,Sophia Morrison,"T5T, Edmonton, AB, Canada",1,CA$22.34,Credit Card
PN-02091,2026-08-01,18:03:43,2026-08-01,23:58:13,Picked up at Shop,Samuel Campbell,"T6E, Edmonton, AB, Canada",1,CA$33.19,E-transfer
PN-02092,2026-08-01,18:12:31,2026-08-03,15:29:35,Delivered to Customer,Vu Mai,"T5J, Edmonton, AB, Canada",2,CA$63.59,Credit Card
PN-02093,2026-08-01,19:06:08,2026-08-05,11:38:44,Picked up at Shop,David Carter,"T6H, Edmonton, AB, Canada",2,CA$83.04,Debit
PN-02094,2026-08-02,08:11:35,2026-08-03,19:31:45,Picked up at Shop,Benjamin Edwards,"T5X, Edmonton, AB, Canada",1,CA$16.87,Debit
PN-02095,2026-08-02,08:23:29,2026-08-02,11:19:47,Delivered to Customer,Sebastian White,"T5E, Edmonton, AB, Canada",1,CA$26.89,Debit
PN-02096,2026-08-02,10:21:37,2026-08-06,17:59:24,Delivered to Customer,William Clark,"T5L, Edmonton, AB, Canada",1,CA$16.74,Credit Card
PN-02097,2026-08-02,11:23:33,2026-08-02,13:51:57,Picked up at Shop,Chloe Clark,"T5J, Edmonton, AB, Canada",2,CA$49.82,Debit
PN-02098,2026-08-02,11:23:39,2026-08-04,14:50:59,Delivered to Customer,Isabella Edwards,"T6A, Edmonton, AB, Canada",3,CA$98.77,Credit Card
PN-02099,2026-08-02,12:48:15,2026-08-05,13:58:48,Delivered to Customer,Owen Walker,"T5X, Edmonton, AB, Canada",1,CA$27.78,Debit
PN-02100,2026-08-02,13:04:05,2026-08-04,16:05:52,Picked up at Shop,Nguyen Minh,"T5A, Edmonton, AB, Canada",1,CA$40.41,Credit Card
PN-02101,2026-08-02,14:18:12,2026-08-06,19:24:56,Delivered to Customer,Matthew Young,"T6L, Edmonton, AB, Canada",1,CA$55.86,Credit Card
PN-02102,2026-08-02,14:35:37,2026-08-02,21:04:35,Delivered to Customer,Ethan Walker,"T5J, Edmonton, AB, Canada",1,CA$20.86,E-transfer
PN-02103,2026-08-02,15:12:18,2026-08-02,19:32:26,Picked up at Shop,Owen Edwards,"T6K, Edmonton, AB, Canada",3,CA$52.78,Credit Card
PN-02104,2026-08-02,15:42:30,2026-08-05,12:56:17,Picked up at Shop,Nathan Roberts,"T5J, Edmonton, AB, Canada",4,CA$98.14,Debit
PN-02105,2026-08-02,15:43:28,2026-08-07,09:44:01,Delivered to Customer,Liam Smith,"T5N, Edmonton, AB, Canada",1,CA$25.36,Debit
PN-02106,2026-08-02,15:51:44,2026-08-03,10:55:10,Picked up at Shop,Vo Cuong,"T5K, Edmonton, AB, Canada",1,CA$31.94,Credit Card
PN-02107,2026-08-02,16:48:10,2026-08-02,17:59:56,Delivered to Customer,Bui Thu,"T5W, Edmonton, AB, Canada",3,CA$54.16,Cash
PN-02108,2026-08-02,16:50:43,2026-08-02,18:38:42,Delivered to Customer,Tran Mai,"T6K, Edmonton, AB, Canada",3,CA$70.40,Credit Card
PN-02109,2026-08-02,17:28:07,2026-08-04,19:07:14,Picked up at Shop,Ngo Son,"T5R, Edmonton, AB, Canada",1,CA$41.95,Debit
PN-02110,2026-08-02,18:32:50,2026-08-07,12:00:37,Delivered to Customer,Daniel Roberts,"T5J, Edmonton, AB, Canada",1,CA$54.06,Credit Card
PN-02111,2026-08-02,20:10:53,2026-08-08,10:08:28,Delivered to Customer,Matthew Martin,"T5H, Edmonton, AB, Canada",1,CA$40.81,Credit Card
PN-02112,2026-08-02,20:37:50,2026-08-05,10:41:35,Delivered to Customer,Olivia Scott,"T6N, Edmonton, AB, Canada",1,CA$32.32,Debit
PN-02113,2026-08-03,08:37:30,2026-08-07,12:36:57,Delivered to Customer,Elizabeth Edwards,"T6E, Edmonton, AB, Canada",1,CA$34.07,Debit
PN-02114,2026-08-03,09:50:00,2026-08-09,13:36:32,Picked up at Shop,Jackson Murray,"T5T, Edmonton, AB, Canada",1,CA$20.51,Credit Card
PN-02115,2026-08-03,10:10:43,2026-08-09,12:27:18,Picked up at Shop,David Wright,"T5R, Edmonton, AB, Canada",1,CA$31.90,Credit Card
PN-02116,2026-08-03,10:19:36,2026-08-03,11:38:47,Picked up at Shop,Phan Lan,"T5B, Edmonton, AB, Canada",1,CA$33.59,E-transfer
PN-02117,2026-08-03,10:24:28,2026-08-07,15:15:59,Delivered to Customer,Duong An,"T5T, Edmonton, AB, Canada",1,CA$32.33,Credit Card
PN-02118,2026-08-03,10:35:04,2026-08-10,10:11:27,Picked up at Shop,Isabella Taylor,"T6H, Edmonton, AB, Canada",2,CA$109.32,E-transfer
PN-02119,2026-08-03,11:01:01,2026-08-05,18:30:13,Picked up at Shop,James Harris,"T6J, Edmonton, AB, Canada",3,CA$168.93,Credit Card
PN-02120,2026-08-03,11:04:50,2026-08-06,18:21:29,Picked up at Shop,Emily Thompson,"T6J, Edmonton, AB, Canada",1,CA$24.04,Credit Card
PN-02121,2026-08-03,13:44:44,2026-08-03,13:52:17,Delivered to Customer,Emma Roberts,"T6P, Edmonton, AB, Canada",2,CA$49.92,Credit Card
PN-02122,2026-08-03,15:12:18,2026-08-06,14:01:12,Picked up at Shop,Vu Huong,"T6J, Edmonton, AB, Canada",1,CA$31.94,Debit
PN-02123,2026-08-03,15:26:44,2026-08-07,10:54:28,Picked up at Shop,Liam Murphy,"T6B, Edmonton, AB, Canada",1,CA$17.63,Credit Card
PN-02124,2026-08-03,15:29:43,2026-08-07,10:50:15,Delivered to Customer,Noah Green,"T5X, Edmonton, AB, Canada",1,CA$42.93,Credit Card
PN-02125,2026-08-03,15:30:40,2026-08-07,15:05:42,Picked up at Shop,Elizabeth Wright,"T5G, Edmonton, AB, Canada",2,CA$51.25,E-transfer
PN-02126,2026-08-03,15:52:48,2026-08-10,18:45:31,Picked up at Shop,Abigail Scott,"T6V, Edmonton, AB, Canada",2,CA$46.73,Credit Card
PN-02127,2026-08-03,15:59:51,2026-08-10,13:31:32,Delivered to Customer,Le Yen,"T6G, Edmonton, AB, Canada",2,CA$64.82,Credit Card
PN-02128,2026-08-03,16:02:43,2026-08-07,17:43:36,Delivered to Customer,Isabella Young,"T5W, Edmonton, AB, Canada",1,CA$34.81,E-transfer
PN-02129,2026-08-03,16:19:29,2026-08-05,17:01:00,Delivered to Customer,Henry White,"T5R, Edmonton, AB, Canada",1,CA$35.69,Credit Card
PN-02130,2026-08-03,16:49:38,2026-08-08,17:26:29,Picked up at Shop,Jackson Green,"T6G, Edmonton, AB, Canada",3,CA$96.28,Credit Card
PN-02131,2026-08-03,18:45:18,2026-08-08,10:14:36,Delivered to Customer,Dang Duy,"T5C, Edmonton, AB, Canada",1,CA$57.92,E-transfer
PN-02132,2026-08-03,18:45:32,2026-08-09,16:59:23,Picked up at Shop,Elizabeth Turner,"T6K, Edmonton, AB, Canada",1,CA$25.37,Credit Card
PN-02133,2026-08-03,18:48:16,2026-08-08,15:27:19,Delivered to Customer,Huynh Giang,"T5E, Edmonton, AB, Canada",1,CA$33.22,Credit Card
PN-02134,2026-08-04,10:40:40,2026-08-06,12:37:35,Delivered to Customer,Owen Phillips,"T5T, Edmonton, AB, Canada",1,CA$24.59,Debit
PN-02135,2026-08-04,10:55:23,2026-08-09,13:38:10,Delivered to Customer,Amelia Bell,"T5B, Edmonton, AB, Canada",2,CA$36.28,Credit Card
PN-02136,2026-08-04,12:09:19,2026-08-08,11:26:55,Picked up at Shop,Tran Van,"T6G, Edmonton, AB, Canada",2,CA$46.33,Credit Card
PN-02137,2026-08-04,12:16:31,2026-08-07,20:15:15,Picked up at Shop,Sophia Thompson,"T6B, Edmonton, AB, Canada",1,CA$32.40,Credit Card
PN-02138,2026-08-04,13:02:42,2026-08-09,14:21:33,Delivered to Customer,Evelyn Carter,"T6G, Edmonton, AB, Canada",1,CA$23.66,Credit Card
PN-02139,2026-08-04,13:49:55,2026-08-11,17:45:33,Delivered to Customer,Duong Vy,"T6L, Edmonton, AB, Canada",1,CA$34.28,Credit Card
PN-02140,2026-08-04,17:24:20,2026-08-07,13:21:22,Picked up at Shop,David Collins,"T6W, Edmonton, AB, Canada",1,CA$57.85,Debit
PN-02141,2026-08-04,17:58:49,2026-08-09,13:27:42,Delivered to Customer,Chloe Harris,"T5T, Edmonton, AB, Canada",2,CA$112.16,Debit
PN-02142,2026-08-04,19:19:11,2026-08-05,08:49:52,Picked up at Shop,Harper Collins,"T6S, Edmonton, AB, Canada",1,CA$34.22,Credit Card
PN-02143,2026-08-04,21:52:42,2026-08-07,08:59:34,Delivered to Customer,Jackson Thompson,"T5E, Edmonton, AB, Canada",1,CA$24.89,Debit
PN-02144,2026-08-04,22:49:17,2026-08-04,23:01:39,Picked up at Shop,Ly Giang,"T5N, Edmonton, AB, Canada",1,CA$43.72,E-transfer
PN-02145,2026-08-05,10:53:35,2026-08-07,19:53:00,Delivered to Customer,Owen Clark,"T6G, Edmonton, AB, Canada",1,CA$44.81,Debit
PN-02146,2026-08-05,11:10:16,2026-08-05,22:42:41,Delivered to Customer,Elizabeth Clark,"T6C, Edmonton, AB, Canada",2,CA$64.50,Credit Card
PN-02147,2026-08-05,11:14:10,2026-08-05,12:56:41,Delivered to Customer,Henry Wright,"T5N, Edmonton, AB, Canada",4,CA$97.13,Credit Card
PN-02148,2026-08-05,11:58:02,2026-08-07,12:43:34,Delivered to Customer,Vu Dung,"T5P, Edmonton, AB, Canada",1,CA$56.57,Debit
PN-02149,2026-08-05,12:08:24,2026-08-09,16:04:43,Delivered to Customer,Hoang Linh,"T5H, Edmonton, AB, Canada",1,CA$53.30,Credit Card
PN-02150,2026-08-05,12:12:01,2026-08-05,23:07:39,Delivered to Customer,Lucas Cook,"T5J, Edmonton, AB, Canada",1,CA$56.39,Cash
PN-02151,2026-08-05,12:50:04,2026-08-05,15:22:41,Delivered to Customer,Phan Hoa,"T5J, Edmonton, AB, Canada",1,CA$30.58,Debit
PN-02152,2026-08-05,13:47:10,2026-08-08,12:15:59,Delivered to Customer,Ella King,"T5E, Edmonton, AB, Canada",1,CA$24.39,Credit Card
PN-02153,2026-08-05,14:18:10,2026-08-12,09:22:30,Picked up at Shop,Dang Viet,"T6R, Edmonton, AB, Canada",1,CA$54.08,Credit Card
PN-02154,2026-08-05,15:21:10,2026-08-11,20:15:37,Delivered to Customer,Isabella Green,"T5K, Edmonton, AB, Canada",2,CA$87.77,Credit Card
PN-02155,2026-08-05,16:07:44,2026-08-06,19:13:56,Delivered to Customer,Alexander Taylor,"T5B, Edmonton, AB, Canada",1,CA$43.24,Debit
PN-02156,2026-08-05,19:05:54,2026-08-10,08:51:28,Delivered to Customer,Le Minh,"T5N, Edmonton, AB, Canada",1,CA$18.70,Credit Card
PN-02157,2026-08-05,19:55:02,2026-08-06,14:09:28,Delivered to Customer,Do Anh,"T5C, Edmonton, AB, Canada",3,CA$167.81,Credit Card
PN-02158,2026-08-05,19:58:00,2026-08-06,09:11:02,Picked up at Shop,Abigail Wilson,"T5J, Edmonton, AB, Canada",2,CA$83.14,Credit Card
PN-02159,2026-08-06,08:20:34,2026-08-09,16:25:17,Delivered to Customer,Huynh Vy,"T6C, Edmonton, AB, Canada",1,CA$16.88,Debit
PN-02160,2026-08-06,08:27:39,2026-08-06,19:57:28,Delivered to Customer,Mia Edwards,"T5A, Edmonton, AB, Canada",1,CA$24.77,Credit Card
PN-02161,2026-08-06,10:38:20,2026-08-13,17:30:06,Delivered to Customer,Charlotte Murray,"T5Y, Edmonton, AB, Canada",1,CA$19.53,E-transfer
PN-02162,2026-08-06,11:03:42,2026-08-12,13:13:40,Picked up at Shop,Ngo Quan,"T6R, Edmonton, AB, Canada",3,CA$72.22,Credit Card
PN-02163,2026-08-06,11:25:13,2026-08-13,17:29:41,Delivered to Customer,Ngo Trang,"T5K, Edmonton, AB, Canada",2,CA$84.12,Cash
PN-02164,2026-08-06,12:18:28,2026-08-12,18:54:55,Delivered to Customer,Ava Roberts,"T5T, Edmonton, AB, Canada",1,CA$22.73,Credit Card
PN-02165,2026-08-06,12:45:56,2026-08-09,10:04:52,Picked up at Shop,Ryan Turner,"T5L, Edmonton, AB, Canada",1,CA$33.40,E-transfer
PN-02166,2026-08-06,13:34:14,2026-08-12,20:20:50,Delivered to Customer,Vu Tuan,"T5C, Edmonton, AB, Canada",1,CA$27.06,Debit
PN-02167,2026-08-06,13:51:07,2026-08-10,13:36:10,Delivered to Customer,Abigail Wilson,"T5X, Edmonton, AB, Canada",1,CA$33.53,Credit Card
PN-02168,2026-08-06,14:30:35,2026-08-09,13:29:41,Delivered to Customer,Sofia Brown,"T6E, Edmonton, AB, Canada",1,CA$54.84,Credit Card
PN-02169,2026-08-06,15:32:48,2026-08-13,15:50:31,Delivered to Customer,Benjamin Thompson,"T5J, Edmonton, AB, Canada",2,CA$50.54,Credit Card
PN-02170,2026-08-06,15:32:57,2026-08-09,14:38:09,Delivered to Customer,Olivia Wilson,"T5W, Edmonton, AB, Canada",1,CA$54.83,Credit Card
PN-02171,2026-08-06,15:32:59,2026-08-08,13:51:27,Picked up at Shop,Matthew Walker,"T5N, Edmonton, AB, Canada",3,CA$99.60,Debit
PN-02172,2026-08-06,16:12:46,2026-08-10,14:48:31,Delivered to Customer,Liam Taylor,"T6T, Edmonton, AB, Canada",1,CA$23.82,Credit Card
PN-02173,2026-08-06,16:14:24,2026-08-12,12:35:14,Delivered to Customer,Emma Campbell,"T5K, Edmonton, AB, Canada",1,CA$26.09,Credit Card
PN-02174,2026-08-06,16:24:11,2026-08-06,21:13:18,Delivered to Customer,Matthew Collins,"T6G, Edmonton, AB, Canada",1,CA$24.28,Cash
PN-02175,2026-08-06,18:37:37,2026-08-08,16:13:51,Picked up at Shop,Duong Phuong,"T5E, Edmonton, AB, Canada",1,CA$26.97,Credit Card
PN-02176,2026-08-07,08:19:54,2026-08-09,13:43:17,Delivered to Customer,Vu Yen,"T5P, Edmonton, AB, Canada",2,CA$110.50,Credit Card
PN-02177,2026-08-07,11:00:44,2026-08-12,14:06:59,Picked up at Shop,Elizabeth Wilson,"T5L, Edmonton, AB, Canada",4,CA$168.38,Credit Card
PN-02178,2026-08-07,11:17:43,2026-08-13,14:44:33,Picked up at Shop,David Clark,"T6E, Edmonton, AB, Canada",1,CA$41.53,Credit Card
PN-02179,2026-08-07,11:47:42,2026-08-10,08:43:59,Picked up at Shop,David Phillips,"T5J, Edmonton, AB, Canada",3,CA$95.94,Cash
PN-02180,2026-08-07,11:57:21,2026-08-10,13:54:35,Picked up at Shop,Vu Khanh,"T5H, Edmonton, AB, Canada",1,CA$19.48,Credit Card
PN-02181,2026-08-07,12:05:19,2026-08-14,12:26:37,Delivered to Customer,Phan Son,"T6V, Edmonton, AB, Canada",1,CA$43.79,Debit
PN-02182,2026-08-07,13:11:23,2026-08-07,14:50:51,Picked up at Shop,Mia Johnson,"T5J, Edmonton, AB, Canada",1,CA$32.20,Credit Card
PN-02183,2026-08-07,13:13:47,2026-08-09,14:09:13,Delivered to Customer,Ho Trang,"T5S, Edmonton, AB, Canada",1,CA$19.32,Credit Card
PN-02184,2026-08-07,13:14:53,2026-08-14,16:02:11,Delivered to Customer,Jack Morrison,"T5K, Edmonton, AB, Canada",2,CA$48.09,Credit Card
PN-02185,2026-08-07,13:20:02,2026-08-10,19:31:40,Delivered to Customer,Emma Smith,"T5V, Edmonton, AB, Canada",2,CA$65.83,Cash
PN-02186,2026-08-07,13:36:47,2026-08-08,17:29:24,Picked up at Shop,Henry Lewis,"T6S, Edmonton, AB, Canada",2,CA$63.54,Credit Card
PN-02187,2026-08-07,14:13:18,2026-08-14,20:20:18,Picked up at Shop,Pham Lan,"T5C, Edmonton, AB, Canada",1,CA$44.14,Credit Card
PN-02188,2026-08-07,14:38:40,2026-08-09,19:30:09,Delivered to Customer,Tran Yen,"T5J, Edmonton, AB, Canada",1,CA$34.40,Credit Card
PN-02189,2026-08-07,15:12:16,2026-08-10,13:41:07,Delivered to Customer,Pham Hanh,"T5R, Edmonton, AB, Canada",1,CA$25.60,Debit
PN-02190,2026-08-07,15:52:46,2026-08-09,19:16:44,Delivered to Customer,Do Quynh,"T5W, Edmonton, AB, Canada",1,CA$25.93,Credit Card
PN-02191,2026-08-07,16:00:46,2026-08-09,15:27:29,Delivered to Customer,Mia Bell,"T6T, Edmonton, AB, Canada",2,CA$48.32,Debit
PN-02192,2026-08-07,16:11:25,2026-08-08,15:47:48,Delivered to Customer,James Thompson,"T6B, Edmonton, AB, Canada",4,CA$130.98,Debit
PN-02193,2026-08-07,16:12:05,2026-08-09,14:20:06,Delivered to Customer,Harper Clark,"T5B, Edmonton, AB, Canada",1,CA$17.03,Debit
PN-02194,2026-08-07,17:22:49,2026-08-11,14:05:30,Picked up at Shop,Matthew Young,"T5P, Edmonton, AB, Canada",1,CA$53.07,Cash
PN-02195,2026-08-07,17:42:47,2026-08-08,12:04:03,Picked up at Shop,Bui Anh,"T5J, Edmonton, AB, Canada",1,CA$25.29,Credit Card
PN-02196,2026-08-07,17:43:19,2026-08-14,12:28:03,Delivered to Customer,Harper Collins,"T5C, Edmonton, AB, Canada",1,CA$43.35,Debit
PN-02197,2026-08-07,17:59:04,2026-08-07,23:54:17,Delivered to Customer,Dang Chi,"T6J, Edmonton, AB, Canada",1,CA$26.31,Credit Card
PN-02198,2026-08-07,18:17:59,2026-08-14,17:29:41,Delivered to Customer,Isabella Lewis,"T5L, Edmonton, AB, Canada",1,CA$35.45,Credit Card
PN-02199,2026-08-07,19:12:13,2026-08-12,12:06:05,Picked up at Shop,Phan Yen,"T5J, Edmonton, AB, Canada",3,CA$127.20,Credit Card
PN-02200,2026-08-07,20:05:35,2026-08-07,21:44:57,Delivered to Customer,Ho Anh,"T5J, Edmonton, AB, Canada",1,CA$34.99,E-transfer
PN-02201,2026-08-08,11:08:50,2026-08-15,16:29:03,Picked up at Shop,Do Nga,"T5L, Edmonton, AB, Canada",3,CA$99.71,Debit
PN-02202,2026-08-08,12:09:45,2026-08-09,09:10:57,Picked up at Shop,Noah Edwards,"T5X, Edmonton, AB, Canada",1,CA$23.79,Debit
PN-02203,2026-08-08,12:43:05,2026-08-11,09:07:36,Delivered to Customer,Vo Bao,"T5V, Edmonton, AB, Canada",1,CA$32.79,Credit Card
PN-02204,2026-08-08,14:08:46,2026-08-09,13:37:55,Delivered to Customer,Ho Binh,"T6G, Edmonton, AB, Canada",1,CA$22.57,Credit Card
PN-02205,2026-08-08,14:15:06,2026-08-13,20:55:29,Picked up at Shop,Hoang Trang,"T5L, Edmonton, AB, Canada",1,CA$58.74,Credit Card
PN-02206,2026-08-08,14:19:38,2026-08-10,17:28:29,Picked up at Shop,Phan Ngoc,"T5J, Edmonton, AB, Canada",3,CA$97.87,Credit Card
PN-02207,2026-08-08,15:03:22,2026-08-12,10:50:15,Delivered to Customer,Lucas Stewart,"T6T, Edmonton, AB, Canada",1,CA$41.14,Debit
PN-02208,2026-08-08,15:16:49,2026-08-13,13:44:30,Picked up at Shop,Mia Scott,"T5J, Edmonton, AB, Canada",2,CA$49.02,Debit
PN-02209,2026-08-08,17:03:37,2026-08-11,13:19:49,Delivered to Customer,Michael White,"T5S, Edmonton, AB, Canada",1,CA$31.91,Cash
PN-02210,2026-08-08,17:05:08,2026-08-13,08:08:45,Delivered to Customer,Ngo Phong,"T5A, Edmonton, AB, Canada",2,CA$47.49,E-transfer
PN-02211,2026-08-08,17:31:28,2026-08-11,17:57:00,Picked up at Shop,Noah Martin,"T5B, Edmonton, AB, Canada",1,CA$22.35,Credit Card
PN-02212,2026-08-08,17:36:48,2026-08-10,08:05:23,Delivered to Customer,Bui Quynh,"T6V, Edmonton, AB, Canada",1,CA$26.80,Debit
PN-02213,2026-08-08,17:52:00,2026-08-14,15:23:29,Delivered to Customer,Do Duy,"T6B, Edmonton, AB, Canada",1,CA$56.91,Credit Card
PN-02214,2026-08-08,17:56:23,2026-08-12,16:55:18,Picked up at Shop,Pham Phong,"T6J, Edmonton, AB, Canada",3,CA$75.95,Credit Card
PN-02215,2026-08-08,18:37:16,2026-08-12,17:40:35,Delivered to Customer,Dang Hanh,"T6E, Edmonton, AB, Canada",1,CA$22.97,Credit Card
PN-02216,2026-08-08,18:44:40,2026-08-14,20:17:48,Delivered to Customer,Harper Evans,"T5T, Edmonton, AB, Canada",1,CA$45.94,Credit Card
PN-02217,2026-08-08,19:41:03,2026-08-15,14:41:58,Picked up at Shop,Ryan Phillips,"T5Z, Edmonton, AB, Canada",1,CA$17.44,Credit Card
PN-02218,2026-08-08,21:15:51,2026-08-15,11:20:51,Delivered to Customer,Ava Bell,"T5K, Edmonton, AB, Canada",1,CA$41.06,Debit
PN-02219,2026-08-08,21:22:40,2026-08-11,20:52:56,Delivered to Customer,Phan Giang,"T5J, Edmonton, AB, Canada",1,CA$18.43,Credit Card
PN-02220,2026-08-08,21:23:39,2026-08-11,17:47:30,Delivered to Customer,Elizabeth Clark,"T5T, Edmonton, AB, Canada",2,CA$111.81,E-transfer
PN-02221,2026-08-09,09:47:38,2026-08-15,18:47:37,Delivered to Customer,Elizabeth Parker,"T6E, Edmonton, AB, Canada",1,CA$22.61,Cash
PN-02222,2026-08-09,12:48:50,2026-08-10,14:33:58,Delivered to Customer,Olivia Evans,"T6J, Edmonton, AB, Canada",1,CA$41.60,Credit Card
PN-02223,2026-08-09,12:58:16,2026-08-09,14:50:06,Delivered to Customer,Nguyen Minh,"T5X, Edmonton, AB, Canada",1,CA$22.01,Credit Card
PN-02224,2026-08-09,13:19:43,2026-08-09,16:44:15,Picked up at Shop,Ethan Murray,"T5B, Edmonton, AB, Canada",4,CA$171.77,Debit
PN-02225,2026-08-09,13:41:12,2026-08-10,15:25:56,Delivered to Customer,David Baker,"T6G, Edmonton, AB, Canada",1,CA$32.37,Credit Card
PN-02226,2026-08-09,13:42:04,2026-08-16,13:32:56,Delivered to Customer,Tran Giang,"T6E, Edmonton, AB, Canada",1,CA$23.54,Credit Card
PN-02227,2026-08-09,14:50:31,2026-08-16,15:15:45,Picked up at Shop,Ava Carter,"T5M, Edmonton, AB, Canada",1,CA$35.06,Debit
PN-02228,2026-08-09,15:08:20,2026-08-13,18:29:20,Picked up at Shop,Henry Murphy,"T5V, Edmonton, AB, Canada",1,CA$23.38,Credit Card
PN-02229,2026-08-09,15:24:29,2026-08-16,10:52:38,Picked up at Shop,Henry Evans,"T5C, Edmonton, AB, Canada",1,CA$25.75,Credit Card
PN-02230,2026-08-09,16:31:14,2026-08-12,15:38:17,Picked up at Shop,Abigail Smith,"T6A, Edmonton, AB, Canada",2,CA$46.33,Credit Card
PN-02231,2026-08-09,17:01:48,2026-08-15,14:33:22,Picked up at Shop,David Evans,"T5B, Edmonton, AB, Canada",1,CA$31.27,Credit Card
PN-02232,2026-08-09,17:41:49,2026-08-16,08:58:58,Delivered to Customer,Abigail Wilson,"T6B, Edmonton, AB, Canada",1,CA$17.75,Credit Card
PN-02233,2026-08-09,17:45:18,2026-08-11,09:18:58,Delivered to Customer,Hoang Hai,"T6J, Edmonton, AB, Canada",1,CA$35.90,Debit
PN-02234,2026-08-09,18:08:25,2026-08-12,19:20:25,Delivered to Customer,Vo Van,"T5E, Edmonton, AB, Canada",1,CA$33.54,Credit Card
PN-02235,2026-08-09,20:11:43,2026-08-16,13:43:59,Delivered to Customer,Owen King,"T5E, Edmonton, AB, Canada",2,CA$66.50,Debit
PN-02236,2026-08-10,08:09:44,2026-08-12,10:21:04,Delivered to Customer,Ethan Baker,"T5B, Edmonton, AB, Canada",2,CA$82.31,Debit
PN-02237,2026-08-10,10:08:59,2026-08-15,15:54:30,Delivered to Customer,Lucas Green,"T5L, Edmonton, AB, Canada",2,CA$109.97,Credit Card
PN-02238,2026-08-10,10:18:42,2026-08-16,08:31:16,Picked up at Shop,Victoria Taylor,"T6G, Edmonton, AB, Canada",2,CA$64.04,Credit Card
PN-02239,2026-08-10,10:28:57,2026-08-10,11:33:14,Delivered to Customer,Matthew Wilson,"T6S, Edmonton, AB, Canada",1,CA$26.44,Credit Card
PN-02240,2026-08-10,11:35:27,2026-08-15,15:21:04,Picked up at Shop,Ly Hanh,"T5V, Edmonton, AB, Canada",1,CA$32.50,Credit Card
PN-02241,2026-08-10,11:40:19,2026-08-16,19:47:10,Delivered to Customer,Do Ngoc,"T5J, Edmonton, AB, Canada",2,CA$51.31,Credit Card
PN-02242,2026-08-10,11:59:47,2026-08-17,12:09:33,Delivered to Customer,Emily Walker,"T5R, Edmonton, AB, Canada",2,CA$34.61,E-transfer
PN-02243,2026-08-10,12:15:05,2026-08-11,14:30:05,Picked up at Shop,Noah Wright,"T5K, Edmonton, AB, Canada",2,CA$83.39,Credit Card
PN-02244,2026-08-10,14:00:52,2026-08-15,14:41:19,Delivered to Customer,Jack Taylor,"T5R, Edmonton, AB, Canada",1,CA$35.51,Credit Card
PN-02245,2026-08-10,14:51:50,2026-08-17,15:58:35,Delivered to Customer,Ava Brown,"T5M, Edmonton, AB, Canada",3,CA$99.86,E-transfer
PN-02246,2026-08-10,15:11:41,2026-08-17,20:29:15,Picked up at Shop,Duong Hanh,"T5T, Edmonton, AB, Canada",1,CA$27.31,Credit Card
PN-02247,2026-08-10,15:21:22,2026-08-11,12:39:21,Picked up at Shop,Charlotte Carter,"T6A, Edmonton, AB, Canada",2,CA$34.30,Credit Card
PN-02248,2026-08-10,15:23:00,2026-08-13,11:15:52,Delivered to Customer,Isabella Walker,"T5V, Edmonton, AB, Canada",1,CA$53.49,Credit Card
PN-02249,2026-08-10,15:45:20,2026-08-11,12:19:41,Delivered to Customer,Nguyen Phong,"T5J, Edmonton, AB, Canada",1,CA$16.83,Cash
PN-02250,2026-08-10,15:47:20,2026-08-10,19:17:53,Delivered to Customer,Abigail Thompson,"T5Y, Edmonton, AB, Canada",1,CA$42.87,Credit Card
PN-02251,2026-08-10,16:02:29,2026-08-16,18:15:47,Picked up at Shop,Owen Stewart,"T6E, Edmonton, AB, Canada",1,CA$24.62,Credit Card
PN-02252,2026-08-10,17:23:26,2026-08-17,13:58:10,Delivered to Customer,Mia King,"T5Y, Edmonton, AB, Canada",2,CA$49.72,Credit Card
PN-02253,2026-08-10,19:22:04,2026-08-11,16:34:16,Delivered to Customer,Zoey Wilson,"T5M, Edmonton, AB, Canada",3,CA$99.72,Credit Card
PN-02254,2026-08-10,20:45:13,2026-08-15,18:05:24,Picked up at Shop,Le Xuan,"T6E, Edmonton, AB, Canada",2,CA$52.00,E-transfer
PN-02255,2026-08-10,22:25:06,2026-08-16,14:15:52,Delivered to Customer,Le Duy,"T6G, Edmonton, AB, Canada",2,CA$113.27,Debit
PN-02256,2026-08-11,08:07:19,2026-08-17,17:31:34,Delivered to Customer,Nguyen Giang,"T5G, Edmonton, AB, Canada",1,CA$34.12,Cash
PN-02257,2026-08-11,09:43:34,2026-08-12,16:28:02,Picked up at Shop,Amelia Collins,"T5E, Edmonton, AB, Canada",2,CA$113.42,Cash
PN-02258,2026-08-11,10:15:11,2026-08-11,11:17:46,Picked up at Shop,Le Phong,"T5E, Edmonton, AB, Canada",2,CA$84.97,Credit Card
PN-02259,2026-08-11,10:24:27,2026-08-17,12:02:43,Delivered to Customer,Amelia Campbell,"T5J, Edmonton, AB, Canada",1,CA$34.81,Cash
PN-02260,2026-08-11,10:44:23,2026-08-17,16:20:53,Delivered to Customer,Huynh Thanh,"T5W, Edmonton, AB, Canada",1,CA$22.75,Debit
PN-02261,2026-08-11,11:50:47,2026-08-17,12:31:43,Picked up at Shop,Le Cuong,"T5S, Edmonton, AB, Canada",1,CA$43.13,Credit Card
PN-02262,2026-08-11,12:30:03,2026-08-16,12:44:20,Delivered to Customer,Sofia Wilson,"T6K, Edmonton, AB, Canada",1,CA$58.35,E-transfer
PN-02263,2026-08-11,12:39:45,2026-08-14,17:26:59,Picked up at Shop,Sofia Smith,"T6J, Edmonton, AB, Canada",3,CA$74.17,Credit Card
PN-02264,2026-08-11,12:40:55,2026-08-12,15:26:12,Delivered to Customer,Do Giang,"T5G, Edmonton, AB, Canada",1,CA$30.40,Credit Card
PN-02265,2026-08-11,12:45:27,2026-08-13,19:41:45,Delivered to Customer,Daniel Evans,"T5M, Edmonton, AB, Canada",1,CA$33.43,E-transfer
PN-02266,2026-08-11,13:08:27,2026-08-17,14:27:59,Delivered to Customer,Ly Dung,"T6E, Edmonton, AB, Canada",1,CA$34.98,Credit Card
PN-02267,2026-08-11,13:20:49,2026-08-16,13:52:36,Picked up at Shop,Isabella Wright,"T5J, Edmonton, AB, Canada",1,CA$32.43,E-transfer
PN-02268,2026-08-11,14:05:38,2026-08-11,16:06:27,Delivered to Customer,Pham Hoa,"T5L, Edmonton, AB, Canada",1,CA$24.80,Debit
PN-02269,2026-08-11,14:29:21,2026-08-11,21:05:39,Picked up at Shop,Ho An,"T5B, Edmonton, AB, Canada",1,CA$24.48,Credit Card
PN-02270,2026-08-11,15:02:00,2026-08-18,16:31:29,Delivered to Customer,Evelyn Clark,"T5Z, Edmonton, AB, Canada",1,CA$40.01,Credit Card
PN-02271,2026-08-11,15:38:32,2026-08-11,23:16:15,Picked up at Shop,Huynh Quan,"T5K, Edmonton, AB, Canada",1,CA$20.60,Credit Card
PN-02272,2026-08-11,16:28:18,2026-08-18,20:19:55,Picked up at Shop,Abigail White,"T5S, Edmonton, AB, Canada",1,CA$24.48,Credit Card
PN-02273,2026-08-11,17:46:55,2026-08-13,17:34:00,Picked up at Shop,Samuel Roberts,"T5G, Edmonton, AB, Canada",4,CA$221.97,Debit
PN-02274,2026-08-11,18:26:18,2026-08-14,14:58:41,Picked up at Shop,Sophia Martin,"T5R, Edmonton, AB, Canada",1,CA$42.80,Cash
PN-02275,2026-08-11,19:04:19,2026-08-11,20:58:31,Picked up at Shop,Sebastian King,"T5A, Edmonton, AB, Canada",2,CA$64.88,Credit Card
PN-02276,2026-08-12,10:28:02,2026-08-15,19:20:37,Delivered to Customer,Phan Thao,"T6W, Edmonton, AB, Canada",1,CA$17.04,Debit
PN-02277,2026-08-12,11:19:49,2026-08-16,20:01:53,Delivered to Customer,Emily Walker,"T5R, Edmonton, AB, Canada",1,CA$26.26,Debit
PN-02278,2026-08-12,11:48:00,2026-08-14,16:44:21,Delivered to Customer,Samuel Roberts,"T5J, Edmonton, AB, Canada",2,CA$83.50,Credit Card
PN-02279,2026-08-12,12:05:22,2026-08-19,11:35:03,Delivered to Customer,Ho Bao,"T6G, Edmonton, AB, Canada",2,CA$66.77,Debit
PN-02280,2026-08-12,12:12:18,2026-08-17,17:32:15,Delivered to Customer,Emma Anderson,"T5T, Edmonton, AB, Canada",1,CA$32.98,Credit Card
PN-02281,2026-08-12,12:17:33,2026-08-13,19:15:25,Picked up at Shop,Emily Edwards,"T5B, Edmonton, AB, Canada",1,CA$35.97,E-transfer
PN-02282,2026-08-12,13:40:36,2026-08-18,18:20:42,Delivered to Customer,Liam White,"T5L, Edmonton, AB, Canada",1,CA$26.67,Credit Card
PN-02283,2026-08-12,13:46:54,2026-08-16,17:47:54,Delivered to Customer,Sofia Turner,"T5J, Edmonton, AB, Canada",3,CA$166.22,Credit Card
PN-02284,2026-08-12,14:44:55,2026-08-17,20:56:58,Delivered to Customer,William Phillips,"T5M, Edmonton, AB, Canada",2,CA$85.09,Credit Card
PN-02285,2026-08-12,14:54:16,2026-08-15,15:36:44,Picked up at Shop,Jackson Walker,"T5A, Edmonton, AB, Canada",1,CA$20.68,Credit Card
PN-02286,2026-08-12,15:11:20,2026-08-19,17:35:49,Delivered to Customer,Tran Thu,"T5E, Edmonton, AB, Canada",1,CA$53.81,Debit
PN-02287,2026-08-12,16:55:08,2026-08-12,18:57:12,Picked up at Shop,Ethan Martin,"T6S, Edmonton, AB, Canada",1,CA$43.47,Credit Card
PN-02288,2026-08-12,18:46:02,2026-08-19,15:27:14,Delivered to Customer,Charlotte Edwards,"T5K, Edmonton, AB, Canada",2,CA$67.92,Credit Card
PN-02289,2026-08-12,22:53:44,2026-08-18,10:06:37,Picked up at Shop,Ho Anh,"T5E, Edmonton, AB, Canada",1,CA$41.16,Credit Card
PN-02290,2026-08-12,22:54:59,2026-08-19,14:02:20,Delivered to Customer,Charlotte Wright,"T5J, Edmonton, AB, Canada",1,CA$33.54,Cash
PN-02291,2026-08-13,08:27:57,2026-08-18,14:35:41,Delivered to Customer,Alexander Taylor,"T5Z, Edmonton, AB, Canada",1,CA$33.20,Credit Card
PN-02292,2026-08-13,10:21:42,2026-08-15,18:21:13,Picked up at Shop,Huynh Mai,"T6H, Edmonton, AB, Canada",1,CA$27.91,Cash
PN-02293,2026-08-13,11:50:51,2026-08-13,12:26:32,Delivered to Customer,Daniel Smith,"T6K, Edmonton, AB, Canada",2,CA$50.99,Debit
PN-02294,2026-08-13,12:58:37,2026-08-20,14:01:04,Picked up at Shop,Olivia Edwards,"T5K, Edmonton, AB, Canada",1,CA$24.35,E-transfer
PN-02295,2026-08-13,13:02:37,2026-08-16,13:40:19,Picked up at Shop,Ho Vy,"T5K, Edmonton, AB, Canada",1,CA$56.33,Credit Card
PN-02296,2026-08-13,13:03:18,2026-08-16,17:36:24,Delivered to Customer,Benjamin Martin,"T5K, Edmonton, AB, Canada",1,CA$27.60,Debit
PN-02297,2026-08-13,13:35:30,2026-08-17,17:41:50,Picked up at Shop,Ava Martin,"T5J, Edmonton, AB, Canada",3,CA$95.18,Credit Card
PN-02298,2026-08-13,13:39:47,2026-08-17,14:18:10,Picked up at Shop,Huynh Anh,"T5L, Edmonton, AB, Canada",1,CA$43.54,Debit
PN-02299,2026-08-13,14:21:50,2026-08-16,14:48:49,Delivered to Customer,Avery Parker,"T6X, Edmonton, AB, Canada",1,CA$27.96,Credit Card
PN-02300,2026-08-13,14:27:41,2026-08-15,16:20:57,Picked up at Shop,Phan Nam,"T5J, Edmonton, AB, Canada",1,CA$35.84,Debit
PN-02301,2026-08-13,14:50:00,2026-08-20,10:18:18,Picked up at Shop,Liam Bell,"T6G, Edmonton, AB, Canada",1,CA$26.14,Debit
PN-02302,2026-08-13,14:58:21,2026-08-16,09:52:28,Picked up at Shop,Ho Van,"T5G, Edmonton, AB, Canada",2,CA$64.09,Credit Card
PN-02303,2026-08-13,15:35:59,2026-08-14,09:35:20,Delivered to Customer,Pham Giang,"T6C, Edmonton, AB, Canada",1,CA$18.63,Credit Card
PN-02304,2026-08-13,15:56:44,2026-08-20,09:45:50,Picked up at Shop,Ethan White,"T5Z, Edmonton, AB, Canada",2,CA$34.94,E-transfer
PN-02305,2026-08-13,16:12:12,2026-08-20,14:20:51,Delivered to Customer,Huynh Van,"T5S, Edmonton, AB, Canada",1,CA$24.27,Credit Card
PN-02306,2026-08-13,16:33:49,2026-08-20,19:10:17,Picked up at Shop,Lucas Evans,"T5T, Edmonton, AB, Canada",2,CA$63.14,Credit Card
PN-02307,2026-08-13,16:38:20,2026-08-19,19:30:16,Picked up at Shop,Dang Anh,"T5K, Edmonton, AB, Canada",1,CA$24.66,Credit Card
PN-02308,2026-08-13,17:39:47,2026-08-17,10:33:34,Delivered to Customer,Isabella Parker,"T5R, Edmonton, AB, Canada",3,CA$94.29,Credit Card
PN-02309,2026-08-13,18:00:07,2026-08-18,08:06:48,Picked up at Shop,Abigail Collins,"T5E, Edmonton, AB, Canada",1,CA$27.19,Credit Card
PN-02310,2026-08-13,18:14:14,2026-08-20,09:31:02,Picked up at Shop,Ngo Trung,"T5J, Edmonton, AB, Canada",1,CA$26.41,E-transfer
PN-02311,2026-08-13,18:45:28,2026-08-16,17:16:27,Delivered to Customer,Ly Anh,"T5G, Edmonton, AB, Canada",1,CA$25.75,Cash
PN-02312,2026-08-13,18:57:02,2026-08-18,10:54:13,Picked up at Shop,Alexander Campbell,"T5N, Edmonton, AB, Canada",3,CA$56.62,Credit Card
PN-02313,2026-08-14,09:02:52,2026-08-19,18:04:20,Picked up at Shop,Ella Bell,"T6S, Edmonton, AB, Canada",1,CA$25.21,Credit Card
PN-02314,2026-08-14,09:47:46,2026-08-17,17:43:47,Picked up at Shop,Le Hanh,"T6G, Edmonton, AB, Canada",1,CA$34.64,Debit
PN-02315,2026-08-14,10:41:40,2026-08-20,08:37:59,Delivered to Customer,Ella Parker,"T5W, Edmonton, AB, Canada",1,CA$41.29,Credit Card
PN-02316,2026-08-14,11:16:03,2026-08-17,13:17:30,Delivered to Customer,Lucas Parker,"T5H, Edmonton, AB, Canada",1,CA$45.51,Cash
PN-02317,2026-08-14,12:36:23,2026-08-16,11:11:46,Delivered to Customer,Huynh Tuan,"T6G, Edmonton, AB, Canada",2,CA$39.63,E-transfer
PN-02318,2026-08-14,13:55:43,2026-08-20,15:37:16,Picked up at Shop,Do Hai,"T6J, Edmonton, AB, Canada",1,CA$43.68,Credit Card
PN-02319,2026-08-14,14:19:43,2026-08-17,16:05:16,Picked up at Shop,Vu Cuong,"T5A, Edmonton, AB, Canada",1,CA$53.95,Credit Card
PN-02320,2026-08-14,14:33:20,2026-08-21,16:55:39,Delivered to Customer,Samuel Murray,"T6T, Edmonton, AB, Canada",1,CA$20.97,Credit Card
PN-02321,2026-08-14,14:59:56,2026-08-20,19:41:08,Delivered to Customer,Do Dung,"T5H, Edmonton, AB, Canada",1,CA$35.44,Credit Card
PN-02322,2026-08-14,15:44:07,2026-08-18,16:28:24,Delivered to Customer,Chloe Lewis,"T5K, Edmonton, AB, Canada",1,CA$43.27,Credit Card
PN-02323,2026-08-14,16:14:09,2026-08-18,13:25:29,Picked up at Shop,Sebastian Young,"T5J, Edmonton, AB, Canada",1,CA$19.32,Credit Card
PN-02324,2026-08-14,16:35:13,2026-08-15,08:57:09,Delivered to Customer,Phan Huong,"T5T, Edmonton, AB, Canada",1,CA$41.70,E-transfer
PN-02325,2026-08-14,16:47:04,2026-08-21,15:18:36,Delivered to Customer,Vu Yen,"T6K, Edmonton, AB, Canada",2,CA$86.08,Credit Card
PN-02326,2026-08-14,17:35:34,2026-08-15,20:06:24,Delivered to Customer,Jack Lewis,"T6W, Edmonton, AB, Canada",4,CA$128.18,Credit Card
PN-02327,2026-08-14,19:57:32,2026-08-15,17:18:48,Delivered to Customer,Owen Evans,"T6G, Edmonton, AB, Canada",3,CA$74.58,Credit Card
PN-02328,2026-08-15,08:02:11,2026-08-15,17:20:50,Delivered to Customer,Olivia Evans,"T5X, Edmonton, AB, Canada",2,CA$86.44,Cash
PN-02329,2026-08-15,08:22:34,2026-08-17,19:18:26,Delivered to Customer,Avery Scott,"T5N, Edmonton, AB, Canada",1,CA$33.81,Credit Card
PN-02330,2026-08-15,09:39:14,2026-08-21,09:57:52,Delivered to Customer,Le Binh,"T5B, Edmonton, AB, Canada",1,CA$31.73,E-transfer
PN-02331,2026-08-15,10:50:21,2026-08-18,15:04:27,Delivered to Customer,Michael Harris,"T6N, Edmonton, AB, Canada",2,CA$64.08,Cash
PN-02332,2026-08-15,11:01:31,2026-08-15,19:24:58,Delivered to Customer,Nguyen Phong,"T5Z, Edmonton, AB, Canada",1,CA$23.01,Debit
PN-02333,2026-08-15,11:03:25,2026-08-15,17:21:25,Picked up at Shop,Jack Collins,"T5C, Edmonton, AB, Canada",1,CA$27.58,Debit
PN-02334,2026-08-15,12:11:34,2026-08-16,12:31:48,Delivered to Customer,Abigail Carter,"T6E, Edmonton, AB, Canada",2,CA$51.51,E-transfer
PN-02335,2026-08-15,12:15:37,2026-08-17,12:11:10,Delivered to Customer,Grace Anderson,"T6J, Edmonton, AB, Canada",1,CA$19.52,E-transfer
PN-02336,2026-08-15,14:01:11,2026-08-20,20:08:07,Picked up at Shop,Ethan Smith,"T6G, Edmonton, AB, Canada",2,CA$48.58,Credit Card
PN-02337,2026-08-15,15:52:16,2026-08-15,23:37:03,Delivered to Customer,Vu Minh,"T6E, Edmonton, AB, Canada",3,CA$57.32,Credit Card
PN-02338,2026-08-15,18:02:15,2026-08-15,20:17:11,Picked up at Shop,Mia Phillips,"T5J, Edmonton, AB, Canada",2,CA$65.60,Cash
PN-02339,2026-08-15,18:39:03,2026-08-18,10:18:18,Delivered to Customer,Amelia Morrison,"T5P, Edmonton, AB, Canada",1,CA$25.50,Credit Card
PN-02340,2026-08-15,18:46:50,2026-08-20,12:47:33,Delivered to Customer,Nguyen Thu,"T5B, Edmonton, AB, Canada",1,CA$19.34,Debit
PN-02341,2026-08-15,19:51:41,2026-08-17,13:20:51,Delivered to Customer,Michael Cook,"T6K, Edmonton, AB, Canada",1,CA$22.17,Credit Card
PN-02342,2026-08-16,08:28:20,2026-08-18,13:58:13,Delivered to Customer,Tran Dung,"T5E, Edmonton, AB, Canada",1,CA$34.15,Debit
PN-02343,2026-08-16,09:24:36,2026-08-17,10:16:54,Picked up at Shop,Vo Cuong,"T5A, Edmonton, AB, Canada",1,CA$31.66,E-transfer
PN-02344,2026-08-16,10:09:27,2026-08-22,15:21:43,Picked up at Shop,Ella Baker,"T6A, Edmonton, AB, Canada",1,CA$27.67,Credit Card
PN-02345,2026-08-16,10:10:32,2026-08-19,10:49:18,Picked up at Shop,Harper Martin,"T6G, Edmonton, AB, Canada",1,CA$31.16,Credit Card
PN-02346,2026-08-16,10:31:56,2026-08-19,18:32:40,Delivered to Customer,Isabella Murray,"T5S, Edmonton, AB, Canada",1,CA$23.84,Debit
PN-02347,2026-08-16,11:33:47,2026-08-21,14:25:38,Picked up at Shop,Duong Duy,"T6G, Edmonton, AB, Canada",3,CA$71.74,Debit
PN-02348,2026-08-16,11:35:22,2026-08-16,15:32:26,Picked up at Shop,Phan Huong,"T5E, Edmonton, AB, Canada",1,CA$23.57,Debit
PN-02349,2026-08-16,11:46:58,2026-08-17,14:15:21,Delivered to Customer,Michael Clark,"T5N, Edmonton, AB, Canada",2,CA$66.54,Credit Card
PN-02350,2026-08-16,12:11:26,2026-08-19,20:22:15,Delivered to Customer,Ho Chi,"T5H, Edmonton, AB, Canada",1,CA$23.09,Cash
PN-02351,2026-08-16,12:25:52,2026-08-23,12:56:15,Delivered to Customer,William Wilson,"T6E, Edmonton, AB, Canada",2,CA$66.32,Credit Card
PN-02352,2026-08-16,12:30:51,2026-08-21,13:43:55,Picked up at Shop,Olivia Green,"T5Z, Edmonton, AB, Canada",3,CA$57.90,Credit Card
PN-02353,2026-08-16,12:31:33,2026-08-17,18:38:19,Delivered to Customer,Matthew Morrison,"T6S, Edmonton, AB, Canada",1,CA$26.68,Credit Card
PN-02354,2026-08-16,13:37:10,2026-08-19,14:21:30,Delivered to Customer,Chloe Martin,"T6R, Edmonton, AB, Canada",1,CA$41.76,Credit Card
PN-02355,2026-08-16,13:38:25,2026-08-23,11:56:20,Delivered to Customer,Henry Brown,"T5E, Edmonton, AB, Canada",2,CA$46.62,Debit
PN-02356,2026-08-16,14:24:20,2026-08-23,11:43:46,Delivered to Customer,Samuel Martin,"T5A, Edmonton, AB, Canada",1,CA$24.46,Credit Card
PN-02357,2026-08-16,14:49:13,2026-08-17,09:07:02,Delivered to Customer,Avery Parker,"T5C, Edmonton, AB, Canada",3,CA$165.31,Cash
PN-02358,2026-08-16,16:43:46,2026-08-18,13:09:53,Picked up at Shop,Mia Murphy,"T5Z, Edmonton, AB, Canada",1,CA$43.05,E-transfer
PN-02359,2026-08-16,16:45:58,2026-08-18,14:16:36,Picked up at Shop,David Turner,"T5J, Edmonton, AB, Canada",1,CA$20.17,Debit
PN-02360,2026-08-16,17:14:01,2026-08-21,16:45:14,Delivered to Customer,Henry Stewart,"T6N, Edmonton, AB, Canada",1,CA$32.21,Credit Card
PN-02361,2026-08-16,17:44:43,2026-08-23,12:01:31,Picked up at Shop,David Scott,"T6E, Edmonton, AB, Canada",2,CA$83.63,Credit Card
PN-02362,2026-08-16,18:14:44,2026-08-16,18:47:01,Picked up at Shop,Duong Duy,"T5B, Edmonton, AB, Canada",1,CA$45.97,Credit Card
PN-02363,2026-08-16,18:23:29,2026-08-22,12:28:49,Picked up at Shop,Samuel Parker,"T5H, Edmonton, AB, Canada",1,CA$43.02,E-transfer
PN-02364,2026-08-16,19:43:39,2026-08-20,20:09:29,Picked up at Shop,Harper Murphy,"T5M, Edmonton, AB, Canada",2,CA$39.18,Credit Card
PN-02365,2026-08-16,19:44:15,2026-08-23,12:26:40,Picked up at Shop,Vo Nga,"T5X, Edmonton, AB, Canada",1,CA$55.77,Debit
PN-02366,2026-08-17,09:11:49,2026-08-20,08:42:30,Picked up at Shop,Abigail Walker,"T6W, Edmonton, AB, Canada",2,CA$37.89,Debit
PN-02367,2026-08-17,09:46:36,2026-08-23,13:07:35,Delivered to Customer,Emma Martin,"T5E, Edmonton, AB, Canada",3,CA$95.54,E-transfer
PN-02368,2026-08-17,12:24:05,2026-08-19,10:22:24,Picked up at Shop,Dang Lan,"T5K, Edmonton, AB, Canada",1,CA$35.08,Credit Card
PN-02369,2026-08-17,13:01:54,2026-08-19,08:28:07,Picked up at Shop,Victoria Stewart,"T6G, Edmonton, AB, Canada",1,CA$41.95,Credit Card
PN-02370,2026-08-17,13:14:46,2026-08-21,16:11:44,Delivered to Customer,Zoey Johnson,"T5V, Edmonton, AB, Canada",1,CA$30.60,E-transfer
PN-02371,2026-08-17,14:24:30,2026-08-23,12:55:10,Picked up at Shop,Benjamin Carter,"T5T, Edmonton, AB, Canada",3,CA$75.90,Credit Card
PN-02372,2026-08-17,14:24:36,2026-08-18,14:20:32,Delivered to Customer,Ella White,"T6J, Edmonton, AB, Canada",1,CA$26.84,E-transfer
PN-02373,2026-08-17,14:27:00,2026-08-19,15:13:27,Picked up at Shop,Sophia Mitchell,"T5W, Edmonton, AB, Canada",2,CA$38.88,Credit Card
PN-02374,2026-08-17,14:41:16,2026-08-18,14:15:16,Delivered to Customer,Ella King,"T6G, Edmonton, AB, Canada",1,CA$44.03,Cash
PN-02375,2026-08-17,15:40:43,2026-08-23,11:20:18,Picked up at Shop,Huynh Hai,"T6G, Edmonton, AB, Canada",4,CA$75.17,E-transfer
PN-02376,2026-08-17,15:41:56,2026-08-21,16:14:21,Delivered to Customer,Ngo Giang,"T5C, Edmonton, AB, Canada",1,CA$27.34,Credit Card
PN-02377,2026-08-17,15:48:10,2026-08-17,18:50:00,Delivered to Customer,Vu Hanh,"T6A, Edmonton, AB, Canada",1,CA$35.61,Debit
PN-02378,2026-08-17,16:52:14,2026-08-23,13:23:08,Delivered to Customer,Nguyen Nga,"T5J, Edmonton, AB, Canada",2,CA$67.89,Credit Card
PN-02379,2026-08-17,17:41:48,2026-08-19,17:39:23,Delivered to Customer,Ryan Green,"T5T, Edmonton, AB, Canada",1,CA$27.57,Debit
PN-02380,2026-08-17,17:48:58,2026-08-23,09:20:35,Delivered to Customer,Ho Van,"T5T, Edmonton, AB, Canada",1,CA$23.12,Debit
PN-02381,2026-08-17,18:22:59,2026-08-18,08:23:05,Delivered to Customer,Samuel Edwards,"T5V, Edmonton, AB, Canada",1,CA$41.20,E-transfer
PN-02382,2026-08-17,19:50:21,2026-08-21,12:53:11,Delivered to Customer,Vo Bao,"T5H, Edmonton, AB, Canada",1,CA$21.96,Credit Card
PN-02383,2026-08-17,20:52:58,2026-08-19,13:07:12,Picked up at Shop,William Turner,"T6E, Edmonton, AB, Canada",1,CA$27.63,Cash
PN-02384,2026-08-17,22:20:36,2026-08-23,14:51:09,Delivered to Customer,Harper Edwards,"T5J, Edmonton, AB, Canada",1,CA$21.94,Credit Card
PN-02385,2026-08-18,08:55:08,2026-08-19,11:10:37,Picked up at Shop,Vo Chi,"T6A, Edmonton, AB, Canada",1,CA$43.95,Credit Card
PN-02386,2026-08-18,09:13:58,2026-08-22,08:55:41,Picked up at Shop,James White,"T6N, Edmonton, AB, Canada",1,CA$35.56,Credit Card
PN-02387,2026-08-18,10:21:41,2026-08-18,19:50:59,Picked up at Shop,Nguyen Bao,"T6K, Edmonton, AB, Canada",3,CA$97.28,Credit Card
PN-02388,2026-08-18,11:14:57,2026-08-21,12:13:18,Picked up at Shop,Tran Viet,"T6H, Edmonton, AB, Canada",1,CA$30.29,Credit Card
PN-02389,2026-08-18,12:01:59,2026-08-21,11:46:52,Picked up at Shop,Samuel Brown,"T5P, Edmonton, AB, Canada",3,CA$130.00,Credit Card
PN-02390,2026-08-18,12:23:59,2026-08-24,18:36:19,Delivered to Customer,Ava Clark,"T6P, Edmonton, AB, Canada",3,CA$168.78,E-transfer
PN-02391,2026-08-18,12:28:28,2026-08-22,15:45:43,Picked up at Shop,Phan Huong,"T6A, Edmonton, AB, Canada",1,CA$41.60,Credit Card
PN-02392,2026-08-18,13:08:33,2026-08-22,15:37:57,Picked up at Shop,Le Quynh,"T5A, Edmonton, AB, Canada",2,CA$35.47,Credit Card
PN-02393,2026-08-18,14:36:45,2026-08-22,14:43:22,Delivered to Customer,James Parker,"T5A, Edmonton, AB, Canada",1,CA$43.07,Credit Card
PN-02394,2026-08-18,14:41:32,2026-08-18,19:53:17,Picked up at Shop,Noah Campbell,"T6E, Edmonton, AB, Canada",1,CA$32.38,Debit
PN-02395,2026-08-18,15:38:09,2026-08-24,11:17:22,Delivered to Customer,Victoria Mitchell,"T5K, Edmonton, AB, Canada",3,CA$129.08,Credit Card
PN-02396,2026-08-18,17:55:16,2026-08-20,20:35:58,Delivered to Customer,Huynh Kim,"T6G, Edmonton, AB, Canada",1,CA$42.18,E-transfer
PN-02397,2026-08-18,18:00:48,2026-08-23,14:31:16,Delivered to Customer,Grace Smith,"T5V, Edmonton, AB, Canada",2,CA$47.47,E-transfer
PN-02398,2026-08-18,18:04:02,2026-08-18,22:46:59,Delivered to Customer,Vo Ngoc,"T5S, Edmonton, AB, Canada",1,CA$33.39,E-transfer
PN-02399,2026-08-18,19:48:00,2026-08-19,13:39:24,Delivered to Customer,Lucas Phillips,"T5R, Edmonton, AB, Canada",1,CA$45.71,Credit Card
PN-02400,2026-08-19,08:28:51,2026-08-21,14:08:15,Delivered to Customer,Huynh Quan,"T6J, Edmonton, AB, Canada",3,CA$53.24,Debit
PN-02401,2026-08-19,08:36:42,2026-08-24,19:30:53,Delivered to Customer,Olivia Clark,"T6N, Edmonton, AB, Canada",2,CA$87.07,E-transfer
PN-02402,2026-08-19,08:48:22,2026-08-19,10:24:25,Picked up at Shop,Liam Parker,"T6G, Edmonton, AB, Canada",1,CA$40.11,Cash
PN-02403,2026-08-19,13:01:48,2026-08-23,13:17:29,Delivered to Customer,Henry Green,"T6G, Edmonton, AB, Canada",3,CA$98.18,Debit
PN-02404,2026-08-19,13:25:23,2026-08-19,17:22:22,Delivered to Customer,Pham Thu,"T5B, Edmonton, AB, Canada",1,CA$24.81,Debit
PN-02405,2026-08-19,14:19:31,2026-08-19,22:03:15,Delivered to Customer,Harper Morrison,"T5E, Edmonton, AB, Canada",1,CA$44.27,Credit Card
PN-02406,2026-08-19,14:53:53,2026-08-19,17:35:09,Delivered to Customer,Vo Van,"T5Y, Edmonton, AB, Canada",2,CA$46.11,Credit Card
PN-02407,2026-08-19,15:16:16,2026-08-26,10:39:48,Delivered to Customer,Dang Ngoc,"T6G, Edmonton, AB, Canada",1,CA$25.70,Credit Card
PN-02408,2026-08-19,15:41:02,2026-08-21,15:23:56,Picked up at Shop,Lucas Stewart,"T5C, Edmonton, AB, Canada",1,CA$30.29,E-transfer
PN-02409,2026-08-19,15:56:48,2026-08-24,15:59:18,Delivered to Customer,Olivia King,"T5W, Edmonton, AB, Canada",1,CA$26.96,Debit
PN-02410,2026-08-19,16:16:29,2026-08-26,15:34:53,Delivered to Customer,Nguyen Linh,"T5C, Edmonton, AB, Canada",3,CA$99.31,Cash
PN-02411,2026-08-19,17:01:12,2026-08-22,11:38:19,Delivered to Customer,Elizabeth Wright,"T5S, Edmonton, AB, Canada",1,CA$22.78,Debit
PN-02412,2026-08-19,18:49:08,2026-08-21,17:59:20,Delivered to Customer,Ngo Quan,"T5M, Edmonton, AB, Canada",1,CA$42.67,Credit Card
PN-02413,2026-08-19,20:25:29,2026-08-20,08:33:50,Delivered to Customer,William King,"T6L, Edmonton, AB, Canada",1,CA$34.68,Credit Card
PN-02414,2026-08-19,20:52:49,2026-08-21,13:45:04,Delivered to Customer,Avery Lewis,"T5K, Edmonton, AB, Canada",1,CA$53.31,Debit
PN-02415,2026-08-19,21:22:59,2026-08-26,15:27:08,Delivered to Customer,Ho Cuong,"T5T, Edmonton, AB, Canada",3,CA$168.27,Debit
PN-02416,2026-08-19,22:06:09,2026-08-20,18:45:30,Delivered to Customer,Isabella Johnson,"T5J, Edmonton, AB, Canada",2,CA$38.73,Credit Card
PN-02417,2026-08-20,08:57:05,2026-08-24,17:42:26,Delivered to Customer,Abigail Wilson,"T5T, Edmonton, AB, Canada",1,CA$23.52,Debit
PN-02418,2026-08-20,09:01:36,2026-08-20,19:18:48,Picked up at Shop,Emma Cook,"T5J, Edmonton, AB, Canada",2,CA$64.12,Debit
PN-02419,2026-08-20,11:39:40,2026-08-22,20:17:10,Picked up at Shop,Evelyn Turner,"T5B, Edmonton, AB, Canada",2,CA$35.78,Credit Card
PN-02420,2026-08-20,12:12:32,2026-08-20,18:29:44,Delivered to Customer,Duong Ngoc,"T5Y, Edmonton, AB, Canada",1,CA$35.19,Credit Card
PN-02421,2026-08-20,12:15:15,2026-08-23,10:29:23,Picked up at Shop,Ryan Edwards,"T5K, Edmonton, AB, Canada",3,CA$124.78,Cash
PN-02422,2026-08-20,12:32:10,2026-08-25,20:34:54,Delivered to Customer,Le An,"T5T, Edmonton, AB, Canada",1,CA$22.55,Credit Card
PN-02423,2026-08-20,13:35:41,2026-08-27,20:40:11,Picked up at Shop,Ngo Hoa,"T6S, Edmonton, AB, Canada",4,CA$128.89,Credit Card
PN-02424,2026-08-20,13:55:01,2026-08-26,17:25:56,Picked up at Shop,Ryan Green,"T5E, Edmonton, AB, Canada",2,CA$86.50,Credit Card
PN-02425,2026-08-20,14:19:46,2026-08-22,13:24:27,Delivered to Customer,Noah Young,"T6G, Edmonton, AB, Canada",2,CA$51.93,E-transfer
PN-02426,2026-08-20,14:26:41,2026-08-25,16:45:09,Picked up at Shop,Duong Hanh,"T5E, Edmonton, AB, Canada",1,CA$21.82,Cash
PN-02427,2026-08-20,14:40:48,2026-08-20,23:46:05,Delivered to Customer,Zoey Campbell,"T6C, Edmonton, AB, Canada",2,CA$50.36,Cash
PN-02428,2026-08-20,14:46:42,2026-08-21,15:16:39,Picked up at Shop,Henry Turner,"T5S, Edmonton, AB, Canada",1,CA$42.37,E-transfer
PN-02429,2026-08-20,15:46:24,2026-08-27,17:21:25,Picked up at Shop,Tran Xuan,"T5T, Edmonton, AB, Canada",1,CA$42.36,E-transfer
PN-02430,2026-08-20,16:06:11,2026-08-23,15:25:12,Delivered to Customer,James Taylor,"T6J, Edmonton, AB, Canada",1,CA$24.67,Credit Card
PN-02431,2026-08-20,16:20:01,2026-08-20,19:04:07,Picked up at Shop,William Young,"T5Y, Edmonton, AB, Canada",1,CA$44.52,E-transfer
PN-02432,2026-08-20,17:03:31,2026-08-27,14:47:40,Picked up at Shop,Zoey Parker,"T6J, Edmonton, AB, Canada",1,CA$58.32,Cash
PN-02433,2026-08-20,18:18:06,2026-08-25,10:28:29,Delivered to Customer,Do Nam,"T5G, Edmonton, AB, Canada",1,CA$42.85,E-transfer
PN-02434,2026-08-20,18:25:33,2026-08-26,12:38:48,Delivered to Customer,Dang Viet,"T5K, Edmonton, AB, Canada",2,CA$62.30,Credit Card
PN-02435,2026-08-20,18:33:28,2026-08-23,15:06:13,Picked up at Shop,Victoria Walker,"T5E, Edmonton, AB, Canada",1,CA$16.39,Credit Card
PN-02436,2026-08-20,19:01:48,2026-08-24,19:04:23,Delivered to Customer,Hoang Giang,"T5H, Edmonton, AB, Canada",1,CA$32.25,Debit
PN-02437,2026-08-20,19:29:42,2026-08-25,16:30:27,Picked up at Shop,Matthew Clark,"T6G, Edmonton, AB, Canada",2,CA$46.78,Debit
PN-02438,2026-08-20,19:32:08,2026-08-27,08:42:01,Picked up at Shop,Charlotte Smith,"T6A, Edmonton, AB, Canada",1,CA$20.67,Debit
PN-02439,2026-08-20,20:13:52,2026-08-23,15:09:34,Picked up at Shop,Ryan Martin,"T5A, Edmonton, AB, Canada",3,CA$75.43,Debit
PN-02440,2026-08-20,21:58:07,2026-08-24,11:31:10,Delivered to Customer,Ryan Green,"T5B, Edmonton, AB, Canada",1,CA$24.73,Credit Card
PN-02441,2026-08-21,08:27:20,2026-08-24,14:07:35,Picked up at Shop,Noah Bell,"T5H, Edmonton, AB, Canada",3,CA$96.42,Credit Card
PN-02442,2026-08-21,09:28:11,2026-08-26,14:48:01,Picked up at Shop,Pham An,"T5T, Edmonton, AB, Canada",1,CA$21.43,Debit
PN-02443,2026-08-21,10:17:20,2026-08-27,10:16:16,Delivered to Customer,Phan Nga,"T5H, Edmonton, AB, Canada",2,CA$64.56,Credit Card
PN-02444,2026-08-21,12:22:58,2026-08-27,14:50:40,Delivered to Customer,Alexander King,"T6E, Edmonton, AB, Canada",2,CA$50.46,Credit Card
PN-02445,2026-08-21,13:36:42,2026-08-24,15:57:55,Delivered to Customer,Jack Clark,"T5G, Edmonton, AB, Canada",1,CA$16.00,Credit Card
PN-02446,2026-08-21,13:41:25,2026-08-25,18:13:35,Picked up at Shop,Evelyn Mitchell,"T5J, Edmonton, AB, Canada",3,CA$53.74,Credit Card
PN-02447,2026-08-21,13:57:52,2026-08-21,18:33:40,Delivered to Customer,Liam Morrison,"T6K, Edmonton, AB, Canada",1,CA$25.57,Credit Card
PN-02448,2026-08-21,14:50:53,2026-08-28,08:26:24,Delivered to Customer,Abigail Thompson,"T5N, Edmonton, AB, Canada",1,CA$42.91,Debit
PN-02449,2026-08-21,15:06:47,2026-08-27,17:27:23,Delivered to Customer,Nathan Bell,"T6J, Edmonton, AB, Canada",1,CA$26.49,Debit
PN-02450,2026-08-21,16:07:15,2026-08-26,20:28:07,Delivered to Customer,David Murray,"T6E, Edmonton, AB, Canada",1,CA$57.34,E-transfer
PN-02451,2026-08-21,17:51:50,2026-08-22,10:58:27,Delivered to Customer,Lucas Roberts,"T5E, Edmonton, AB, Canada",1,CA$31.42,Debit
PN-02452,2026-08-21,19:01:45,2026-08-22,17:32:29,Delivered to Customer,Ava Wilson,"T6R, Edmonton, AB, Canada",2,CA$84.81,Credit Card
PN-02453,2026-08-21,21:57:00,2026-08-24,17:08:46,Delivered to Customer,Liam Taylor,"T5T, Edmonton, AB, Canada",1,CA$26.44,Credit Card
PN-02454,2026-08-21,22:49:12,2026-08-27,13:02:20,Picked up at Shop,Vu Hai,"T5T, Edmonton, AB, Canada",1,CA$27.16,Debit
PN-02455,2026-08-22,10:07:55,2026-08-29,17:06:08,Delivered to Customer,Tran Kim,"T6J, Edmonton, AB, Canada",1,CA$41.17,Debit
PN-02456,2026-08-22,10:29:47,2026-08-29,11:37:42,Delivered to Customer,Mia Cook,"T5K, Edmonton, AB, Canada",2,CA$67.50,Debit
PN-02457,2026-08-22,11:34:33,2026-08-29,20:48:40,Delivered to Customer,Ethan Harris,"T6A, Edmonton, AB, Canada",2,CA$110.79,E-transfer
PN-02458,2026-08-22,12:02:31,2026-08-25,20:29:14,Delivered to Customer,Alexander Collins,"T6H, Edmonton, AB, Canada",1,CA$33.94,E-transfer
PN-02459,2026-08-22,12:20:28,2026-08-27,16:59:21,Picked up at Shop,Noah Baker,"T6E, Edmonton, AB, Canada",1,CA$20.23,Debit
PN-02460,2026-08-22,12:39:57,2026-08-24,20:46:49,Picked up at Shop,Liam Edwards,"T5N, Edmonton, AB, Canada",2,CA$62.89,Credit Card
PN-02461,2026-08-22,14:03:49,2026-08-29,11:33:10,Delivered to Customer,Liam Roberts,"T5N, Edmonton, AB, Canada",1,CA$42.55,Credit Card
PN-02462,2026-08-22,14:58:51,2026-08-29,12:35:53,Picked up at Shop,Avery Clark,"T6E, Edmonton, AB, Canada",1,CA$34.30,Debit
PN-02463,2026-08-22,15:22:05,2026-08-29,15:42:02,Picked up at Shop,Daniel Smith,"T5G, Edmonton, AB, Canada",2,CA$86.14,Cash
PN-02464,2026-08-22,15:28:33,2026-08-27,15:39:40,Delivered to Customer,Henry Phillips,"T5J, Edmonton, AB, Canada",1,CA$30.14,Credit Card
PN-02465,2026-08-22,15:42:37,2026-08-25,17:54:02,Delivered to Customer,Lucas Anderson,"T6A, Edmonton, AB, Canada",1,CA$25.29,Debit
PN-02466,2026-08-22,15:49:17,2026-08-22,23:21:28,Picked up at Shop,Nathan Roberts,"T5K, Edmonton, AB, Canada",1,CA$44.63,Credit Card
PN-02467,2026-08-22,15:51:12,2026-08-24,13:06:30,Delivered to Customer,Jack Walker,"T5L, Edmonton, AB, Canada",2,CA$65.18,Credit Card
PN-02468,2026-08-22,16:44:56,2026-08-26,16:43:58,Delivered to Customer,Jack Bell,"T6R, Edmonton, AB, Canada",1,CA$25.21,Credit Card
PN-02469,2026-08-22,16:55:05,2026-08-28,17:30:23,Picked up at Shop,Do Nga,"T6A, Edmonton, AB, Canada",2,CA$83.96,Credit Card
PN-02470,2026-08-22,18:35:55,2026-08-22,21:29:51,Picked up at Shop,Avery Morrison,"T6N, Edmonton, AB, Canada",1,CA$54.76,Credit Card
PN-02471,2026-08-22,18:54:25,2026-08-23,15:01:40,Delivered to Customer,Bui Thu,"T5C, Edmonton, AB, Canada",1,CA$31.75,Credit Card
PN-02472,2026-08-23,10:05:09,2026-08-30,13:01:09,Delivered to Customer,Dang Hoa,"T6J, Edmonton, AB, Canada",2,CA$87.62,Credit Card
PN-02473,2026-08-23,12:00:16,2026-08-26,13:07:25,Delivered to Customer,James Collins,"T5Z, Edmonton, AB, Canada",2,CA$37.81,Debit
PN-02474,2026-08-23,12:24:43,2026-08-29,18:01:45,Delivered to Customer,Emily Brown,"T5J, Edmonton, AB, Canada",2,CA$49.31,Credit Card
PN-02475,2026-08-23,12:35:17,2026-08-25,17:08:40,Delivered to Customer,Victoria Brown,"T6R, Edmonton, AB, Canada",1,CA$31.85,Credit Card
PN-02476,2026-08-23,14:36:27,2026-08-29,11:54:57,Picked up at Shop,Olivia King,"T6B, Edmonton, AB, Canada",1,CA$32.42,Credit Card
PN-02477,2026-08-23,14:51:00,2026-08-25,09:19:23,Delivered to Customer,Sophia Murphy,"T5J, Edmonton, AB, Canada",2,CA$46.39,Cash
PN-02478,2026-08-23,14:59:23,2026-08-27,18:16:17,Picked up at Shop,David Parker,"T5A, Edmonton, AB, Canada",1,CA$34.62,Debit
PN-02479,2026-08-23,15:15:19,2026-08-27,10:22:13,Delivered to Customer,Ethan Johnson,"T6E, Edmonton, AB, Canada",4,CA$221.30,Cash
PN-02480,2026-08-23,15:31:06,2026-08-29,12:20:06,Delivered to Customer,Elizabeth Thompson,"T5X, Edmonton, AB, Canada",1,CA$35.67,Credit Card
PN-02481,2026-08-23,16:00:18,2026-08-30,14:52:00,Picked up at Shop,James Turner,"T6V, Edmonton, AB, Canada",3,CA$163.62,E-transfer
PN-02482,2026-08-23,16:04:41,2026-08-26,17:24:38,Delivered to Customer,Pham Duy,"T5J, Edmonton, AB, Canada",1,CA$27.56,Credit Card
PN-02483,2026-08-23,16:36:50,2026-08-25,11:23:28,Delivered to Customer,Do Tuan,"T5B, Edmonton, AB, Canada",1,CA$25.00,Credit Card
PN-02484,2026-08-23,16:47:19,2026-08-25,16:37:22,Picked up at Shop,Samuel Campbell,"T5E, Edmonton, AB, Canada",1,CA$33.79,Debit
PN-02485,2026-08-23,17:50:42,2026-08-30,08:07:29,Picked up at Shop,William Roberts,"T6A, Edmonton, AB, Canada",1,CA$27.36,Credit Card
PN-02486,2026-08-23,18:58:55,2026-08-24,13:16:28,Delivered to Customer,Olivia Scott,"T6E, Edmonton, AB, Canada",1,CA$23.57,E-transfer
PN-02487,2026-08-24,10:16:01,2026-08-26,20:38:57,Picked up at Shop,Evelyn Phillips,"T6E, Edmonton, AB, Canada",1,CA$44.79,Credit Card
PN-02488,2026-08-24,11:00:32,2026-08-27,20:35:02,Delivered to Customer,Jack White,"T5J, Edmonton, AB, Canada",1,CA$31.15,Credit Card
PN-02489,2026-08-24,11:39:14,2026-08-30,11:59:20,Picked up at Shop,Huynh Quan,"T5S, Edmonton, AB, Canada",1,CA$41.69,Debit
PN-02490,2026-08-24,12:08:55,2026-08-28,08:57:17,Delivered to Customer,Pham Thao,"T6J, Edmonton, AB, Canada",1,CA$24.05,Credit Card
PN-02491,2026-08-24,12:59:00,2026-08-27,17:09:52,Picked up at Shop,William Young,"T5H, Edmonton, AB, Canada",3,CA$126.16,Credit Card
PN-02492,2026-08-24,14:27:06,2026-08-24,20:51:07,Delivered to Customer,Do Ngoc,"T6K, Edmonton, AB, Canada",1,CA$27.42,Credit Card
PN-02493,2026-08-24,14:27:34,2026-08-24,23:45:14,Picked up at Shop,Nathan Lewis,"T5V, Edmonton, AB, Canada",1,CA$30.91,Credit Card
PN-02494,2026-08-24,14:52:39,2026-08-28,19:42:39,Delivered to Customer,Sophia Wright,"T6G, Edmonton, AB, Canada",1,CA$31.46,E-transfer
PN-02495,2026-08-24,14:54:53,2026-08-26,15:28:28,Picked up at Shop,Evelyn Collins,"T6M, Edmonton, AB, Canada",1,CA$33.05,Credit Card
PN-02496,2026-08-24,15:23:36,2026-08-28,14:28:40,Picked up at Shop,Samuel Harris,"T6W, Edmonton, AB, Canada",1,CA$31.16,Credit Card
PN-02497,2026-08-24,15:51:48,2026-08-30,10:31:22,Picked up at Shop,Sebastian Parker,"T5G, Edmonton, AB, Canada",2,CA$67.26,E-transfer
PN-02498,2026-08-24,16:58:36,2026-08-29,15:57:28,Picked up at Shop,Huynh Chi,"T5K, Edmonton, AB, Canada",1,CA$57.27,Credit Card
PN-02499,2026-08-24,18:53:23,2026-08-25,19:30:28,Delivered to Customer,Dang Chi,"T6P, Edmonton, AB, Canada",1,CA$31.14,Credit Card
PN-02500,2026-08-24,22:18:27,2026-08-29,15:56:46,Delivered to Customer,Ho Huong,"T6E, Edmonton, AB, Canada",2,CA$48.54,Debit
PN-02501,2026-08-24,22:32:17,2026-08-25,09:55:38,Delivered to Customer,David Phillips,"T6T, Edmonton, AB, Canada",1,CA$26.65,Debit
PN-02502,2026-08-25,08:30:55,2026-08-28,10:06:23,Delivered to Customer,Le Anh,"T5M, Edmonton, AB, Canada",1,CA$34.65,Credit Card
PN-02503,2026-08-25,08:31:19,2026-08-31,12:54:11,Delivered to Customer,Noah Baker,"T5A, Edmonton, AB, Canada",3,CA$75.93,Credit Card
PN-02504,2026-08-25,08:47:45,2026-08-27,11:35:40,Delivered to Customer,Bui Khanh,"T5P, Edmonton, AB, Canada",1,CA$35.21,E-transfer
PN-02505,2026-08-25,10:54:20,2026-08-26,20:50:49,Delivered to Customer,Ngo Minh,"T5J, Edmonton, AB, Canada",1,CA$17.94,Credit Card
PN-02506,2026-08-25,10:56:27,2026-09-01,15:08:45,Delivered to Customer,Olivia Morrison,"T5P, Edmonton, AB, Canada",1,CA$56.19,Credit Card
PN-02507,2026-08-25,11:14:50,2026-08-30,14:03:34,Delivered to Customer,Sebastian Clark,"T6G, Edmonton, AB, Canada",1,CA$55.83,Credit Card
PN-02508,2026-08-25,11:24:13,2026-09-01,16:12:37,Delivered to Customer,Zoey Harris,"T5J, Edmonton, AB, Canada",1,CA$44.43,Credit Card
PN-02509,2026-08-25,12:34:48,2026-08-31,15:50:02,Delivered to Customer,Evelyn Murphy,"T6E, Edmonton, AB, Canada",2,CA$84.69,Debit
PN-02510,2026-08-25,15:13:00,2026-08-27,16:14:34,Delivered to Customer,Huynh Ngoc,"T5M, Edmonton, AB, Canada",2,CA$49.45,Debit
PN-02511,2026-08-25,15:33:12,2026-08-27,15:49:20,Delivered to Customer,Vu Viet,"T5S, Edmonton, AB, Canada",2,CA$50.63,Credit Card
PN-02512,2026-08-25,16:52:08,2026-08-28,11:25:50,Delivered to Customer,Owen Murray,"T5J, Edmonton, AB, Canada",1,CA$34.98,Credit Card
PN-02513,2026-08-25,17:25:39,2026-08-29,11:48:27,Delivered to Customer,Zoey Bell,"T6E, Edmonton, AB, Canada",2,CA$49.83,Credit Card
PN-02514,2026-08-25,17:57:32,2026-08-25,20:30:32,Picked up at Shop,Vu Trung,"T5E, Edmonton, AB, Canada",1,CA$43.00,Credit Card
PN-02515,2026-08-26,08:14:41,2026-08-26,19:28:42,Delivered to Customer,James Edwards,"T6B, Edmonton, AB, Canada",1,CA$44.76,Cash
PN-02516,2026-08-26,13:43:03,2026-08-26,18:51:54,Delivered to Customer,Do Kim,"T5M, Edmonton, AB, Canada",1,CA$16.50,Credit Card
PN-02517,2026-08-26,14:06:52,2026-08-27,18:58:58,Delivered to Customer,Ngo Phuong,"T6W, Edmonton, AB, Canada",2,CA$50.12,Credit Card
PN-02518,2026-08-26,14:24:49,2026-09-01,11:47:17,Delivered to Customer,Amelia King,"T6G, Edmonton, AB, Canada",1,CA$19.30,Credit Card
PN-02519,2026-08-26,15:25:11,2026-08-27,18:44:28,Delivered to Customer,Evelyn Mitchell,"T5C, Edmonton, AB, Canada",2,CA$38.57,Debit
PN-02520,2026-08-26,15:54:25,2026-08-31,14:01:35,Delivered to Customer,Emma Smith,"T6H, Edmonton, AB, Canada",2,CA$50.63,Cash
PN-02521,2026-08-26,16:18:24,2026-08-29,13:26:14,Delivered to Customer,Ella Collins,"T6E, Edmonton, AB, Canada",1,CA$19.91,Credit Card
PN-02522,2026-08-26,16:48:13,2026-08-28,12:51:59,Picked up at Shop,Elizabeth Morrison,"T6X, Edmonton, AB, Canada",1,CA$26.45,Credit Card
PN-02523,2026-08-26,18:03:00,2026-08-30,08:23:56,Delivered to Customer,William Campbell,"T5M, Edmonton, AB, Canada",1,CA$18.02,Credit Card
PN-02524,2026-08-26,18:26:15,2026-09-02,10:55:43,Picked up at Shop,Ryan Carter,"T6G, Edmonton, AB, Canada",4,CA$96.79,E-transfer
PN-02525,2026-08-26,19:28:41,2026-08-27,09:55:15,Delivered to Customer,Abigail Thompson,"T6G, Edmonton, AB, Canada",1,CA$30.70,Credit Card
PN-02526,2026-08-26,20:47:46,2026-08-30,17:23:56,Delivered to Customer,Henry Anderson,"T6P, Edmonton, AB, Canada",3,CA$75.54,Credit Card
PN-02527,2026-08-27,08:02:44,2026-08-31,20:00:43,Delivered to Customer,Daniel Mitchell,"T5R, Edmonton, AB, Canada",1,CA$34.89,Credit Card
PN-02528,2026-08-27,08:18:50,2026-08-27,10:32:22,Picked up at Shop,Ryan Turner,"T6M, Edmonton, AB, Canada",1,CA$16.63,Debit
PN-02529,2026-08-27,08:43:41,2026-08-27,10:47:30,Delivered to Customer,Phan Trung,"T5K, Edmonton, AB, Canada",1,CA$56.79,Debit
PN-02530,2026-08-27,10:10:43,2026-09-03,18:10:01,Picked up at Shop,Ella Evans,"T6J, Edmonton, AB, Canada",2,CA$46.18,Debit
PN-02531,2026-08-27,11:01:53,2026-09-01,14:25:46,Delivered to Customer,Avery Harris,"T6K, Edmonton, AB, Canada",1,CA$23.68,Credit Card
PN-02532,2026-08-27,11:56:12,2026-08-29,16:19:42,Picked up at Shop,James Scott,"T6L, Edmonton, AB, Canada",1,CA$43.95,E-transfer
PN-02533,2026-08-27,12:08:28,2026-08-29,13:09:08,Delivered to Customer,Jack Baker,"T6G, Edmonton, AB, Canada",1,CA$21.52,Credit Card
PN-02534,2026-08-27,12:12:45,2026-08-27,16:17:46,Delivered to Customer,Zoey Carter,"T6G, Edmonton, AB, Canada",2,CA$63.43,E-transfer
PN-02535,2026-08-27,12:53:16,2026-09-02,20:25:20,Delivered to Customer,Ryan Baker,"T5B, Edmonton, AB, Canada",1,CA$41.40,E-transfer
PN-02536,2026-08-27,14:12:51,2026-08-31,11:27:02,Picked up at Shop,Evelyn Martin,"T6G, Edmonton, AB, Canada",3,CA$100.00,Debit
PN-02537,2026-08-27,14:58:30,2026-08-30,13:41:43,Delivered to Customer,Alexander Martin,"T5Z, Edmonton, AB, Canada",1,CA$33.59,Debit
PN-02538,2026-08-27,15:00:48,2026-09-03,10:43:47,Delivered to Customer,Noah Thompson,"T5L, Edmonton, AB, Canada",2,CA$46.08,Credit Card
PN-02539,2026-08-27,15:16:43,2026-09-01,13:40:54,Picked up at Shop,Ryan Campbell,"T6H, Edmonton, AB, Canada",1,CA$23.34,E-transfer
PN-02540,2026-08-27,15:26:15,2026-09-03,14:30:02,Delivered to Customer,Jackson Harris,"T6H, Edmonton, AB, Canada",1,CA$25.99,E-transfer
PN-02541,2026-08-27,16:16:58,2026-09-03,20:51:55,Delivered to Customer,Nguyen Vy,"T5K, Edmonton, AB, Canada",1,CA$53.69,Credit Card
PN-02542,2026-08-27,17:31:44,2026-09-02,09:17:41,Delivered to Customer,Mia Johnson,"T5T, Edmonton, AB, Canada",2,CA$108.20,Credit Card
PN-02543,2026-08-27,18:47:53,2026-08-29,12:32:04,Delivered to Customer,Benjamin Evans,"T5A, Edmonton, AB, Canada",1,CA$57.45,Debit
PN-02544,2026-08-27,18:51:58,2026-08-29,13:40:06,Delivered to Customer,Vo Chi,"T6C, Edmonton, AB, Canada",2,CA$111.82,E-transfer
PN-02545,2026-08-27,19:14:14,2026-09-02,18:11:47,Delivered to Customer,David Johnson,"T5G, Edmonton, AB, Canada",1,CA$43.94,Credit Card
PN-02546,2026-08-27,20:55:42,2026-08-30,16:42:52,Delivered to Customer,Matthew White,"T6L, Edmonton, AB, Canada",1,CA$40.96,Credit Card
PN-02547,2026-08-27,22:50:22,2026-08-28,15:11:21,Delivered to Customer,Emily Smith,"T6C, Edmonton, AB, Canada",2,CA$51.11,E-transfer
PN-02548,2026-08-28,08:28:48,2026-09-03,16:29:44,Delivered to Customer,William Walker,"T6E, Edmonton, AB, Canada",1,CA$32.97,Credit Card
PN-02549,2026-08-28,09:18:51,2026-09-02,16:41:31,Delivered to Customer,Harper Lewis,"T6P, Edmonton, AB, Canada",1,CA$44.33,Credit Card
PN-02550,2026-08-28,10:02:25,2026-09-01,15:15:57,Delivered to Customer,Duong Giang,"T5N, Edmonton, AB, Canada",1,CA$16.30,E-transfer
PN-02551,2026-08-28,10:23:51,2026-09-02,17:36:08,Picked up at Shop,Matthew King,"T6T, Edmonton, AB, Canada",3,CA$124.01,Cash
PN-02552,2026-08-28,10:34:32,2026-09-02,10:43:35,Delivered to Customer,Zoey King,"T5A, Edmonton, AB, Canada",1,CA$23.27,Debit
PN-02553,2026-08-28,11:33:30,2026-09-04,19:09:14,Delivered to Customer,Jack Anderson,"T6G, Edmonton, AB, Canada",1,CA$22.62,Debit
PN-02554,2026-08-28,12:16:43,2026-08-29,14:06:01,Delivered to Customer,Tran Quynh,"T6L, Edmonton, AB, Canada",1,CA$35.73,E-transfer
PN-02555,2026-08-28,12:40:35,2026-09-01,16:45:46,Picked up at Shop,Hoang Minh,"T5K, Edmonton, AB, Canada",2,CA$111.35,Cash
PN-02556,2026-08-28,12:51:02,2026-09-02,19:30:03,Picked up at Shop,Victoria Campbell,"T5K, Edmonton, AB, Canada",2,CA$36.88,E-transfer
PN-02557,2026-08-28,13:49:53,2026-09-02,09:35:56,Delivered to Customer,Ella Clark,"T6G, Edmonton, AB, Canada",3,CA$56.89,Cash
PN-02558,2026-08-28,13:56:21,2026-08-30,17:33:00,Delivered to Customer,Henry Edwards,"T5J, Edmonton, AB, Canada",1,CA$27.55,E-transfer
PN-02559,2026-08-28,14:14:07,2026-09-01,18:17:45,Delivered to Customer,Alexander Murray,"T5J, Edmonton, AB, Canada",1,CA$25.90,E-transfer
PN-02560,2026-08-28,14:39:06,2026-08-31,12:50:13,Delivered to Customer,Victoria Green,"T5A, Edmonton, AB, Canada",1,CA$23.85,Credit Card
PN-02561,2026-08-28,15:28:42,2026-09-04,14:56:00,Delivered to Customer,Emily Mitchell,"T5R, Edmonton, AB, Canada",1,CA$17.23,Credit Card
PN-02562,2026-08-28,16:12:45,2026-08-29,11:01:42,Delivered to Customer,Vu Thu,"T6X, Edmonton, AB, Canada",1,CA$57.37,Debit
PN-02563,2026-08-28,16:22:09,2026-09-04,09:30:37,Picked up at Shop,Matthew Cook,"T5E, Edmonton, AB, Canada",1,CA$35.95,Credit Card
PN-02564,2026-08-28,17:56:24,2026-09-01,20:51:15,Delivered to Customer,Nguyen Hanh,"T5B, Edmonton, AB, Canada",2,CA$65.87,Debit
PN-02565,2026-08-28,18:15:20,2026-09-03,18:13:48,Picked up at Shop,Le Mai,"T5V, Edmonton, AB, Canada",4,CA$221.54,Credit Card
PN-02566,2026-08-28,18:15:30,2026-08-31,17:13:46,Delivered to Customer,Tran Tuan,"T5E, Edmonton, AB, Canada",1,CA$53.05,E-transfer
PN-02567,2026-08-28,19:05:03,2026-09-04,14:36:40,Picked up at Shop,Pham Trung,"T5M, Edmonton, AB, Canada",2,CA$83.72,E-transfer
PN-02568,2026-08-29,10:20:09,2026-08-31,16:06:25,Delivered to Customer,Dang Minh,"T5T, Edmonton, AB, Canada",1,CA$54.46,Credit Card
PN-02569,2026-08-29,11:44:37,2026-09-03,15:03:49,Delivered to Customer,Hoang Vy,"T5R, Edmonton, AB, Canada",1,CA$31.31,Cash
PN-02570,2026-08-29,12:14:57,2026-09-05,13:01:52,Delivered to Customer,Tran Cuong,"T5E, Edmonton, AB, Canada",2,CA$108.14,Credit Card
PN-02571,2026-08-29,13:53:59,2026-09-03,13:00:58,Picked up at Shop,Ngo Trung,"T6K, Edmonton, AB, Canada",3,CA$125.67,Credit Card
PN-02572,2026-08-29,14:09:28,2026-09-05,20:46:34,Picked up at Shop,Avery Scott,"T5T, Edmonton, AB, Canada",1,CA$54.56,E-transfer
PN-02573,2026-08-29,14:28:20,2026-09-03,14:57:05,Picked up at Shop,Abigail Parker,"T5E, Edmonton, AB, Canada",4,CA$74.72,Credit Card
PN-02574,2026-08-29,15:29:04,2026-09-04,10:38:47,Delivered to Customer,Nguyen Giang,"T5K, Edmonton, AB, Canada",1,CA$31.82,Credit Card
PN-02575,2026-08-29,15:44:22,2026-08-29,19:16:03,Picked up at Shop,Le Yen,"T6A, Edmonton, AB, Canada",1,CA$23.86,Credit Card
PN-02576,2026-08-29,16:56:27,2026-08-29,17:03:52,Delivered to Customer,Nguyen Linh,"T5W, Edmonton, AB, Canada",1,CA$25.74,Credit Card
PN-02577,2026-08-29,17:43:39,2026-09-01,09:18:46,Picked up at Shop,Emily Clark,"T6J, Edmonton, AB, Canada",1,CA$56.31,Debit
PN-02578,2026-08-29,17:50:27,2026-09-02,13:28:27,Delivered to Customer,Nathan Brown,"T5V, Edmonton, AB, Canada",1,CA$40.54,Credit Card
PN-02579,2026-08-29,18:08:32,2026-08-31,15:42:57,Delivered to Customer,Emily Lewis,"T5S, Edmonton, AB, Canada",1,CA$30.71,Debit
PN-02580,2026-08-29,22:04:34,2026-08-29,22:46:40,Delivered to Customer,Nguyen Nga,"T6L, Edmonton, AB, Canada",3,CA$54.98,Credit Card
PN-02581,2026-08-30,09:04:44,2026-09-05,12:51:30,Picked up at Shop,Elizabeth Walker,"T6C, Edmonton, AB, Canada",2,CA$34.24,E-transfer
PN-02582,2026-08-30,09:12:27,2026-09-02,10:49:52,Delivered to Customer,Duong Huong,"T5E, Edmonton, AB, Canada",1,CA$24.25,Credit Card
PN-02583,2026-08-30,09:29:06,2026-09-03,16:37:26,Delivered to Customer,Grace Lewis,"T6E, Edmonton, AB, Canada",1,CA$56.25,Credit Card
PN-02584,2026-08-30,09:31:29,2026-08-31,13:55:05,Picked up at Shop,Avery White,"T6E, Edmonton, AB, Canada",2,CA$66.60,E-transfer
PN-02585,2026-08-30,10:04:24,2026-09-01,15:45:20,Picked up at Shop,Vo Nam,"T6V, Edmonton, AB, Canada",3,CA$95.83,E-transfer
PN-02586,2026-08-30,10:31:50,2026-09-03,10:24:21,Picked up at Shop,Harper Turner,"T6E, Edmonton, AB, Canada",4,CA$129.87,Credit Card
PN-02587,2026-08-30,11:14:22,2026-09-06,09:30:48,Delivered to Customer,Ella Parker,"T6B, Edmonton, AB, Canada",2,CA$63.23,Debit
PN-02588,2026-08-30,12:11:48,2026-09-04,12:15:17,Picked up at Shop,Victoria Martin,"T6K, Edmonton, AB, Canada",1,CA$27.08,Debit
PN-02589,2026-08-30,12:12:07,2026-09-03,08:27:27,Picked up at Shop,Noah Wilson,"T5M, Edmonton, AB, Canada",1,CA$40.98,E-transfer
PN-02590,2026-08-30,12:36:31,2026-09-01,16:21:36,Picked up at Shop,James Edwards,"T5B, Edmonton, AB, Canada",1,CA$45.08,Debit
PN-02591,2026-08-30,12:41:02,2026-09-04,08:20:36,Delivered to Customer,Jack Young,"T6B, Edmonton, AB, Canada",2,CA$66.95,Credit Card
PN-02592,2026-08-30,13:22:22,2026-08-30,18:53:21,Picked up at Shop,Ella Morrison,"T6P, Edmonton, AB, Canada",4,CA$96.13,Credit Card
PN-02593,2026-08-30,13:27:44,2026-09-06,17:59:03,Delivered to Customer,Liam Wilson,"T6J, Edmonton, AB, Canada",3,CA$71.69,Debit
PN-02594,2026-08-30,14:13:16,2026-09-04,11:23:24,Picked up at Shop,Vo Hai,"T6S, Edmonton, AB, Canada",1,CA$26.40,Debit
PN-02595,2026-08-30,15:01:54,2026-09-06,15:24:53,Picked up at Shop,Henry Wright,"T6H, Edmonton, AB, Canada",2,CA$108.02,E-transfer
PN-02596,2026-08-30,15:03:03,2026-09-04,18:21:13,Picked up at Shop,Mia Morrison,"T6R, Edmonton, AB, Canada",1,CA$34.24,Cash
PN-02597,2026-08-30,16:29:09,2026-09-06,15:24:36,Delivered to Customer,Ethan Murphy,"T5J, Edmonton, AB, Canada",2,CA$63.64,E-transfer
PN-02598,2026-08-30,17:06:01,2026-09-01,14:27:52,Delivered to Customer,Ngo Trung,"T5J, Edmonton, AB, Canada",1,CA$42.61,E-transfer
PN-02599,2026-08-30,17:09:53,2026-09-03,09:34:11,Picked up at Shop,Evelyn Walker,"T5V, Edmonton, AB, Canada",1,CA$56.62,Credit Card
PN-02600,2026-08-30,17:23:03,2026-08-31,12:31:55,Picked up at Shop,Harper White,"T6E, Edmonton, AB, Canada",1,CA$56.39,Credit Card
PN-02601,2026-08-30,17:34:18,2026-08-31,15:24:12,Picked up at Shop,Matthew Johnson,"T6K, Edmonton, AB, Canada",2,CA$84.06,Credit Card
PN-02602,2026-08-30,22:19:39,2026-08-30,22:33:11,Delivered to Customer,Ngo Quan,"T5H, Edmonton, AB, Canada",1,CA$31.25,Credit Card
PN-02603,2026-08-31,10:32:36,2026-08-31,10:55:42,Delivered to Customer,Dang Xuan,"T5J, Edmonton, AB, Canada",1,CA$41.80,Credit Card
PN-02604,2026-08-31,11:46:02,2026-09-06,09:48:49,Delivered to Customer,Nguyen Hoa,"T5V, Edmonton, AB, Canada",1,CA$35.45,Debit
PN-02605,2026-08-31,12:02:12,2026-09-01,12:41:44,Delivered to Customer,Sofia Scott,"T5J, Edmonton, AB, Canada",1,CA$16.93,Credit Card
PN-02606,2026-08-31,12:03:42,2026-09-01,13:37:22,Delivered to Customer,Hoang Binh,"T6C, Edmonton, AB, Canada",2,CA$67.44,E-transfer
PN-02607,2026-08-31,13:51:38,2026-09-05,20:38:24,Picked up at Shop,Samuel Scott,"T6G, Edmonton, AB, Canada",1,CA$57.96,Debit
PN-02608,2026-08-31,14:28:04,2026-09-03,13:55:43,Picked up at Shop,Mia Bell,"T5G, Edmonton, AB, Canada",1,CA$32.88,Credit Card
PN-02609,2026-08-31,15:37:16,2026-09-05,11:03:47,Delivered to Customer,Lucas Edwards,"T5E, Edmonton, AB, Canada",1,CA$45.97,Debit
PN-02610,2026-08-31,15:45:43,2026-09-01,11:53:21,Delivered to Customer,Duong Ngoc,"T6E, Edmonton, AB, Canada",2,CA$66.05,Debit
PN-02611,2026-08-31,16:18:02,2026-09-03,16:44:29,Delivered to Customer,Owen Murphy,"T5M, Edmonton, AB, Canada",1,CA$34.00,Debit
PN-02612,2026-08-31,16:38:51,2026-09-04,15:10:54,Delivered to Customer,Mia Cook,"T5E, Edmonton, AB, Canada",1,CA$42.30,Debit
PN-02613,2026-08-31,16:45:24,2026-08-31,19:26:17,Delivered to Customer,Mia Evans,"T6K, Edmonton, AB, Canada",3,CA$71.10,Cash
PN-02614,2026-08-31,18:33:34,2026-09-01,13:47:20,Delivered to Customer,Tran Ngoc,"T5J, Edmonton, AB, Canada",1,CA$21.37,Credit Card
PN-02615,2026-08-31,21:51:34,2026-09-01,12:49:51,Delivered to Customer,Alexander Stewart,"T5J, Edmonton, AB, Canada",3,CA$72.63,E-transfer
PN-02616,2026-09-01,08:04:30,2026-09-05,13:39:25,Delivered to Customer,Liam Wilson,"T5M, Edmonton, AB, Canada",1,CA$56.97,Credit Card
PN-02617,2026-09-01,09:15:20,2026-09-02,13:23:25,Delivered to Customer,Le Tuan,"T5E, Edmonton, AB, Canada",2,CA$66.29,E-transfer
PN-02618,2026-09-01,12:04:50,2026-09-08,10:17:36,Delivered to Customer,Avery Phillips,"T5B, Edmonton, AB, Canada",1,CA$31.40,Credit Card
PN-02619,2026-09-01,12:12:17,2026-09-02,13:54:28,Delivered to Customer,Ly Chi,"T5J, Edmonton, AB, Canada",3,CA$55.96,E-transfer
PN-02620,2026-09-01,12:27:20,2026-09-03,09:26:10,Delivered to Customer,Ethan Clark,"T6P, Edmonton, AB, Canada",1,CA$35.38,Credit Card
PN-02621,2026-09-01,12:53:43,2026-09-01,20:28:02,Delivered to Customer,Matthew Green,"T6H, Edmonton, AB, Canada",1,CA$53.32,E-transfer
PN-02622,2026-09-01,13:01:05,2026-09-06,20:17:15,Delivered to Customer,Michael Morrison,"T5J, Edmonton, AB, Canada",2,CA$62.19,Cash
PN-02623,2026-09-01,13:09:13,2026-09-05,08:21:03,Delivered to Customer,Vu Giang,"T5W, Edmonton, AB, Canada",1,CA$27.80,E-transfer
PN-02624,2026-09-01,13:09:45,2026-09-07,20:30:25,Delivered to Customer,Vo Son,"T6X, Edmonton, AB, Canada",1,CA$27.08,Credit Card
PN-02625,2026-09-01,13:48:37,2026-09-06,17:24:09,Delivered to Customer,Vo Phuong,"T5K, Edmonton, AB, Canada",1,CA$22.34,Debit
PN-02626,2026-09-01,13:51:33,2026-09-05,11:26:48,Delivered to Customer,Ryan Roberts,"T6K, Edmonton, AB, Canada",2,CA$82.96,Cash
PN-02627,2026-09-01,14:27:52,2026-09-02,09:50:07,Delivered to Customer,Sophia Evans,"T5J, Edmonton, AB, Canada",3,CA$52.45,Credit Card
PN-02628,2026-09-01,14:53:17,2026-09-06,12:35:10,Delivered to Customer,Elizabeth Mitchell,"T6M, Edmonton, AB, Canada",1,CA$40.55,Credit Card
PN-02629,2026-09-01,15:19:33,2026-09-05,17:47:08,Picked up at Shop,Benjamin Turner,"T5G, Edmonton, AB, Canada",1,CA$30.36,Credit Card
PN-02630,2026-09-01,15:52:31,2026-09-01,16:27:55,Delivered to Customer,Duong Thanh,"T5R, Edmonton, AB, Canada",4,CA$168.46,Credit Card
PN-02631,2026-09-01,17:10:05,2026-09-08,16:04:26,Picked up at Shop,James Baker,"T6G, Edmonton, AB, Canada",3,CA$57.86,Debit
PN-02632,2026-09-01,17:33:23,2026-09-02,15:28:41,Delivered to Customer,Ava Scott,"T5K, Edmonton, AB, Canada",1,CA$34.03,Credit Card
PN-02633,2026-09-01,18:50:56,2026-09-08,10:43:03,Delivered to Customer,Duong Hoa,"T5T, Edmonton, AB, Canada",1,CA$30.08,Debit
PN-02634,2026-09-02,11:10:13,2026-09-09,18:22:48,Picked up at Shop,Chloe Smith,"T5J, Edmonton, AB, Canada",1,CA$31.50,Credit Card
PN-02635,2026-09-02,11:58:12,2026-09-07,12:33:40,Delivered to Customer,Olivia Collins,"T5B, Edmonton, AB, Canada",1,CA$20.36,Cash
PN-02636,2026-09-02,14:32:38,2026-09-04,17:35:48,Delivered to Customer,James Scott,"T5K, Edmonton, AB, Canada",3,CA$94.91,Credit Card
PN-02637,2026-09-02,16:31:41,2026-09-09,20:39:31,Delivered to Customer,Duong Hai,"T6A, Edmonton, AB, Canada",1,CA$33.46,Credit Card
PN-02638,2026-09-02,16:31:54,2026-09-02,19:40:29,Delivered to Customer,Evelyn Stewart,"T5P, Edmonton, AB, Canada",2,CA$67.08,E-transfer
PN-02639,2026-09-02,16:41:42,2026-09-02,17:31:11,Delivered to Customer,Matthew Turner,"T6B, Edmonton, AB, Canada",1,CA$22.58,Credit Card
PN-02640,2026-09-02,16:51:59,2026-09-02,18:13:13,Delivered to Customer,Olivia Anderson,"T6K, Edmonton, AB, Canada",2,CA$46.28,Debit
PN-02641,2026-09-02,16:57:19,2026-09-05,12:29:03,Delivered to Customer,Matthew Carter,"T6M, Edmonton, AB, Canada",1,CA$24.35,E-transfer
PN-02642,2026-09-02,17:49:12,2026-09-03,11:36:25,Picked up at Shop,Chloe Turner,"T6R, Edmonton, AB, Canada",2,CA$51.92,Credit Card
PN-02643,2026-09-02,18:15:14,2026-09-07,15:15:55,Delivered to Customer,Benjamin Taylor,"T5N, Edmonton, AB, Canada",1,CA$42.16,Cash
PN-02644,2026-09-02,18:16:49,2026-09-02,21:48:18,Delivered to Customer,Duong Viet,"T6B, Edmonton, AB, Canada",1,CA$27.75,Debit
PN-02645,2026-09-02,20:36:06,2026-09-09,19:34:58,Delivered to Customer,James Taylor,"T6W, Edmonton, AB, Canada",1,CA$23.94,Credit Card
PN-02646,2026-09-02,21:36:35,2026-09-06,11:15:54,Picked up at Shop,Victoria King,"T6T, Edmonton, AB, Canada",2,CA$46.37,Debit
PN-02647,2026-09-03,08:08:43,2026-09-08,17:00:45,Delivered to Customer,Ryan Brown,"T5A, Edmonton, AB, Canada",1,CA$41.47,Credit Card
PN-02648,2026-09-03,09:35:57,2026-09-03,14:46:51,Delivered to Customer,Noah Mitchell,"T5Y, Edmonton, AB, Canada",2,CA$36.82,Credit Card
PN-02649,2026-09-03,10:21:07,2026-09-03,13:15:41,Picked up at Shop,Jackson Thompson,"T6X, Edmonton, AB, Canada",1,CA$53.29,E-transfer
PN-02650,2026-09-03,11:06:24,2026-09-03,13:15:35,Picked up at Shop,Abigail Murphy,"T5T, Edmonton, AB, Canada",1,CA$56.05,Credit Card
PN-02651,2026-09-03,13:55:05,2026-09-07,09:11:31,Delivered to Customer,Grace Clark,"T5G, Edmonton, AB, Canada",2,CA$48.07,Credit Card
PN-02652,2026-09-03,15:30:54,2026-09-03,18:53:13,Picked up at Shop,Jackson Anderson,"T5T, Edmonton, AB, Canada",1,CA$17.13,Credit Card
PN-02653,2026-09-03,16:14:06,2026-09-10,19:35:32,Delivered to Customer,Emily Smith,"T5W, Edmonton, AB, Canada",1,CA$56.73,Debit
PN-02654,2026-09-03,16:40:19,2026-09-07,17:05:32,Delivered to Customer,Evelyn Martin,"T6G, Edmonton, AB, Canada",3,CA$163.02,Credit Card
PN-02655,2026-09-03,16:42:44,2026-09-03,19:12:51,Picked up at Shop,Matthew Collins,"T5M, Edmonton, AB, Canada",3,CA$74.81,Credit Card
PN-02656,2026-09-03,16:46:41,2026-09-09,13:49:24,Delivered to Customer,Samuel Scott,"T5C, Edmonton, AB, Canada",1,CA$41.22,Debit
PN-02657,2026-09-03,16:57:50,2026-09-05,12:43:23,Delivered to Customer,Tran Hanh,"T6W, Edmonton, AB, Canada",1,CA$26.87,Credit Card
PN-02658,2026-09-03,18:30:54,2026-09-05,12:07:13,Delivered to Customer,Daniel Wilson,"T6G, Edmonton, AB, Canada",1,CA$53.42,Credit Card
PN-02659,2026-09-03,18:33:06,2026-09-09,20:24:37,Delivered to Customer,Dang Trang,"T6V, Edmonton, AB, Canada",1,CA$30.50,Credit Card
PN-02660,2026-09-03,18:33:22,2026-09-08,12:50:17,Delivered to Customer,James Phillips,"T5J, Edmonton, AB, Canada",1,CA$22.65,Credit Card
PN-02661,2026-09-03,18:51:51,2026-09-06,10:50:41,Picked up at Shop,Duong Viet,"T5M, Edmonton, AB, Canada",2,CA$83.44,Debit
PN-02662,2026-09-04,08:28:05,2026-09-04,10:48:42,Delivered to Customer,Phan Van,"T6C, Edmonton, AB, Canada",2,CA$66.55,Credit Card
PN-02663,2026-09-04,11:16:05,2026-09-10,16:01:39,Picked up at Shop,Ryan Johnson,"T6E, Edmonton, AB, Canada",1,CA$26.65,Debit
PN-02664,2026-09-04,11:31:39,2026-09-10,14:59:24,Delivered to Customer,Tran Son,"T5R, Edmonton, AB, Canada",1,CA$42.78,Credit Card
PN-02665,2026-09-04,12:05:55,2026-09-10,16:32:01,Delivered to Customer,Ryan Walker,"T5H, Edmonton, AB, Canada",2,CA$87.86,Credit Card
PN-02666,2026-09-04,12:12:07,2026-09-07,13:56:54,Delivered to Customer,William Murray,"T6G, Edmonton, AB, Canada",1,CA$20.12,Credit Card
PN-02667,2026-09-04,12:49:27,2026-09-10,14:32:42,Picked up at Shop,Sofia Walker,"T5A, Edmonton, AB, Canada",1,CA$54.04,Debit
PN-02668,2026-09-04,13:23:23,2026-09-05,14:56:27,Delivered to Customer,Emma Smith,"T5A, Edmonton, AB, Canada",3,CA$74.76,Debit
PN-02669,2026-09-04,13:48:59,2026-09-05,15:37:03,Delivered to Customer,Jackson Clark,"T5H, Edmonton, AB, Canada",1,CA$27.57,Credit Card
PN-02670,2026-09-04,14:02:08,2026-09-05,13:43:28,Delivered to Customer,Dang Khanh,"T5R, Edmonton, AB, Canada",1,CA$33.63,Credit Card
PN-02671,2026-09-04,14:35:45,2026-09-05,15:13:16,Delivered to Customer,Do Yen,"T6E, Edmonton, AB, Canada",1,CA$33.44,E-transfer
PN-02672,2026-09-04,15:09:16,2026-09-08,14:57:34,Delivered to Customer,Bui Trung,"T5A, Edmonton, AB, Canada",2,CA$111.81,Credit Card
PN-02673,2026-09-04,15:11:14,2026-09-06,15:32:44,Delivered to Customer,Sofia Campbell,"T5J, Edmonton, AB, Canada",3,CA$97.47,Debit
PN-02674,2026-09-04,15:42:44,2026-09-08,15:14:40,Delivered to Customer,Ethan Smith,"T6H, Edmonton, AB, Canada",1,CA$35.53,Debit
PN-02675,2026-09-04,16:09:04,2026-09-09,12:28:06,Delivered to Customer,Nathan Bell,"T5G, Edmonton, AB, Canada",1,CA$42.00,E-transfer
PN-02676,2026-09-04,16:22:28,2026-09-11,08:34:40,Delivered to Customer,Avery Walker,"T5W, Edmonton, AB, Canada",1,CA$27.82,E-transfer
PN-02677,2026-09-04,17:12:39,2026-09-09,13:30:38,Delivered to Customer,Harper Wright,"T5K, Edmonton, AB, Canada",1,CA$53.95,Credit Card
PN-02678,2026-09-04,17:21:51,2026-09-04,20:34:01,Picked up at Shop,Sofia Collins,"T6G, Edmonton, AB, Canada",1,CA$45.53,Credit Card
PN-02679,2026-09-04,18:21:05,2026-09-08,15:45:58,Delivered to Customer,James Roberts,"T5C, Edmonton, AB, Canada",1,CA$53.83,Debit
PN-02680,2026-09-04,19:23:00,2026-09-11,11:27:21,Picked up at Shop,Bui Nam,"T6G, Edmonton, AB, Canada",1,CA$42.41,Credit Card
PN-02681,2026-09-04,19:59:11,2026-09-06,14:36:38,Delivered to Customer,Isabella Parker,"T5E, Edmonton, AB, Canada",1,CA$22.14,Credit Card
PN-02682,2026-09-05,08:37:55,2026-09-09,17:28:45,Picked up at Shop,Ngo Trung,"T5H, Edmonton, AB, Canada",4,CA$130.82,E-transfer
PN-02683,2026-09-05,08:54:17,2026-09-11,17:08:09,Delivered to Customer,Jack Cook,"T5X, Edmonton, AB, Canada",1,CA$24.58,Credit Card
PN-02684,2026-09-05,09:25:49,2026-09-08,12:17:41,Delivered to Customer,Daniel Walker,"T5E, Edmonton, AB, Canada",3,CA$98.99,Debit
PN-02685,2026-09-05,11:26:07,2026-09-11,17:09:30,Delivered to Customer,Sebastian Brown,"T5J, Edmonton, AB, Canada",1,CA$42.48,Credit Card
PN-02686,2026-09-05,11:37:27,2026-09-11,13:51:27,Delivered to Customer,Olivia Wilson,"T5J, Edmonton, AB, Canada",1,CA$24.13,Debit
PN-02687,2026-09-05,11:57:53,2026-09-10,13:19:21,Picked up at Shop,Alexander Brown,"T5J, Edmonton, AB, Canada",1,CA$31.61,Credit Card
PN-02688,2026-09-05,12:56:17,2026-09-12,13:41:44,Delivered to Customer,Abigail Lewis,"T6C, Edmonton, AB, Canada",1,CA$33.30,Credit Card
PN-02689,2026-09-05,13:44:27,2026-09-12,08:43:59,Picked up at Shop,Phan Phuong,"T6G, Edmonton, AB, Canada",4,CA$98.64,Credit Card
PN-02690,2026-09-05,14:24:24,2026-09-06,18:40:34,Picked up at Shop,Ava Thompson,"T6C, Edmonton, AB, Canada",1,CA$31.52,Debit
PN-02691,2026-09-05,14:26:12,2026-09-10,15:02:01,Delivered to Customer,Duong Kim,"T6P, Edmonton, AB, Canada",1,CA$25.45,Credit Card
PN-02692,2026-09-05,14:39:23,2026-09-11,10:43:43,Picked up at Shop,Bui Thao,"T6E, Edmonton, AB, Canada",3,CA$95.58,Credit Card
PN-02693,2026-09-05,14:52:19,2026-09-11,20:00:10,Delivered to Customer,Emily Walker,"T5W, Edmonton, AB, Canada",4,CA$221.22,Credit Card
PN-02694,2026-09-05,15:03:57,2026-09-10,08:31:59,Delivered to Customer,Lucas Taylor,"T6E, Edmonton, AB, Canada",1,CA$23.94,E-transfer
PN-02695,2026-09-05,15:21:50,2026-09-07,10:48:14,Delivered to Customer,Sebastian Green,"T5X, Edmonton, AB, Canada",1,CA$33.76,E-transfer
PN-02696,2026-09-05,16:53:40,2026-09-12,11:41:49,Delivered to Customer,Hoang Xuan,"T5V, Edmonton, AB, Canada",1,CA$32.57,E-transfer
PN-02697,2026-09-05,18:02:08,2026-09-12,15:44:41,Picked up at Shop,Noah Baker,"T6X, Edmonton, AB, Canada",3,CA$163.78,Debit
PN-02698,2026-09-05,18:07:28,2026-09-11,13:30:09,Picked up at Shop,Grace Young,"T5R, Edmonton, AB, Canada",1,CA$30.06,Credit Card
PN-02699,2026-09-05,18:48:08,2026-09-06,08:01:02,Delivered to Customer,Evelyn Baker,"T6W, Edmonton, AB, Canada",1,CA$25.42,Credit Card
PN-02700,2026-09-05,19:44:34,2026-09-09,15:08:27,Delivered to Customer,Ly Dung,"T6V, Edmonton, AB, Canada",2,CA$49.09,Credit Card
PN-02701,2026-09-06,08:10:00,2026-09-11,15:41:23,Delivered to Customer,William Phillips,"T6A, Edmonton, AB, Canada",2,CA$83.37,Debit
PN-02702,2026-09-06,09:00:04,2026-09-11,17:07:41,Delivered to Customer,Evelyn Young,"T6P, Edmonton, AB, Canada",1,CA$32.80,Credit Card
PN-02703,2026-09-06,09:02:11,2026-09-06,16:34:50,Picked up at Shop,Vu Xuan,"T5T, Edmonton, AB, Canada",1,CA$27.60,Debit
PN-02704,2026-09-06,09:26:45,2026-09-10,12:54:20,Delivered to Customer,Henry Thompson,"T6G, Edmonton, AB, Canada",1,CA$34.76,Credit Card
PN-02705,2026-09-06,09:33:00,2026-09-10,13:42:32,Delivered to Customer,Ly Viet,"T5G, Edmonton, AB, Canada",1,CA$35.83,Credit Card
PN-02706,2026-09-06,10:23:52,2026-09-06,17:07:56,Picked up at Shop,David Phillips,"T6T, Edmonton, AB, Canada",2,CA$67.60,Credit Card
PN-02707,2026-09-06,10:28:23,2026-09-09,13:11:28,Delivered to Customer,Charlotte White,"T5B, Edmonton, AB, Canada",1,CA$20.61,Debit
PN-02708,2026-09-06,13:13:44,2026-09-06,17:52:38,Picked up at Shop,Vu Nga,"T5N, Edmonton, AB, Canada",1,CA$31.97,Debit
PN-02709,2026-09-06,13:40:00,2026-09-09,10:53:53,Delivered to Customer,Sophia Bell,"T5T, Edmonton, AB, Canada",1,CA$20.07,Debit
PN-02710,2026-09-06,14:02:28,2026-09-09,11:32:58,Delivered to Customer,Victoria Harris,"T5H, Edmonton, AB, Canada",1,CA$19.63,Credit Card
PN-02711,2026-09-06,14:12:52,2026-09-11,18:36:20,Delivered to Customer,Avery Murray,"T6H, Edmonton, AB, Canada",4,CA$220.17,Credit Card
PN-02712,2026-09-06,15:16:24,2026-09-09,17:12:13,Delivered to Customer,Victoria King,"T5J, Edmonton, AB, Canada",1,CA$34.90,Credit Card
PN-02713,2026-09-06,15:33:18,2026-09-12,18:27:47,Delivered to Customer,Jackson Taylor,"T6G, Edmonton, AB, Canada",2,CA$86.72,Credit Card
PN-02714,2026-09-06,16:09:07,2026-09-12,11:19:42,Delivered to Customer,Nathan Stewart,"T5J, Edmonton, AB, Canada",1,CA$16.75,Credit Card
PN-02715,2026-09-06,18:02:35,2026-09-06,23:57:24,Picked up at Shop,Nguyen Bao,"T6N, Edmonton, AB, Canada",3,CA$126.30,Debit
PN-02716,2026-09-06,19:43:21,2026-09-08,14:36:58,Picked up at Shop,Ly Linh,"T5S, Edmonton, AB, Canada",2,CA$83.07,E-transfer
PN-02717,2026-09-07,08:05:18,2026-09-14,10:20:12,Delivered to Customer,Emily Clark,"T5S, Edmonton, AB, Canada",2,CA$48.95,E-transfer
PN-02718,2026-09-07,08:24:54,2026-09-07,16:30:23,Delivered to Customer,Sophia Campbell,"T6K, Edmonton, AB, Canada",1,CA$31.61,Cash
PN-02719,2026-09-07,08:46:45,2026-09-08,10:42:17,Delivered to Customer,Elizabeth Lewis,"T5P, Edmonton, AB, Canada",1,CA$30.04,Debit
PN-02720,2026-09-07,08:55:09,2026-09-09,11:49:31,Delivered to Customer,Emily Edwards,"T6K, Edmonton, AB, Canada",1,CA$33.17,Credit Card
PN-02721,2026-09-07,09:28:23,2026-09-14,19:57:34,Delivered to Customer,Pham Binh,"T6S, Edmonton, AB, Canada",1,CA$32.72,E-transfer
PN-02722,2026-09-07,10:23:33,2026-09-14,16:22:37,Delivered to Customer,Do Kim,"T5B, Edmonton, AB, Canada",3,CA$98.84,Debit
PN-02723,2026-09-07,10:47:48,2026-09-13,17:46:21,Delivered to Customer,Vo An,"T6A, Edmonton, AB, Canada",1,CA$25.92,Credit Card
PN-02724,2026-09-07,11:02:11,2026-09-13,08:44:19,Delivered to Customer,Sebastian Phillips,"T5Y, Edmonton, AB, Canada",3,CA$97.53,Credit Card
PN-02725,2026-09-07,11:11:44,2026-09-11,15:00:27,Delivered to Customer,Benjamin Wright,"T6E, Edmonton, AB, Canada",1,CA$27.23,Cash
PN-02726,2026-09-07,11:58:38,2026-09-09,15:07:19,Picked up at Shop,Sofia Martin,"T6H, Edmonton, AB, Canada",3,CA$75.10,E-transfer
PN-02727,2026-09-07,12:12:09,2026-09-10,17:20:13,Picked up at Shop,Mia Murray,"T5M, Edmonton, AB, Canada",3,CA$94.42,E-transfer
PN-02728,2026-09-07,13:06:57,2026-09-13,09:09:37,Delivered to Customer,Elizabeth Thompson,"T6J, Edmonton, AB, Canada",1,CA$21.05,Credit Card
PN-02729,2026-09-07,13:45:01,2026-09-08,13:27:54,Picked up at Shop,Tran Hai,"T6G, Edmonton, AB, Canada",1,CA$43.84,Debit
PN-02730,2026-09-07,14:35:26,2026-09-14,15:38:27,Picked up at Shop,Dang Kim,"T5C, Edmonton, AB, Canada",1,CA$34.04,Debit
PN-02731,2026-09-07,14:45:08,2026-09-11,09:55:09,Delivered to Customer,Grace King,"T5J, Edmonton, AB, Canada",1,CA$33.10,Debit
PN-02732,2026-09-07,14:47:19,2026-09-14,10:54:36,Delivered to Customer,Benjamin Scott,"T6A, Edmonton, AB, Canada",1,CA$35.92,Cash
PN-02733,2026-09-07,14:55:49,2026-09-13,18:16:58,Delivered to Customer,Amelia Smith,"T6L, Edmonton, AB, Canada",3,CA$96.64,E-transfer
PN-02734,2026-09-07,16:01:35,2026-09-11,14:31:52,Delivered to Customer,Liam Thompson,"T6C, Edmonton, AB, Canada",1,CA$45.65,Credit Card
PN-02735,2026-09-07,16:04:02,2026-09-09,14:53:20,Delivered to Customer,Nathan Anderson,"T6E, Edmonton, AB, Canada",1,CA$54.10,Credit Card
PN-02736,2026-09-07,16:38:32,2026-09-13,13:19:38,Picked up at Shop,James Wright,"T5C, Edmonton, AB, Canada",1,CA$25.41,Debit
PN-02737,2026-09-07,16:50:44,2026-09-09,11:42:06,Delivered to Customer,Alexander Morrison,"T6W, Edmonton, AB, Canada",1,CA$27.29,E-transfer
PN-02738,2026-09-07,17:03:12,2026-09-08,09:23:06,Delivered to Customer,Vu Hanh,"T6C, Edmonton, AB, Canada",2,CA$39.42,Debit
PN-02739,2026-09-07,17:31:55,2026-09-11,11:38:16,Delivered to Customer,Le Bao,"T6G, Edmonton, AB, Canada",2,CA$67.45,Credit Card
PN-02740,2026-09-07,18:30:14,2026-09-08,15:55:45,Picked up at Shop,Huynh Mai,"T6B, Edmonton, AB, Canada",1,CA$19.74,E-transfer
PN-02741,2026-09-07,19:23:45,2026-09-13,15:27:52,Picked up at Shop,Dang Nam,"T6K, Edmonton, AB, Canada",1,CA$35.23,Credit Card
PN-02742,2026-09-08,08:20:43,2026-09-09,14:30:48,Delivered to Customer,Vo Phuong,"T6V, Edmonton, AB, Canada",1,CA$40.30,E-transfer
PN-02743,2026-09-08,08:31:31,2026-09-13,14:22:35,Delivered to Customer,Emma Scott,"T5N, Edmonton, AB, Canada",1,CA$33.54,Debit
PN-02744,2026-09-08,09:55:30,2026-09-15,08:11:18,Picked up at Shop,Tran Thao,"T5J, Edmonton, AB, Canada",1,CA$45.19,Credit Card
PN-02745,2026-09-08,09:56:56,2026-09-13,10:11:49,Delivered to Customer,Dang Phong,"T5B, Edmonton, AB, Canada",1,CA$17.62,E-transfer
PN-02746,2026-09-08,10:00:33,2026-09-13,11:55:32,Picked up at Shop,Do Giang,"T5M, Edmonton, AB, Canada",1,CA$21.17,Cash
PN-02747,2026-09-08,11:06:01,2026-09-11,16:53:08,Picked up at Shop,Ryan Morrison,"T5J, Edmonton, AB, Canada",1,CA$26.07,Credit Card
PN-02748,2026-09-08,12:12:19,2026-09-10,20:15:39,Picked up at Shop,Jackson Scott,"T5K, Edmonton, AB, Canada",1,CA$31.09,Credit Card
PN-02749,2026-09-08,12:54:07,2026-09-08,15:02:08,Delivered to Customer,Matthew Morrison,"T5A, Edmonton, AB, Canada",1,CA$21.79,E-transfer
PN-02750,2026-09-08,13:42:04,2026-09-09,15:57:23,Picked up at Shop,Alexander Clark,"T6N, Edmonton, AB, Canada",1,CA$25.03,Credit Card
PN-02751,2026-09-08,14:19:37,2026-09-15,18:15:07,Delivered to Customer,Abigail Harris,"T5S, Edmonton, AB, Canada",2,CA$35.41,Debit
PN-02752,2026-09-08,14:24:11,2026-09-09,14:51:47,Delivered to Customer,Jack Mitchell,"T6S, Edmonton, AB, Canada",1,CA$17.18,Credit Card
PN-02753,2026-09-08,14:44:44,2026-09-08,14:58:12,Delivered to Customer,Bui Anh,"T5W, Edmonton, AB, Canada",1,CA$44.69,Credit Card
PN-02754,2026-09-08,14:58:50,2026-09-12,09:02:30,Picked up at Shop,Nathan Evans,"T5K, Edmonton, AB, Canada",2,CA$66.49,Debit
PN-02755,2026-09-08,15:35:24,2026-09-15,18:48:10,Picked up at Shop,Grace Stewart,"T5W, Edmonton, AB, Canada",1,CA$32.20,Debit
PN-02756,2026-09-08,15:39:04,2026-09-10,15:26:09,Picked up at Shop,William Parker,"T6X, Edmonton, AB, Canada",1,CA$16.51,Credit Card
PN-02757,2026-09-08,16:14:08,2026-09-10,11:01:49,Delivered to Customer,Pham Linh,"T6S, Edmonton, AB, Canada",1,CA$57.54,E-transfer
PN-02758,2026-09-08,16:35:04,2026-09-14,11:13:47,Delivered to Customer,Duong Xuan,"T5M, Edmonton, AB, Canada",1,CA$35.17,Debit
PN-02759,2026-09-08,17:39:38,2026-09-13,14:59:37,Delivered to Customer,Lucas Harris,"T5R, Edmonton, AB, Canada",2,CA$113.21,Credit Card
PN-02760,2026-09-08,18:13:28,2026-09-13,16:28:44,Picked up at Shop,Ryan Evans,"T6E, Edmonton, AB, Canada",1,CA$19.76,E-transfer
PN-02761,2026-09-08,18:14:26,2026-09-10,16:34:56,Picked up at Shop,Sofia Scott,"T5S, Edmonton, AB, Canada",2,CA$37.39,Debit
PN-02762,2026-09-08,18:52:20,2026-09-09,13:13:33,Delivered to Customer,Ho Chi,"T6P, Edmonton, AB, Canada",1,CA$33.91,Debit
PN-02763,2026-09-08,21:26:25,2026-09-12,13:24:42,Picked up at Shop,Hoang Ngoc,"T5J, Edmonton, AB, Canada",1,CA$36.00,Credit Card
PN-02764,2026-09-09,08:06:13,2026-09-13,15:44:11,Delivered to Customer,Ryan Martin,"T5Y, Edmonton, AB, Canada",1,CA$33.80,Credit Card
PN-02765,2026-09-09,09:30:04,2026-09-14,11:26:58,Delivered to Customer,Samuel Evans,"T5N, Edmonton, AB, Canada",1,CA$23.01,Debit
PN-02766,2026-09-09,13:10:46,2026-09-09,23:09:48,Picked up at Shop,Nathan Evans,"T5Z, Edmonton, AB, Canada",1,CA$21.38,Credit Card
PN-02767,2026-09-09,13:50:09,2026-09-13,10:38:47,Delivered to Customer,Sebastian Johnson,"T6E, Edmonton, AB, Canada",4,CA$129.05,Credit Card
PN-02768,2026-09-09,14:33:26,2026-09-13,14:13:51,Picked up at Shop,Pham Thao,"T5K, Edmonton, AB, Canada",2,CA$64.97,Credit Card
PN-02769,2026-09-09,15:42:06,2026-09-15,20:13:55,Delivered to Customer,Ava Anderson,"T5S, Edmonton, AB, Canada",1,CA$41.40,E-transfer
PN-02770,2026-09-09,17:26:50,2026-09-12,18:30:36,Picked up at Shop,Ho Thanh,"T5W, Edmonton, AB, Canada",1,CA$16.73,Cash
PN-02771,2026-09-09,18:23:25,2026-09-09,18:59:19,Picked up at Shop,Ella Green,"T5C, Edmonton, AB, Canada",1,CA$34.16,Credit Card
PN-02772,2026-09-09,19:13:30,2026-09-10,15:10:24,Delivered to Customer,Daniel Evans,"T5J, Edmonton, AB, Canada",1,CA$30.64,Credit Card
PN-02773,2026-09-10,08:22:28,2026-09-11,08:19:11,Picked up at Shop,Ryan Mitchell,"T5H, Edmonton, AB, Canada",1,CA$43.20,Debit
PN-02774,2026-09-10,08:49:32,2026-09-12,16:01:26,Delivered to Customer,James Evans,"T6J, Edmonton, AB, Canada",2,CA$48.38,Debit
PN-02775,2026-09-10,09:22:32,2026-09-11,17:06:59,Delivered to Customer,Ava Stewart,"T5N, Edmonton, AB, Canada",2,CA$82.39,Credit Card
PN-02776,2026-09-10,09:40:25,2026-09-12,14:09:12,Delivered to Customer,Phan Nga,"T6T, Edmonton, AB, Canada",1,CA$43.92,Debit
PN-02777,2026-09-10,10:12:48,2026-09-11,15:04:55,Picked up at Shop,Ho Hoa,"T6K, Edmonton, AB, Canada",1,CA$27.61,Credit Card
PN-02778,2026-09-10,10:28:43,2026-09-17,11:10:02,Picked up at Shop,Tran Vy,"T6T, Edmonton, AB, Canada",1,CA$45.38,Debit
PN-02779,2026-09-10,11:42:05,2026-09-15,15:23:01,Delivered to Customer,Lucas Parker,"T6G, Edmonton, AB, Canada",4,CA$75.06,Debit
PN-02780,2026-09-10,13:15:16,2026-09-16,20:07:31,Delivered to Customer,Jackson Anderson,"T6C, Edmonton, AB, Canada",3,CA$53.33,Credit Card
PN-02781,2026-09-10,13:51:22,2026-09-16,13:55:59,Delivered to Customer,Benjamin Baker,"T6W, Edmonton, AB, Canada",1,CA$21.05,Credit Card
PN-02782,2026-09-10,14:24:50,2026-09-16,14:26:21,Delivered to Customer,Amelia Evans,"T5K, Edmonton, AB, Canada",4,CA$220.17,Credit Card
PN-02783,2026-09-10,15:34:40,2026-09-13,10:55:32,Delivered to Customer,Dang Khanh,"T5A, Edmonton, AB, Canada",2,CA$62.26,Debit
PN-02784,2026-09-10,15:58:32,2026-09-16,11:33:15,Picked up at Shop,Do An,"T6V, Edmonton, AB, Canada",2,CA$47.53,Debit
PN-02785,2026-09-10,16:51:34,2026-09-15,16:45:43,Picked up at Shop,Elizabeth Baker,"T5P, Edmonton, AB, Canada",1,CA$34.58,E-transfer
PN-02786,2026-09-10,18:28:39,2026-09-10,19:45:22,Delivered to Customer,Ho Cuong,"T6G, Edmonton, AB, Canada",1,CA$53.04,Cash
PN-02787,2026-09-10,21:26:27,2026-09-11,12:54:31,Picked up at Shop,Bui Lan,"T6P, Edmonton, AB, Canada",2,CA$110.34,E-transfer
PN-02788,2026-09-11,08:28:56,2026-09-18,10:17:25,Delivered to Customer,Mia Harris,"T5S, Edmonton, AB, Canada",3,CA$95.70,Credit Card
PN-02789,2026-09-11,10:03:53,2026-09-17,09:22:27,Delivered to Customer,Ethan Murphy,"T6A, Edmonton, AB, Canada",1,CA$16.02,E-transfer
PN-02790,2026-09-11,11:14:30,2026-09-18,15:14:24,Picked up at Shop,Dang Son,"T5A, Edmonton, AB, Canada",1,CA$26.71,Debit
PN-02791,2026-09-11,12:00:53,2026-09-18,14:07:43,Picked up at Shop,Evelyn Roberts,"T5K, Edmonton, AB, Canada",2,CA$48.21,Credit Card
PN-02792,2026-09-11,12:13:32,2026-09-11,13:07:52,Delivered to Customer,Liam Collins,"T5W, Edmonton, AB, Canada",1,CA$35.84,Credit Card
PN-02793,2026-09-11,12:30:51,2026-09-15,17:08:37,Delivered to Customer,William Brown,"T6T, Edmonton, AB, Canada",1,CA$35.64,Credit Card
PN-02794,2026-09-11,14:13:24,2026-09-11,23:43:03,Delivered to Customer,Daniel Edwards,"T5J, Edmonton, AB, Canada",2,CA$48.64,Credit Card
PN-02795,2026-09-11,14:37:49,2026-09-11,22:25:12,Delivered to Customer,Huynh Bao,"T5T, Edmonton, AB, Canada",3,CA$94.48,Credit Card
PN-02796,2026-09-11,14:41:03,2026-09-12,17:28:26,Delivered to Customer,Nguyen Vy,"T6J, Edmonton, AB, Canada",3,CA$95.60,Credit Card
PN-02797,2026-09-11,14:46:39,2026-09-17,14:39:02,Delivered to Customer,Ethan Clark,"T5L, Edmonton, AB, Canada",1,CA$31.27,E-transfer
PN-02798,2026-09-11,14:47:43,2026-09-17,20:39:40,Picked up at Shop,Huynh Xuan,"T5B, Edmonton, AB, Canada",1,CA$27.71,Credit Card
PN-02799,2026-09-11,14:48:12,2026-09-11,21:46:18,Delivered to Customer,Ngo Quan,"T5A, Edmonton, AB, Canada",1,CA$42.29,Credit Card
PN-02800,2026-09-11,16:43:38,2026-09-11,21:46:47,Delivered to Customer,Ava Campbell,"T6E, Edmonton, AB, Canada",4,CA$221.48,Credit Card
PN-02801,2026-09-11,16:48:48,2026-09-18,19:37:56,Delivered to Customer,Emma Harris,"T5H, Edmonton, AB, Canada",1,CA$40.64,Credit Card
PN-02802,2026-09-11,16:51:19,2026-09-13,09:20:43,Delivered to Customer,Huynh Trung,"T5Z, Edmonton, AB, Canada",1,CA$33.22,E-transfer
PN-02803,2026-09-11,17:31:08,2026-09-11,20:41:41,Delivered to Customer,Zoey Brown,"T6K, Edmonton, AB, Canada",1,CA$18.60,Credit Card
PN-02804,2026-09-11,18:11:32,2026-09-11,23:07:09,Delivered to Customer,Dang Binh,"T6G, Edmonton, AB, Canada",1,CA$34.75,Debit
PN-02805,2026-09-11,20:56:04,2026-09-12,10:47:01,Delivered to Customer,Sophia Stewart,"T5J, Edmonton, AB, Canada",1,CA$35.83,Cash
PN-02806,2026-09-11,22:51:35,2026-09-16,12:59:45,Delivered to Customer,Samuel Thompson,"T6M, Edmonton, AB, Canada",1,CA$32.60,Credit Card
PN-02807,2026-09-12,08:23:11,2026-09-16,14:59:40,Delivered to Customer,Sofia Murphy,"T5B, Edmonton, AB, Canada",1,CA$56.75,Debit
PN-02808,2026-09-12,09:37:06,2026-09-14,20:47:26,Delivered to Customer,Henry Clark,"T6V, Edmonton, AB, Canada",3,CA$94.26,Debit
PN-02809,2026-09-12,09:41:21,2026-09-13,08:20:26,Delivered to Customer,Pham Yen,"T5J, Edmonton, AB, Canada",1,CA$27.36,Credit Card
PN-02810,2026-09-12,11:23:55,2026-09-15,09:09:36,Picked up at Shop,Ethan Wilson,"T5P, Edmonton, AB, Canada",2,CA$36.13,Debit
PN-02811,2026-09-12,11:25:25,2026-09-13,11:00:10,Picked up at Shop,Vu Mai,"T5Y, Edmonton, AB, Canada",1,CA$31.29,Credit Card
PN-02812,2026-09-12,12:13:36,2026-09-12,13:27:12,Delivered to Customer,Vo Thao,"T5T, Edmonton, AB, Canada",1,CA$42.89,Credit Card
PN-02813,2026-09-12,12:37:44,2026-09-18,12:47:35,Delivered to Customer,Pham Linh,"T5C, Edmonton, AB, Canada",3,CA$72.67,Credit Card
PN-02814,2026-09-12,13:35:00,2026-09-19,18:46:22,Delivered to Customer,Bui Cuong,"T6B, Edmonton, AB, Canada",1,CA$27.42,E-transfer
PN-02815,2026-09-12,13:43:36,2026-09-13,10:41:06,Picked up at Shop,Abigail Lewis,"T5A, Edmonton, AB, Canada",1,CA$30.11,Debit
PN-02816,2026-09-12,14:04:15,2026-09-16,14:07:19,Delivered to Customer,Grace Martin,"T5A, Edmonton, AB, Canada",3,CA$55.18,Credit Card
PN-02817,2026-09-12,14:10:11,2026-09-16,16:57:04,Delivered to Customer,Isabella Baker,"T6E, Edmonton, AB, Canada",1,CA$33.33,Cash
PN-02818,2026-09-12,14:37:27,2026-09-18,16:44:24,Delivered to Customer,Chloe Stewart,"T5K, Edmonton, AB, Canada",2,CA$82.47,Debit
PN-02819,2026-09-12,15:49:55,2026-09-13,15:33:05,Delivered to Customer,Benjamin Walker,"T5H, Edmonton, AB, Canada",4,CA$94.04,Credit Card
PN-02820,2026-09-12,15:50:09,2026-09-15,14:05:25,Delivered to Customer,Samuel Lewis,"T5W, Edmonton, AB, Canada",1,CA$32.44,Cash
PN-02821,2026-09-12,16:02:29,2026-09-15,16:56:14,Picked up at Shop,Isabella Clark,"T5P, Edmonton, AB, Canada",2,CA$82.62,Credit Card
PN-02822,2026-09-12,16:07:20,2026-09-17,18:11:23,Picked up at Shop,Olivia Lewis,"T5J, Edmonton, AB, Canada",1,CA$16.31,Credit Card
PN-02823,2026-09-12,16:25:44,2026-09-16,11:04:58,Picked up at Shop,Owen Turner,"T5J, Edmonton, AB, Canada",1,CA$27.96,Credit Card
PN-02824,2026-09-12,16:47:15,2026-09-18,19:33:32,Delivered to Customer,Nguyen Van,"T5M, Edmonton, AB, Canada",1,CA$31.04,Credit Card
PN-02825,2026-09-12,17:38:12,2026-09-15,11:28:39,Picked up at Shop,Chloe Roberts,"T6N, Edmonton, AB, Canada",1,CA$58.97,Cash
PN-02826,2026-09-12,18:06:22,2026-09-14,20:50:28,Picked up at Shop,Michael Collins,"T5L, Edmonton, AB, Canada",1,CA$26.97,Credit Card
PN-02827,2026-09-12,20:14:44,2026-09-14,13:15:49,Delivered to Customer,Daniel Cook,"T5B, Edmonton, AB, Canada",2,CA$36.59,E-transfer
PN-02828,2026-09-12,22:43:34,2026-09-14,14:44:24,Delivered to Customer,Vo Hanh,"T5E, Edmonton, AB, Canada",4,CA$99.90,E-transfer
PN-02829,2026-09-13,08:44:35,2026-09-13,13:23:28,Delivered to Customer,Huynh Chi,"T6X, Edmonton, AB, Canada",1,CA$23.71,Credit Card
PN-02830,2026-09-13,11:39:30,2026-09-18,15:25:11,Delivered to Customer,Ethan Collins,"T5V, Edmonton, AB, Canada",1,CA$26.81,Cash
PN-02831,2026-09-13,12:03:55,2026-09-20,15:26:48,Delivered to Customer,Matthew Anderson,"T5V, Edmonton, AB, Canada",1,CA$33.49,Credit Card
PN-02832,2026-09-13,12:24:22,2026-09-20,14:18:04,Picked up at Shop,Harper King,"T6T, Edmonton, AB, Canada",1,CA$54.46,Credit Card
PN-02833,2026-09-13,13:09:33,2026-09-18,13:55:32,Delivered to Customer,Ly Nga,"T5E, Edmonton, AB, Canada",1,CA$33.38,Debit
PN-02834,2026-09-13,15:38:08,2026-09-17,15:21:32,Delivered to Customer,Phan Nga,"T5T, Edmonton, AB, Canada",1,CA$31.00,Cash
PN-02835,2026-09-13,15:50:11,2026-09-19,16:17:20,Delivered to Customer,Elizabeth Murphy,"T5P, Edmonton, AB, Canada",1,CA$57.87,Credit Card
PN-02836,2026-09-13,16:23:37,2026-09-18,14:50:37,Delivered to Customer,Sebastian Martin,"T5W, Edmonton, AB, Canada",3,CA$72.47,Cash
PN-02837,2026-09-13,16:47:12,2026-09-17,20:32:52,Picked up at Shop,Phan Son,"T6E, Edmonton, AB, Canada",1,CA$27.35,Debit
PN-02838,2026-09-13,18:15:31,2026-09-13,22:55:25,Picked up at Shop,Pham An,"T5H, Edmonton, AB, Canada",2,CA$38.95,Credit Card
PN-02839,2026-09-13,19:33:29,2026-09-13,23:30:08,Delivered to Customer,Grace Young,"T5N, Edmonton, AB, Canada",1,CA$16.77,Credit Card
PN-02840,2026-09-13,19:48:03,2026-09-15,14:43:30,Picked up at Shop,Lucas Carter,"T6N, Edmonton, AB, Canada",1,CA$55.24,Credit Card
PN-02841,2026-09-13,20:13:45,2026-09-18,10:13:40,Delivered to Customer,Nguyen Son,"T5S, Edmonton, AB, Canada",2,CA$84.37,E-transfer
PN-02842,2026-09-13,20:16:09,2026-09-18,15:20:30,Delivered to Customer,Evelyn Thompson,"T5J, Edmonton, AB, Canada",1,CA$44.48,E-transfer
PN-02843,2026-09-13,21:08:41,2026-09-14,08:43:55,Delivered to Customer,Le Nga,"T5A, Edmonton, AB, Canada",1,CA$31.76,Debit
PN-02844,2026-09-13,22:41:11,2026-09-19,19:38:29,Picked up at Shop,Le Linh,"T5K, Edmonton, AB, Canada",2,CA$86.90,E-transfer
PN-02845,2026-09-14,08:17:18,2026-09-21,13:50:23,Delivered to Customer,Elizabeth Walker,"T6E, Edmonton, AB, Canada",4,CA$96.24,Credit Card
PN-02846,2026-09-14,08:58:33,2026-09-16,17:52:40,Delivered to Customer,Jack Turner,"T5A, Edmonton, AB, Canada",1,CA$35.13,Debit
PN-02847,2026-09-14,09:08:21,2026-09-15,08:33:35,Delivered to Customer,Nguyen Thao,"T5B, Edmonton, AB, Canada",1,CA$24.67,Credit Card
PN-02848,2026-09-14,09:41:29,2026-09-16,13:51:47,Delivered to Customer,Alexander Edwards,"T5N, Edmonton, AB, Canada",2,CA$50.45,Debit
PN-02849,2026-09-14,10:19:39,2026-09-14,21:15:44,Picked up at Shop,Phan Giang,"T5S, Edmonton, AB, Canada",1,CA$27.96,Debit
PN-02850,2026-09-14,11:03:14,2026-09-19,16:38:01,Picked up at Shop,Matthew Turner,"T5A, Edmonton, AB, Canada",2,CA$84.91,E-transfer
PN-02851,2026-09-14,11:21:59,2026-09-14,18:18:47,Picked up at Shop,Emily Edwards,"T6K, Edmonton, AB, Canada",4,CA$94.44,Debit
PN-02852,2026-09-14,12:06:30,2026-09-15,10:50:03,Delivered to Customer,Ly Phong,"T5E, Edmonton, AB, Canada",1,CA$32.17,Debit
PN-02853,2026-09-14,12:09:28,2026-09-17,14:08:17,Picked up at Shop,Henry Stewart,"T5J, Edmonton, AB, Canada",1,CA$26.68,Debit
PN-02854,2026-09-14,12:29:44,2026-09-15,08:51:08,Delivered to Customer,Matthew Scott,"T5S, Edmonton, AB, Canada",3,CA$97.75,Debit
PN-02855,2026-09-14,12:38:02,2026-09-18,16:33:08,Delivered to Customer,Sebastian Green,"T6T, Edmonton, AB, Canada",1,CA$24.92,Cash
PN-02856,2026-09-14,13:25:19,2026-09-20,20:53:32,Delivered to Customer,Zoey Smith,"T5G, Edmonton, AB, Canada",1,CA$25.39,Credit Card
PN-02857,2026-09-14,13:28:55,2026-09-18,18:20:37,Delivered to Customer,David Baker,"T5N, Edmonton, AB, Canada",2,CA$83.56,Credit Card
PN-02858,2026-09-14,14:48:59,2026-09-21,18:03:28,Delivered to Customer,Bui Ngoc,"T5E, Edmonton, AB, Canada",1,CA$18.00,Credit Card
PN-02859,2026-09-14,15:20:35,2026-09-16,11:03:29,Delivered to Customer,Vu Lan,"T6R, Edmonton, AB, Canada",1,CA$18.69,Credit Card
PN-02860,2026-09-14,15:26:20,2026-09-14,17:31:04,Delivered to Customer,Zoey Thompson,"T5S, Edmonton, AB, Canada",1,CA$32.23,Credit Card
PN-02861,2026-09-14,15:44:44,2026-09-21,13:00:57,Picked up at Shop,Sophia Walker,"T5M, Edmonton, AB, Canada",1,CA$26.82,Debit
PN-02862,2026-09-14,15:51:54,2026-09-19,08:53:39,Picked up at Shop,Ella Campbell,"T6A, Edmonton, AB, Canada",2,CA$82.55,E-transfer
PN-02863,2026-09-14,17:07:34,2026-09-21,19:04:33,Delivered to Customer,Avery Bell,"T5B, Edmonton, AB, Canada",1,CA$23.36,Debit
PN-02864,2026-09-14,17:38:15,2026-09-17,14:00:12,Delivered to Customer,Isabella Campbell,"T5S, Edmonton, AB, Canada",1,CA$22.16,Credit Card
PN-02865,2026-09-14,17:44:46,2026-09-20,12:23:51,Picked up at Shop,Avery Johnson,"T6A, Edmonton, AB, Canada",1,CA$27.78,Cash
PN-02866,2026-09-14,17:45:09,2026-09-18,19:18:06,Delivered to Customer,Elizabeth Clark,"T5J, Edmonton, AB, Canada",1,CA$16.46,Credit Card
PN-02867,2026-09-14,17:52:38,2026-09-17,13:57:16,Picked up at Shop,Nguyen Binh,"T6B, Edmonton, AB, Canada",1,CA$42.13,E-transfer
PN-02868,2026-09-14,18:21:51,2026-09-19,19:25:33,Delivered to Customer,Olivia Brown,"T6R, Edmonton, AB, Canada",1,CA$41.13,Cash
PN-02869,2026-09-14,18:35:26,2026-09-19,15:08:51,Delivered to Customer,James Mitchell,"T5P, Edmonton, AB, Canada",1,CA$34.17,Credit Card
PN-02870,2026-09-14,20:06:55,2026-09-20,08:05:41,Picked up at Shop,Victoria Walker,"T6B, Edmonton, AB, Canada",1,CA$42.62,E-transfer
PN-02871,2026-09-15,08:18:08,2026-09-19,13:57:09,Delivered to Customer,Harper Mitchell,"T5C, Edmonton, AB, Canada",3,CA$57.21,Debit
PN-02872,2026-09-15,09:53:33,2026-09-17,19:58:45,Picked up at Shop,Ngo Linh,"T5J, Edmonton, AB, Canada",1,CA$30.38,Debit
PN-02873,2026-09-15,10:19:28,2026-09-21,10:56:15,Picked up at Shop,Jackson White,"T5K, Edmonton, AB, Canada",1,CA$26.21,E-transfer
PN-02874,2026-09-15,11:05:08,2026-09-19,13:52:42,Picked up at Shop,Vo Kim,"T5C, Edmonton, AB, Canada",1,CA$26.05,Credit Card
PN-02875,2026-09-15,11:25:29,2026-09-17,15:45:32,Picked up at Shop,Dang Trang,"T6H, Edmonton, AB, Canada",4,CA$98.89,Credit Card
PN-02876,2026-09-15,12:01:54,2026-09-17,11:52:27,Delivered to Customer,Jack Smith,"T5G, Edmonton, AB, Canada",4,CA$74.55,Cash
PN-02877,2026-09-15,13:17:32,2026-09-19,19:45:29,Picked up at Shop,Alexander Scott,"T6A, Edmonton, AB, Canada",1,CA$22.53,E-transfer
PN-02878,2026-09-15,13:22:35,2026-09-20,19:34:56,Picked up at Shop,Noah Carter,"T5S, Edmonton, AB, Canada",1,CA$26.27,Credit Card
PN-02879,2026-09-15,14:27:48,2026-09-15,21:46:22,Delivered to Customer,Jack Martin,"T6G, Edmonton, AB, Canada",3,CA$98.63,Credit Card
PN-02880,2026-09-15,14:58:08,2026-09-21,15:09:21,Delivered to Customer,Pham Anh,"T5H, Edmonton, AB, Canada",1,CA$26.58,Cash
PN-02881,2026-09-15,15:03:10,2026-09-19,19:35:01,Picked up at Shop,Nguyen Dung,"T5M, Edmonton, AB, Canada",1,CA$57.53,Credit Card
PN-02882,2026-09-15,15:12:45,2026-09-20,10:59:59,Delivered to Customer,Ryan Wright,"T5J, Edmonton, AB, Canada",2,CA$65.49,E-transfer
PN-02883,2026-09-15,15:44:49,2026-09-18,14:48:40,Delivered to Customer,Huynh Hanh,"T6G, Edmonton, AB, Canada",3,CA$98.61,Credit Card
PN-02884,2026-09-15,16:48:50,2026-09-20,09:59:46,Picked up at Shop,Grace Campbell,"T5N, Edmonton, AB, Canada",1,CA$44.40,Credit Card
PN-02885,2026-09-15,17:35:14,2026-09-18,17:38:15,Delivered to Customer,Henry Anderson,"T5J, Edmonton, AB, Canada",2,CA$37.24,Credit Card
PN-02886,2026-09-15,18:44:28,2026-09-21,08:35:28,Delivered to Customer,Nguyen Vy,"T6J, Edmonton, AB, Canada",1,CA$43.06,Debit
PN-02887,2026-09-15,18:59:30,2026-09-18,20:35:38,Delivered to Customer,Samuel Bell,"T5T, Edmonton, AB, Canada",2,CA$66.39,E-transfer
PN-02888,2026-09-15,19:38:31,2026-09-19,15:21:55,Delivered to Customer,Elizabeth Stewart,"T5J, Edmonton, AB, Canada",1,CA$22.60,Debit
PN-02889,2026-09-15,19:46:05,2026-09-21,12:21:03,Picked up at Shop,Olivia White,"T5J, Edmonton, AB, Canada",1,CA$58.44,Credit Card
PN-02890,2026-09-15,19:49:30,2026-09-21,17:50:57,Delivered to Customer,Duong Linh,"T5K, Edmonton, AB, Canada",1,CA$23.56,Debit
PN-02891,2026-09-15,20:18:23,2026-09-21,16:10:02,Delivered to Customer,Harper Green,"T5J, Edmonton, AB, Canada",1,CA$33.44,Credit Card
PN-02892,2026-09-16,11:37:11,2026-09-16,13:49:08,Delivered to Customer,Phan Huong,"T5E, Edmonton, AB, Canada",1,CA$33.89,Debit
PN-02893,2026-09-16,13:08:22,2026-09-20,14:59:08,Picked up at Shop,Ho Kim,"T5R, Edmonton, AB, Canada",1,CA$16.18,Debit
PN-02894,2026-09-16,13:23:44,2026-09-19,12:26:23,Delivered to Customer,Liam Murray,"T6E, Edmonton, AB, Canada",3,CA$167.57,Credit Card
PN-02895,2026-09-16,13:36:49,2026-09-16,14:59:00,Picked up at Shop,Vu Quynh,"T5J, Edmonton, AB, Canada",1,CA$30.28,E-transfer
PN-02896,2026-09-16,14:20:50,2026-09-21,17:18:04,Picked up at Shop,Elizabeth Green,"T5K, Edmonton, AB, Canada",1,CA$26.82,Credit Card
PN-02897,2026-09-16,15:08:22,2026-09-19,17:13:08,Picked up at Shop,Vo Hai,"T5E, Edmonton, AB, Canada",1,CA$18.36,Credit Card
PN-02898,2026-09-16,15:09:44,2026-09-19,16:31:58,Delivered to Customer,David Clark,"T5J, Edmonton, AB, Canada",1,CA$16.36,Credit Card
PN-02899,2026-09-16,15:10:46,2026-09-16,19:45:54,Picked up at Shop,Chloe Brown,"T5W, Edmonton, AB, Canada",1,CA$34.41,Cash
PN-02900,2026-09-16,15:25:20,2026-09-20,08:27:47,Delivered to Customer,Owen Phillips,"T5C, Edmonton, AB, Canada",1,CA$26.39,Credit Card
PN-02901,2026-09-16,15:30:45,2026-09-21,16:55:46,Delivered to Customer,Michael Murphy,"T6R, Edmonton, AB, Canada",4,CA$166.12,Debit
PN-02902,2026-09-16,16:31:39,2026-09-19,14:33:18,Delivered to Customer,Abigail Clark,"T5K, Edmonton, AB, Canada",1,CA$17.89,Credit Card
PN-02903,2026-09-16,16:58:51,2026-09-20,08:56:13,Delivered to Customer,Chloe Lewis,"T5J, Edmonton, AB, Canada",1,CA$16.14,Credit Card
PN-02904,2026-09-16,18:07:08,2026-09-21,12:22:12,Picked up at Shop,Jack Baker,"T6B, Edmonton, AB, Canada",1,CA$25.17,Credit Card
PN-02905,2026-09-16,18:08:21,2026-09-17,16:30:54,Picked up at Shop,Charlotte Taylor,"T5K, Edmonton, AB, Canada",2,CA$62.54,Cash
PN-02906,2026-09-16,19:46:50,2026-09-18,20:43:15,Picked up at Shop,Noah Scott,"T5L, Edmonton, AB, Canada",4,CA$171.93,Credit Card
PN-02907,2026-09-16,20:00:48,2026-09-21,13:56:44,Delivered to Customer,Do Thanh,"T5J, Edmonton, AB, Canada",1,CA$40.36,E-transfer
PN-02908,2026-09-16,20:50:26,2026-09-21,16:06:08,Delivered to Customer,Nathan Martin,"T5J, Edmonton, AB, Canada",1,CA$21.90,Debit
PN-02909,2026-09-17,08:38:59,2026-09-21,13:26:57,Delivered to Customer,Do Minh,"T5J, Edmonton, AB, Canada",1,CA$23.21,Debit
PN-02910,2026-09-17,10:43:41,2026-09-18,17:00:59,Delivered to Customer,Jack Green,"T5B, Edmonton, AB, Canada",2,CA$47.74,E-transfer
PN-02911,2026-09-17,11:00:00,2026-09-21,16:55:38,Picked up at Shop,Victoria Roberts,"T5K, Edmonton, AB, Canada",1,CA$55.06,Credit Card
PN-02912,2026-09-17,11:16:30,2026-09-21,18:53:36,Picked up at Shop,Ella King,"T5S, Edmonton, AB, Canada",1,CA$19.76,Credit Card
PN-02913,2026-09-17,11:46:50,2026-09-20,12:46:10,Picked up at Shop,Ella Johnson,"T6G, Edmonton, AB, Canada",1,CA$19.69,Debit
PN-02914,2026-09-17,12:46:12,2026-09-17,20:46:41,Picked up at Shop,Emily Martin,"T5N, Edmonton, AB, Canada",3,CA$97.79,Credit Card
PN-02915,2026-09-17,12:58:15,2026-09-20,17:58:31,Delivered to Customer,Sofia Anderson,"T5V, Edmonton, AB, Canada",1,CA$56.65,Debit
PN-02916,2026-09-17,13:20:24,2026-09-20,15:14:51,Picked up at Shop,William Turner,"T6G, Edmonton, AB, Canada",2,CA$65.48,E-transfer
PN-02917,2026-09-17,13:43:27,2026-09-17,21:37:57,Delivered to Customer,Grace Wilson,"T5T, Edmonton, AB, Canada",2,CA$46.32,E-transfer
PN-02918,2026-09-17,13:44:22,2026-09-20,20:34:03,Delivered to Customer,Phan Yen,"T6R, Edmonton, AB, Canada",1,CA$32.44,Credit Card
PN-02919,2026-09-17,13:45:05,2026-09-17,23:15:35,Delivered to Customer,Alexander Baker,"T5E, Edmonton, AB, Canada",1,CA$30.56,Credit Card
PN-02920,2026-09-17,13:54:10,2026-09-21,15:09:06,Picked up at Shop,Evelyn Wright,"T5J, Edmonton, AB, Canada",1,CA$30.78,Debit
PN-02921,2026-09-17,14:18:35,2026-09-19,12:19:33,Delivered to Customer,Lucas Roberts,"T6G, Edmonton, AB, Canada",1,CA$33.54,Debit
PN-02922,2026-09-17,14:26:38,2026-09-21,16:16:33,Picked up at Shop,Avery Morrison,"T6N, Edmonton, AB, Canada",1,CA$41.12,Debit
PN-02923,2026-09-17,14:28:20,2026-09-19,10:35:58,Delivered to Customer,Amelia Green,"T5J, Edmonton, AB, Canada",2,CA$67.85,Cash
PN-02924,2026-09-17,15:35:46,2026-09-21,08:58:29,Delivered to Customer,Isabella Campbell,"T5A, Edmonton, AB, Canada",1,CA$31.99,Cash
PN-02925,2026-09-17,15:42:01,2026-09-21,13:23:04,Delivered to Customer,Hoang Viet,"T5T, Edmonton, AB, Canada",1,CA$34.27,E-transfer
PN-02926,2026-09-17,15:42:59,2026-09-17,21:24:40,Delivered to Customer,Avery Scott,"T5S, Edmonton, AB, Canada",2,CA$110.91,Credit Card
PN-02927,2026-09-17,15:53:48,2026-09-21,13:33:19,Delivered to Customer,Alexander Thompson,"T5K, Edmonton, AB, Canada",1,CA$34.64,Credit Card
PN-02928,2026-09-17,16:15:05,2026-09-21,09:55:50,Delivered to Customer,Hoang Linh,"T6C, Edmonton, AB, Canada",2,CA$62.71,E-transfer
PN-02929,2026-09-17,16:23:59,2026-09-20,13:56:23,Picked up at Shop,Ly Mai,"T5V, Edmonton, AB, Canada",1,CA$26.84,Credit Card
PN-02930,2026-09-17,16:24:31,2026-09-18,16:43:49,Delivered to Customer,Le Phuong,"T6H, Edmonton, AB, Canada",1,CA$35.64,Credit Card
PN-02931,2026-09-17,16:43:45,2026-09-21,14:18:35,Picked up at Shop,Sophia White,"T5C, Edmonton, AB, Canada",1,CA$45.88,Debit
PN-02932,2026-09-17,16:53:08,2026-09-21,11:21:12,Picked up at Shop,Samuel Martin,"T5S, Edmonton, AB, Canada",1,CA$35.46,Credit Card
PN-02933,2026-09-17,17:18:44,2026-09-17,23:17:34,Delivered to Customer,Chloe Clark,"T6G, Edmonton, AB, Canada",1,CA$41.57,Credit Card
PN-02934,2026-09-17,17:34:26,2026-09-21,17:20:35,Picked up at Shop,Vu Phong,"T5B, Edmonton, AB, Canada",1,CA$43.84,Debit
PN-02935,2026-09-18,10:10:50,2026-09-20,08:15:35,Picked up at Shop,Huynh Kim,"T5J, Edmonton, AB, Canada",1,CA$19.48,Credit Card
PN-02936,2026-09-18,10:32:14,2026-09-19,13:55:33,Picked up at Shop,Emma Wright,"T5J, Edmonton, AB, Canada",1,CA$25.23,Debit
PN-02937,2026-09-18,11:09:36,2026-09-21,18:40:10,Picked up at Shop,Benjamin Taylor,"T6P, Edmonton, AB, Canada",4,CA$70.42,E-transfer
PN-02938,2026-09-18,11:14:07,2026-09-19,10:57:48,Delivered to Customer,Mia Young,"T6L, Edmonton, AB, Canada",1,CA$25.89,Credit Card
PN-02939,2026-09-18,12:00:10,2026-09-21,14:44:04,Picked up at Shop,Noah Edwards,"T5J, Edmonton, AB, Canada",2,CA$84.73,Credit Card
PN-02940,2026-09-18,12:27:19,2026-09-20,17:53:52,Picked up at Shop,Hoang Viet,"T5B, Edmonton, AB, Canada",1,CA$41.43,Debit
PN-02941,2026-09-18,13:06:02,2026-09-21,15:57:40,Picked up at Shop,Michael Mitchell,"T6J, Edmonton, AB, Canada",1,CA$34.63,Cash
PN-02942,2026-09-18,14:25:06,2026-09-21,18:23:23,Picked up at Shop,Owen Harris,"T6M, Edmonton, AB, Canada",1,CA$25.93,Debit
PN-02943,2026-09-18,14:48:52,2026-09-19,15:38:01,Delivered to Customer,Ethan Murphy,"T6J, Edmonton, AB, Canada",1,CA$33.52,Credit Card
PN-02944,2026-09-18,15:13:48,2026-09-18,22:24:59,Picked up at Shop,David Campbell,"T5J, Edmonton, AB, Canada",1,CA$25.95,Debit
PN-02945,2026-09-18,15:14:59,2026-09-20,13:29:38,Picked up at Shop,Sophia Green,"T5T, Edmonton, AB, Canada",1,CA$34.86,Debit
PN-02946,2026-09-18,16:02:38,2026-09-19,12:17:21,Picked up at Shop,Ly Hai,"T5M, Edmonton, AB, Canada",1,CA$21.21,Credit Card
PN-02947,2026-09-18,16:39:31,2026-09-21,14:22:47,Delivered to Customer,Ly Quynh,"T6X, Edmonton, AB, Canada",2,CA$65.97,Credit Card
PN-02948,2026-09-18,17:08:26,2026-09-18,17:52:19,Delivered to Customer,Henry Mitchell,"T5C, Edmonton, AB, Canada",2,CA$65.70,Credit Card
PN-02949,2026-09-18,18:07:12,2026-09-21,17:01:44,Picked up at Shop,Nguyen An,"T6G, Edmonton, AB, Canada",2,CA$62.77,Credit Card
PN-02950,2026-09-18,18:56:49,2026-09-20,11:17:45,Delivered to Customer,Evelyn Morrison,"T5S, Edmonton, AB, Canada",1,CA$55.07,Debit
PN-02951,2026-09-18,19:18:38,2026-09-18,22:53:21,Picked up at Shop,Isabella Campbell,"T5V, Edmonton, AB, Canada",2,CA$39.63,Cash
PN-02952,2026-09-18,19:38:40,2026-09-21,11:53:18,Delivered to Customer,Owen Evans,"T6E, Edmonton, AB, Canada",3,CA$56.12,Credit Card
PN-02953,2026-09-18,20:54:30,2026-09-21,08:08:42,Delivered to Customer,Pham Dung,"T5J, Edmonton, AB, Canada",2,CA$47.60,Credit Card
PN-02954,2026-09-19,09:57:05,2026-09-20,08:56:49,Delivered to Customer,Mia Walker,"T5J, Edmonton, AB, Canada",2,CA$67.25,Credit Card
PN-02955,2026-09-19,11:44:05,2026-09-21,14:49:52,Delivered to Customer,Lucas Cook,"T6K, Edmonton, AB, Canada",1,CA$55.16,Credit Card
PN-02956,2026-09-19,13:23:04,2026-09-21,12:20:24,Picked up at Shop,Jack Evans,"T6E, Edmonton, AB, Canada",3,CA$95.01,Credit Card
PN-02957,2026-09-19,13:29:48,2026-09-21,17:07:14,Delivered to Customer,Bui Cuong,"T6E, Edmonton, AB, Canada",1,CA$23.50,Credit Card
PN-02958,2026-09-19,14:06:51,2026-09-21,16:40:32,Delivered to Customer,Evelyn Thompson,"T5V, Edmonton, AB, Canada",1,CA$20.00,Credit Card
PN-02959,2026-09-19,15:25:11,2026-09-21,16:30:02,Delivered to Customer,Sophia Anderson,"T5H, Edmonton, AB, Canada",1,CA$31.19,Debit
PN-02960,2026-09-19,15:55:03,2026-09-21,12:36:17,Delivered to Customer,Sophia Walker,"T6E, Edmonton, AB, Canada",3,CA$70.46,Debit
PN-02961,2026-09-19,16:05:51,2026-09-21,11:54:56,Delivered to Customer,Nguyen Khanh,"T5W, Edmonton, AB, Canada",1,CA$32.76,E-transfer
PN-02962,2026-09-19,17:35:52,2026-09-21,09:34:39,Picked up at Shop,Nathan Roberts,"T5N, Edmonton, AB, Canada",1,CA$54.34,Credit Card
PN-02963,2026-09-19,17:49:19,2026-09-21,19:30:16,Picked up at Shop,Dang Quan,"T5A, Edmonton, AB, Canada",3,CA$95.27,Credit Card
PN-02964,2026-09-19,22:36:30,2026-09-20,10:44:59,Delivered to Customer,Owen Evans,"T5T, Edmonton, AB, Canada",2,CA$62.33,Credit Card
PN-02965,2026-09-20,08:22:12,2026-09-21,18:50:39,Delivered to Customer,Le Nga,"T6H, Edmonton, AB, Canada",2,CA$62.17,Credit Card
PN-02966,2026-09-20,09:53:34,2026-09-21,16:23:20,Picked up at Shop,Noah White,"T6P, Edmonton, AB, Canada",4,CA$131.58,E-transfer
PN-02967,2026-09-20,10:19:35,2026-09-21,17:34:48,Picked up at Shop,Victoria Mitchell,"T5A, Edmonton, AB, Canada",2,CA$35.02,Credit Card
PN-02968,2026-09-20,12:36:08,2026-09-21,18:28:55,Delivered to Customer,Alexander Carter,"T5M, Edmonton, AB, Canada",1,CA$23.42,Cash
PN-02969,2026-09-20,12:54:33,2026-09-21,15:20:37,Picked up at Shop,Do Thu,"T5J, Edmonton, AB, Canada",2,CA$47.92,Credit Card
PN-02970,2026-09-20,13:36:19,2026-09-21,15:51:44,Delivered to Customer,Matthew Martin,"T6P, Edmonton, AB, Canada",1,CA$20.93,Credit Card
PN-02971,2026-09-20,15:09:51,2026-09-21,08:44:03,Delivered to Customer,Vo Chi,"T6G, Edmonton, AB, Canada",2,CA$36.28,Cash
PN-02972,2026-09-20,15:33:57,2026-09-21,09:17:13,Delivered to Customer,Emma Lewis,"T5R, Edmonton, AB, Canada",3,CA$129.82,Credit Card
PN-02973,2026-09-20,15:49:29,2026-09-21,18:25:17,Delivered to Customer,Lucas Murphy,"T5J, Edmonton, AB, Canada",1,CA$24.16,Debit
PN-02974,2026-09-20,15:59:20,2026-09-21,13:46:14,Picked up at Shop,Sophia Morrison,"T6G, Edmonton, AB, Canada",1,CA$25.04,Credit Card
PN-02975,2026-09-20,18:57:19,2026-09-21,19:34:23,Delivered to Customer,Hoang Van,"T6J, Edmonton, AB, Canada",1,CA$23.01,Credit Card
PN-02976,2026-09-20,20:41:17,2026-09-21,20:51:52,Picked up at Shop,Ho Giang,"T6V, Edmonton, AB, Canada",4,CA$126.03,Credit Card
PN-02977,2026-09-21,08:32:55,2026-09-21,17:09:52,Delivered to Customer,Charlotte Green,"T5J, Edmonton, AB, Canada",1,CA$42.51,Cash
PN-02978,2026-09-21,08:54:36,2026-09-21,12:53:45,Delivered to Customer,Sebastian Wright,"T5G, Edmonton, AB, Canada",1,CA$20.62,Debit
PN-02979,2026-09-21,11:38:16,2026-09-21,22:47:19,Delivered to Customer,Nathan Evans,"T5M, Edmonton, AB, Canada",1,CA$44.30,Credit Card
PN-02980,2026-09-21,12:29:09,2026-09-21,16:10:17,Picked up at Shop,Hoang Huong,"T5P, Edmonton, AB, Canada",1,CA$30.06,Credit Card
PN-02981,2026-09-21,12:36:53,2026-09-21,13:05:32,Delivered to Customer,Emma Roberts,"T5B, Edmonton, AB, Canada",2,CA$47.94,Debit
PN-02982,2026-09-21,13:20:57,2026-09-21,20:35:23,Delivered to Customer,Samuel Murphy,"T6K, Edmonton, AB, Canada",2,CA$62.98,Credit Card
PN-02983,2026-09-21,13:31:28,2026-09-21,14:17:30,Delivered to Customer,Ho Van,"T5V, Edmonton, AB, Canada",1,CA$44.96,E-transfer
PN-02984,2026-09-21,13:43:54,2026-09-21,15:33:56,Picked up at Shop,Vu Bao,"T5M, Edmonton, AB, Canada",2,CA$82.55,Credit Card
PN-02985,2026-09-21,13:50:06,2026-09-21,14:44:05,Picked up at Shop,Ho Khanh,"T6G, Edmonton, AB, Canada",1,CA$24.47,E-transfer
PN-02986,2026-09-21,13:50:40,2026-09-21,18:45:07,Delivered to Customer,Evelyn Roberts,"T5T, Edmonton, AB, Canada",1,CA$40.94,Credit Card
PN-02987,2026-09-21,14:02:32,2026-09-21,16:44:55,Delivered to Customer,Tran An,"T5J, Edmonton, AB, Canada",1,CA$27.63,Credit Card
PN-02988,2026-09-21,14:14:57,2026-09-21,19:04:09,Picked up at Shop,Ly Vy,"T6G, Edmonton, AB, Canada",3,CA$74.55,Debit
PN-02989,2026-09-21,14:20:15,2026-09-21,16:27:35,Picked up at Shop,Sofia Lewis,"T5M, Edmonton, AB, Canada",3,CA$95.65,Debit
PN-02990,2026-09-21,14:52:25,2026-09-21,20:04:41,Delivered to Customer,Zoey Stewart,"T5C, Edmonton, AB, Canada",3,CA$70.41,Credit Card
PN-02991,2026-09-21,15:34:18,2026-09-21,15:34:27,Picked up at Shop,Tran Huong,"T6E, Edmonton, AB, Canada",3,CA$70.77,E-transfer
PN-02992,2026-09-21,15:49:52,2026-09-21,22:23:49,Picked up at Shop,Mia Parker,"T5J, Edmonton, AB, Canada",2,CA$109.19,Credit Card
PN-02993,2026-09-21,15:52:51,2026-09-21,18:32:03,Delivered to Customer,Chloe Morrison,"T5W, Edmonton, AB, Canada",2,CA$50.36,Credit Card
PN-02994,2026-09-21,15:57:12,2026-09-21,17:43:18,Picked up at Shop,Vo Mai,"T6G, Edmonton, AB, Canada",1,CA$22.96,Debit
PN-02995,2026-09-21,16:50:10,2026-09-21,18:37:39,Delivered to Customer,Charlotte Cook,"T6S, Edmonton, AB, Canada",1,CA$31.30,Debit
PN-02996,2026-09-21,16:52:50,2026-09-21,20:22:59,Delivered to Customer,Samuel Baker,"T6P, Edmonton, AB, Canada",2,CA$38.31,Credit Card
PN-02997,2026-09-21,16:59:08,2026-09-21,19:42:36,Delivered to Customer,Huynh Quynh,"T5M, Edmonton, AB, Canada",1,CA$42.33,Debit
PN-02998,2026-09-21,18:49:37,2026-09-21,20:53:26,Picked up at Shop,Emily Brown,"T6E, Edmonton, AB, Canada",3,CA$97.68,Credit Card
PN-02999,2026-09-21,19:12:09,2026-09-21,21:44:10,Delivered to Customer,Matthew King,"T5K, Edmonton, AB, Canada",1,CA$35.66,Credit Card
PN-03000,2026-09-21,19:47:59,2026-09-21,23:07:42,Picked up at Shop,Liam Roberts,"T6E, Edmonton, AB, Canada",1,CA$31.61,Debit
